seq,name,road_address,jibun_address,pnu,extra_lots,lat,lng,as_of
231,성화어패럴,"전북특별자치도 전주시 덕진구 기린대로 548, 2층(덕진동2가, GM대우)",전북특별자치도 전주시 덕진구 덕진동2가 206-8 GM대우 2층,5211310600102060008,0,,,2026-07-10
236,리싸이클베이,전북특별자치도 전주시 덕진구 기린대로 868-40 (여의동2가),전북특별자치도 전주시 덕진구 여의동2가 438-2,5211313900104380002,0,35.8644476,127.0918254,2026-07-10
293,(주)바이오리올로직스,"전북특별자치도 전주시 덕진구 만성북로 51-25, 2025,2026호 (만성동, 스페이스온 지식산업센터) 2025,2026호","전북특별자치도 전주시 덕진구 만성동 1345-3 스페이스온 지식산업센터 2025,2026호 2025,2026호",5211313100113450003,0,35.8490529,127.0826311,2026-07-10
301,(주)태양디스플레이,"전북특별자치도 전주시 덕진구 만성북로 51-25, 3층 3105~3106호 (만성동, 스페이스온 지식산업센터) 3층 3105~3106호",전북특별자치도 전주시 덕진구 만성동 1345-3 스페이스온 지식산업센터 3층 3105~3106호 3층 3105~3106호,5211313100113450003,0,35.8490529,127.0826311,2026-07-10
320,(주)나무,"전북특별자치도 전주시 덕진구 만성중앙로 54-33, 301~302호 (만성동)",전북특별자치도 전주시 덕진구 만성동 1262-1 301~302호,5211313100112620001,0,35.8418918,127.0772622,2026-07-10
360,(유)누리미르정보통신,"전북특별자치도 전주시 덕진구 백제대로 676, 거목빌딩2층 (금암동)",전북특별자치도 전주시 덕진구 금암동 1597-34번지,5211310700115970034,0,35.8434682,127.1432862,2026-07-10
368,와이피(YP)푸드,"전북특별자치도 전주시 덕진구 번영로 302, 1층, 제2동 (성덕동)","전북특별자치도 전주시 덕진구 성덕동 157-1 1층, 제2동",5211312600101570001,0,35.8765134,127.0401851,2026-07-10
371,서전주서비스,전북특별자치도 전주시 덕진구 비석날로 131(팔복동2가),전북특별자치도 전주시 덕진구 팔복동2가 633-1,5211310900106330001,0,35.8626510,127.0841512,2026-07-10
436,(주)캠스텍,전북특별자치도 전주시 덕진구 상리로 1 (팔복동2가),전북특별자치도 전주시덕진구 팔복동2가 177-5번지,5211310900101770005,0,35.8490398,127.1018543,2026-07-10
438,청수계기,전북특별자치도 전주시 덕진구 상리로 30 (팔복동2가),전북특별자치도 전주시 덕진구 팔복동2가 165-1번지,5211310900101650001,0,35.8511153,127.1035578,2026-07-10
524,호반함석 보온공사,전북특별자치도 전주시 덕진구 신복천변1길 11 (팔복동1가),전북특별자치도 전주시 덕진구 팔복동1가 174-0,5211310800101740000,0,35.8565212,127.1089937,2026-07-10
565,전진산업,전북특별자치도 전주시 덕진구 신흥안길 17(고랑동) 외 1필지,전북특별자치도 전주시 덕진구 고랑동 319-1 외 1필지,5211312900103190001,1,35.8763804,127.0942940,2026-07-10
571,길다움,"전북특별자치도 전주시 덕진구 신흥안길 39-20, 2동 (고랑동)",전북특별자치도 전주시 덕진구 고랑동 11-52 2동,5211312900100110052,0,35.8753783,127.0955709,2026-07-10
575,(주)영림테크,전북특별자치도 전주시 덕진구 신흥안길 39-29 (고랑동),전북특별자치도 전주시 덕진구 고랑동 11-39,5211312900100110039,0,35.8762102,127.0964576,2026-07-10
576,원우테크,전북특별자치도 전주시 덕진구 신흥안길 39-31 (고랑동),전북특별자치도 전주시 덕진구 고랑동 11-142,5211312900100110142,0,35.8761274,127.0967685,2026-07-10
583,(주)뉴텍,전북특별자치도 전주시 덕진구 신흥안길 55-53 (고랑동),전북특별자치도 전주시 덕진구 고랑동 290-30,5211312900102900030,0,35.8741414,127.0942201,2026-07-10
588,주식회사 호풍,전북특별자치도 전주시 덕진구 신흥안길 55-69 (고랑동),전북특별자치도 전주시 덕진구 고랑동 291-3,5211312900102910003,0,35.8741746,127.0959035,2026-07-10
614,(주)에스더ENG,"전북특별자치도 전주시 덕진구 암실길 8-35, 1동 (반월동)",전북특별자치도 전주시 덕진구 반월동 618-26 1동,5211312300106180026,0,35.8789250,127.0682971,2026-07-10
624,식생토낭산업,전북특별자치도 전주시 덕진구 야전2길 38(팔복동4가),전북특별자치도 전주시 덕진구 팔복동4가 225-27,5211313300102250027,0,35.8612560,127.1051233,2026-07-10
629,오렌지e몰,전북특별자치도 전주시 덕진구 여산로 130-13 (여의동),전북특별자치도 전주시 덕진구 여의동 553-1,5211313000105530001,0,35.8639334,127.0794159,2026-07-10
655,(주)늘솜,전북특별자치도 전주시 덕진구 오신2길 6 (성덕동),전북특별자치도 전주시 덕진구 성덕동 173-14,5211312600101730014,0,35.8834280,127.0357816,2026-07-10
678,(주)아라산전,"전북특별자치도 전주시 덕진구 용신길 26-5, 2동 (반월동)",전북특별자치도 전주시 덕진구 반월동 623-13 2동,5211312300106230013,0,35.8770053,127.0617129,2026-07-10
705,주식회사 강화테크,"전북특별자치도 전주시 덕진구 원동마을길 59, 1동 (원동)",전북특별자치도 전주시 덕진구 원동 775 1동,5211312700107750000,0,35.8575990,127.0333313,2026-07-10
788,(주) 라쉬반코리아,"전북특별자치도 전주시 덕진구 장재안길 10, 1층(우아동3가)",전북특별자치도 전주시 덕진구 우아동3가 550-12 1층,5211311500105500012,0,35.8518291,127.1604644,2026-07-10
812,(주)아라기술,전북특별자치도 전주시 덕진구 전미중앙로 54-13 (전미동2가),전북특별자치도 전주시 덕진구 전미동2가 108-9,5211312000101080009,0,35.8794974,127.1046390,2026-07-10
837,(주)뉴텍바이오,"전북특별자치도 전주시 덕진구 진조리길 65, 2동 (전미동1가)",전북특별자치도 전주시 덕진구 전미동1가 335-2 2동,5211311900103350002,0,35.8944624,127.1182975,2026-07-10
843,마하나임,전북특별자치도 전주시 덕진구 쪽구름2길 23(반월동),전북특별자치도 전주시 덕진구 반월동 230-23,5211312300102300023,0,35.8749011,127.0760126,2026-07-10
900,(주)예진전기,전북특별자치도 전주시 덕진구 추천로 47-21 (팔복동3가),전북특별자치도 전주시 덕진구 팔복동3가 143-3,5211311000101430003,0,35.8442876,127.0991513,2026-07-10
1060,주식회사 클리어창,"전북특별자치도 전주시 완산구 문학대2길 27-7, 1층 (효자동3가)",전북특별자치도 전주시 완산구 효자동3가 1619-6번지 1층,5211114200116190006,0,35.8261180,127.1047031,2026-07-10
1108,두리온메디컬 유한회사,"전북특별자치도 전주시 완산구 아중로 33, 504호 (중노송동, 전주정보문화산업진흥원) 504호",전북특별자치도 전주시 완산구 중노송동 470-4 전주정보문화산업진흥원 504호 504호,5211112000104700004,0,35.8239230,127.1537858,2026-07-10
1223,코오롱스모크사,"전북특별자치도 전주시 완산구 풍남문2길 87, 2층 (전동3가)",전북특별자치도 전주시 완산구 전동3가 148-1 2층,5211111200101480001,0,,,2026-07-10
183,사단법인 대한해외참전 전우회 시온테크 사업소,"전북특별자치도 전주시 덕진구 감수길 30-20, 3동 사단법인 대한해외참전전우회 시온테크사업소(팔복동4가)",전북특별자치도 전주시 덕진구 팔복동4가 170-2 3동 사단법인 대한해외참전전우회 시온테크사업소,5211313300101700002,0,35.8666577,127.1017106,2026-07-10
851,(주)동진테크,전북특별자치도 전주시 덕진구 초당길 60-4 (호성동1가),전북특별자치도 전주시 덕진구 호성동1가 525-21번지,5211311600105250021,0,35.8680252,127.1540180,2026-07-10
270,(주)데코라,전북특별자치도 전주시 덕진구 동부대로 1566 (고랑동),전북특별자치도 전주시 덕진구 고랑동 611-42번지,5211312900106110042,0,35.8782648,127.0775114,2026-07-10
290,(주)바이오룸,"전북특별자치도 전주시 덕진구 만성북로 51-25, (만성동, 스페이스온 지식산업센터) 스페이스온동 3층 3021호",전북특별자치도 전주시 덕진구 만성동 1345-3 스페이스온 지식산업센터 스페이스온동 3층 3021호,5211313100113450003,0,,,2026-07-10
815,탑라이팅,"전북특별자치도 전주시 덕진구 전주천동로 436, 1층 (진북동)",전북특별자치도 전주시 덕진구 진북동 1161-24 1층,5211310200111610024,0,,,2026-07-10
117,주식회사 코앤컴,전북특별자치도 전주시 덕진구 상리2길 13(팔복동2가),전북특별자치도 전주시 덕진구 팔복동2가 294-1,5211310900102940001,0,35.8549318,127.1006600,2026-07-10
181,혜성기업,전북특별자치도 전주시 덕진구 감수길 30-16(팔복동4가),전북특별자치도 전주시 덕진구 팔복동4가 170-3,5211313300101700003,0,,,2026-07-10
572,에이제이금속,전북특별자치도 전주시 덕진구 신흥안길 39-25 (고랑동),전북특별자치도 전주시 덕진구 고랑동 9-13,5211312900100090013,0,,,2026-07-10
499,주식회사 더에스,"전북특별자치도 전주시 덕진구 신복로 18-15, 1동 , 2동 (팔복동1가)","전북특별자치도 전주시 덕진구 팔복동1가 197-43 1동 , 2동",5211310800101970043,0,35.8553132,127.1103995,2026-07-10
298,공간미디어,"전북특별자치도 전주시 덕진구 만성북로 51-25, 3089호(만성동, 스페이스온 지식산업센터) 3089호 외 1필지",전북특별자치도 전주시 덕진구 만성동 1345-3 스페이스온 지식산업센터 3089호 3089호 외 1필지,5211313100113450003,1,,,2026-07-10
203,영림NCT,전북특별자치도 전주시 덕진구 고랑동 286-2번지,전북특별자치도 전주시 덕진구 고랑동 286-2번지,5211312900102860002,0,,,2026-07-10
945,씨비아이주식회사,"전북특별자치도 전주시 덕진구 팔복로 252-9, 공장 B동 (여의동, 엔비오코리아(주))",전북특별자치도 전주시 덕진구 여의동 751-24번지 엔비오코리아(주) 공장 B동,5211313000107510024,0,35.8593870,127.0802944,2026-07-10
784,(유)전주토산품,전북특별자치도 전주시 덕진구 장재길 16 (우아동3가),전북특별자치도 전주시 덕진구 우아동3가 216번지,5211311500102160000,0,35.8474997,127.1651966,2026-07-10
995,사회복지법인 월남참전전우회,"전북특별자치도 전주시 완산구 거마평로 147-11, 지하층 (효자동1가, 삼성효자맨션)",전북특별자치도 전주시 완산구 효자동1가 451번지 삼성효자맨션 지하층,5211114000104510000,0,35.8048622,127.1154103,2026-07-10
561,(주)태평양이엔지,전북특별자치도 전주시 덕진구 신흥마을길 15 (고랑동),전북특별자치도 전주시 덕진구 고랑동 840-21번지,5211312900108400021,0,35.8765045,127.0826884,2026-07-10
971,한일판넬,전북특별자치도 전주시 덕진구 호성동1가 366번지,전북특별자치도 전주시 덕진구 호성동1가 366번지,5211311600103660000,0,35.8707140,127.1583634,2026-07-10
978,에스엠미디어테크,전북특별자치도 전주시 덕진구 호성동3가 104-12번지,전북특별자치도 전주시 덕진구 호성동3가 104-12번지,5211311800101040012,0,35.8977151,127.1347240,2026-07-10
980,(유)우람,전북특별자치도 전주시 덕진구 호성동3가 199-3번지,전북특별자치도 전주시 덕진구 호성동3가 199-3번지,5211311800101990003,0,35.8945815,127.1423461,2026-07-10
1076,대림ENG,전북특별자치도 전주시 완산구 삼천동3가 190-2번지,전북특별자치도 전주시 완산구 삼천동3가 190-2번지,5211113900101900002,0,35.7926866,127.0871486,2026-07-10
450,사단법인 참복지,"전북특별자치도 전주시 덕진구 서당길 37, 1동(용정동)",전북특별자치도 전주시 덕진구 용정동 92-5 1동,5211312500100920005,0,35.8765064,127.0580752,2026-07-10
344,지원엔지니어링,전북특별자치도 전주시 덕진구 반월동 34-1번지 외 1필지,전북특별자치도 전주시 덕진구 반월동 34-1번지 외 1필지,5211312300100340001,1,35.8896763,127.0702178,2026-07-10
435,더자연,전북특별자치도 전주시 덕진구 상리6길 18 (팔복동2가),전북특별자치도 전주시 덕진구 팔복동2가 177-8,5211310900101770008,0,35.8497809,127.1016511,2026-07-10
202,중원종합배관,전북특별자치도 전주시 덕진구 고랑동 1030번지,전북특별자치도 전주시 덕진구 고랑동 1030번지,5211312900110300000,0,35.8907081,127.0786511,2026-07-10
573,해솔시스템,전북특별자치도 전주시 덕진구 신흥안길 39-26 (고랑동),전북특별자치도 전주시 덕진구 고랑동 9-18,5211312900100090018,0,35.8755281,127.0962195,2026-07-10
485,(주)페트로테크,"전북특별자치도 전주시 덕진구 신복로 114, 2동 (팔복동4가)",전북특별자치도 전주시 덕진구 팔복동4가 237-4 2동,5211313300102370004,0,35.8597206,127.1041929,2026-07-10
52,(주)캠스텍,전북특별자치도 전주시 덕진구 상리1길 20(팔복동2가),전북특별자치도 전주시 덕진구 팔복동2가 333-11,5211310900103330011,0,35.8534420,127.1010753,2026-07-10
1096,(유)시대공감,전북특별자치도 전주시 완산구 쑥고개로 196-92 (삼천동3가),전북특별자치도 전주시 완산구 삼천동3가 85-4번지,5211113900100850004,0,,,2026-07-10
190,제일기계,전북특별자치도 전주시 덕진구 감수길 30-72 (팔복동4가),전북특별자치도 전주시덕진구 팔복동4가 960-27번지,5211313300109600027,0,35.8688388,127.1012510,2026-07-10
586,젯트리프트(Z-LIFT),전북특별자치도 전주시 덕진구 신흥안길 55-57 (고랑동),전북특별자치도 전주시 덕진구 고랑동 291-2,5211312900102910002,0,35.8741142,127.0951153,2026-07-10
217,케이제이,전북특별자치도 전주시 덕진구 금상길 176-28 (금상동),전북특별자치도 전주시 덕진구 금상동 1271-10,5211311200112710010,0,35.8486366,127.1881206,2026-07-10
168,주식회사 디센트,전북특별자치도 전주시 덕진구 가소길 11-4(금상동),전북특별자치도 전주시 덕진구 금상동 486,5211311200104860000,0,35.8509561,127.1925919,2026-07-10
804,진농산영농조합법인,전북특별자치도 전주시 덕진구 전미중앙로 185 (전미동2가),전북특별자치도 전주시 덕진구 전미동2가 28-20번지,5211312000100280020,0,35.8853214,127.1163575,2026-07-10
559,(주) 아이숲,전북특별자치도 전주시 덕진구 신흥마을길 143(고랑동),전북특별자치도 전주시 덕진구 고랑동 332-1,5211312900103320001,0,35.8775745,127.0902556,2026-07-10
670,주식회사 마르페케어,"전북특별자치도 전주시 덕진구 용덕길 3-30, 2동(용정동)",용정동 281-35 2동,,0,,,2026-07-10
495,(주)오롯컴퍼니,"전북특별자치도 전주시 덕진구 신복로 18-12, 사무동1층 (팔복동1가)",전북특별자치도 전주시 덕진구 팔복동1가 197-37 사무동1층,5211310800101970037,0,35.8543874,127.1116292,2026-07-10
1222,남양공조시스템,전북특별자치도 전주시 완산구 평화동3가 251-5번지,전북특별자치도 전주시 완산구 평화동3가 251-5번지,5211113400102510005,0,35.7804559,127.1159008,2026-07-10
163,주식회사 에스비텍,"전북특별자치도 전주시 덕진구 팔과정로 20, 1층 102-1호(팔복동3가, 아파트형공장) 1층 102-1호",전북특별자치도 전주시 덕진구 팔복동3가 422 아파트형공장 1층 102-1호 1층 102-1호,5211311000104220000,0,35.8504409,127.0865238,2026-07-10
1179,천년푸드 유한회사,전북특별자치도 전주시 완산구 중인동 600-1번지,전북특별자치도 전주시 완산구 중인동 600-1번지,5211113500106000001,0,35.7693127,127.0978318,2026-07-10
950,호남칠판,"전북특별자치도 전주시 덕진구 편운로 52, A동 (여의동2가)",전북특별자치도 전주시 덕진구 여의동2가 645-3 A동,5211313900106450003,0,35.8728301,127.0813225,2026-07-10
228,(주)제이앤에이치바이오테크,"전북특별자치도 전주시 덕진구 기린대로 418, 13층 1303호(우석대 창업보육센터)(금암동, 전북일보사건물)",전북특별자치도 전주시 덕진구 금암동 710-5 전북일보사건물 13층 1303호(우석대 창업보육센터),5211310700107100005,0,35.8390756,127.1308662,2026-07-10
316,주식회사 로마앤리서치,"전북특별자치도 전주시 덕진구 만성북로 51-25,(만성동, 스페이스온 지식산업센터) 스페이스온동 4층 4049호",전북특별자치도 전주시 덕진구 만성동 1345-3 스페이스온 지식산업센터 스페이스온동 4층 4049호,5211313100113450003,0,35.8490529,127.0826311,2026-07-10
79,바른1호태양광발전소,전북특별자치도 전주시 덕진구 상리1길 51 (팔복동2가),전북특별자치도 전주시 덕진구 팔복동2가 231-4,5211310900102310004,0,35.8517815,127.1027445,2026-07-10
80,바른2호태양광발전소,전북특별자치도 전주시 덕진구 상리1길 51 (팔복동2가),전북특별자치도 전주시 덕진구 팔복동2가 231-4,5211310900102310004,0,35.8517815,127.1027445,2026-07-10
1126,현산업,전북특별자치도 전주시 완산구 우림로 872-41(중인동),전북특별자치도 전주시 완산구 중인동 735-11,5211113500107350011,0,35.7722433,127.0934542,2026-07-10
1125,(유)봉춘식품,전북특별자치도 전주시 완산구 용와길 4-56 (평화동3가),전북특별자치도 전주시 완산구 평화동3가 249-5번지,5211113400102490005,0,35.7795944,127.1134392,2026-07-10
466,하나로냉동,전북특별자치도 전주시 덕진구 수곡길 33-1 (금상동),전북특별자치도 전주시 덕진구 금상동 1284-4,5211311200112840004,0,35.8435381,127.1851402,2026-07-10
963,(주)제이크린베리너리,"전북특별자치도 전주시 덕진구 혁신로 401, 바이오식품 406호,407호 (장동, 전북생물산업진흥원)",전북특별자치도 전주시 덕진구 장동 452-69번지,5211313200104520069,0,35.8515797,127.0606061,2026-07-10
972,비전이앤지,전북특별자치도 전주시 덕진구 호성동1가 440-2번지,전북특별자치도 전주시 덕진구 호성동1가 440-2번지,5211311600104400002,0,35.8731182,127.1542985,2026-07-10
86,삼호1태양광발전소,"전북특별자치도 전주시 덕진구 구렛들1길 28-20, 4동, 11동(건물위)(팔복동1가, 삼호화공기계제작소)","전북특별자치도 전주시 덕진구 팔복동1가 267-7 삼호화공기계제작소 4동, 11동(건물위)",5211310800102670007,0,35.8571115,127.1015298,2026-07-10
87,삼호2태양광발전소,"전북특별자치도 전주시 덕진구 구렛들1길 28-20, 주1 3동, 10동(건물위)(팔복동1가, 삼호화공기계제작소)","전북특별자치도 전주시 덕진구 팔복동1가 267-7 삼호화공기계제작소 주1 3동, 10동(건물위)",5211310800102670007,0,35.8571115,127.1015298,2026-07-10
88,삼호3태양광발전소,"전북특별자치도 전주시 덕진구 구렛들1길 28-20, 주1 11동(건물위)(팔복동1가, 삼호화공기계제작소)",전북특별자치도 전주시 덕진구 팔복동1가 267-7 삼호화공기계제작소 주1 11동(건물위),5211310800102670007,0,35.8571115,127.1015298,2026-07-10
636,(주)하나종합주방설비,"전북특별자치도 전주시 덕진구 여산로 82, 여의동751-1 (여의동)",전북특별자치도 전주시 덕진구 여의동 751-1번지 여의동751-1,5211313000107510001,0,35.8606738,127.0767568,2026-07-10
343,선정아이텍,전북특별자치도 전주시 덕진구 반월동 30-4번지,전북특별자치도 전주시 덕진구 반월동 30-4번지,5211312300100300004,0,35.8887907,127.0737582,2026-07-10
342,조운포장기계,전북특별자치도 전주시 덕진구 반월동 30-3번지,전북특별자치도 전주시 덕진구 반월동 30-3번지,5211312300100300003,0,35.8891511,127.0737531,2026-07-10
462,유광이엔지,전북특별자치도 전주시 덕진구 성덕동 82-1번지 외 2필지,전북특별자치도 전주시 덕진구 성덕동 82-1번지 외 2필지,5211312600100820001,2,35.8757054,127.0420541,2026-07-10
581,동하산업,전북특별자치도 전주시 덕진구 신흥안길 55-21 (고랑동),전북특별자치도 전주시 덕진구 고랑동 290-4번지,5211312900102900004,0,35.8735918,127.0939361,2026-07-10
846,대흥금속,전북특별자치도 전주시 덕진구 쪽구름로 167 (반월동),전북특별자치도 전주시 덕진구 반월동 746-2번지,5211312300107460002,0,35.8736748,127.0669640,2026-07-10
1213,유한회사 오케이냉동상사,전북특별자치도 전주시 완산구 태진로 62 (태평동),전북특별자치도 전주시 완산구 태평동 253-7번지,5211111900102530007,0,35.8264554,127.1370028,2026-07-10
564,(유)해광산업,전북특별자치도 전주시 덕진구 신흥마을길 75-10 (고랑동) 외 1필지,전북특별자치도 전주시 덕진구 고랑동 605-25번지 외 1필지,5211312900106050025,1,35.8775427,127.0844938,2026-07-10
806,이가산업,전북특별자치도 전주시 덕진구 전미중앙로 22-7 (전미동2가),전북특별자치도 전주시 덕진구 전미동2가 1485번지,5211312000114850000,0,35.8799200,127.1007545,2026-07-10
513,(주)천우스틸,"전북특별자치도 전주시 덕진구 신복로 34-5, B동 (팔복동1가)",전북특별자치도 전주시 덕진구 팔복동1가 200-3 B동,5211310800102000003,0,,,2026-07-10
169,강인목재,전북특별자치도 전주시 덕진구 가소길 2 (금상동),전북특별자치도 전주시 덕진구 금상동 1268-3번지,5211311200112680003,0,35.8516121,127.1906102,2026-07-10
563,전주풀,전북특별자치도 전주시 덕진구 신흥마을길 159 (고랑동),전북특별자치도 전주시 덕진구 고랑동 338번지,5211312900103380000,0,35.8781125,127.0921919,2026-07-10
839,(주)더조아,전북특별자치도 전주시 덕진구 진조리길 80 (전미동1가),전북특별자치도 전주시 덕진구 전미동1가 327-5번지,5211311900103270005,0,35.8959348,127.1188656,2026-07-10
1022,진솔,전북특별자치도 전주시 완산구 난전들로 156-66 (평화동3가),전북특별자치도 전주시 완산구 평화동3가 366-5,5211113400103660005,0,35.7820821,127.1249271,2026-07-10
412,주식회사 이디에스,"전북특별자치도 전주시 덕진구 삼례로 9, 45 (반월동)",전북특별자치도 전주시 덕진구 반월동 612-44번지,5211312300106120044,0,35.8785989,127.0758345,2026-07-10
200,멀티테크,전북특별자치도 전주시 덕진구 고내천변로 32-7 (송천동2가) 외 2필지,전북특별자치도 전주시 덕진구 송천동2가 985-0 외 2필지,5211312200109850000,2,35.8721727,127.1046829,2026-07-10
1064,주식회사 상림,전북특별자치도 전주시 완산구 방마길 2 (상림동),전북특별자치도 전주시 완산구 상림동 38-7번지,5211114500100380007,0,35.8239708,127.0810207,2026-07-10
204,한빛공조테크,전북특별자치도 전주시 덕진구 고랑동 332-4번지,전북특별자치도 전주시 덕진구 고랑동 332-4번지,5211312900103320004,0,35.8776940,127.0906426,2026-07-10
341,에코상사,전북특별자치도 전주시 덕진구 반월동 2-1번지 2-2,전북특별자치도 전주시 덕진구 반월동 2-1번지 2-2,5211312300100020001,0,35.8896961,127.0766064,2026-07-10
566,혁신창호,전북특별자치도 전주시 덕진구 신흥안길 31 (고랑동),전북특별자치도 전주시 덕진구 고랑동 316-35,5211312900103160035,0,35.8760351,127.0942725,2026-07-10
1176,(유)가나광고애드컴,전북특별자치도 전주시 완산구 중인1길 43 (중인동),전북특별자치도 전주시 완산구 중인동 227-6번지,5211113500102270006,0,35.7728967,127.1006937,2026-07-10
1238,전일DESIGN,"전북특별자치도 전주시 완산구 호동길 23-3, 주1동 (삼천동3가)",전북특별자치도 전주시 완산구 삼천동3가 559-1 주1동,5211113900105590001,0,35.7919159,127.0835427,2026-07-10
348,일진종합상사,전북특별자치도 전주시 덕진구 반월동 8-2번지,전북특별자치도 전주시 덕진구 반월동 8-2번지,5211312300100080002,0,35.8905679,127.0757930,2026-07-10
946,아리올라이팅,"전북특별자치도 전주시 덕진구 팔복로 252-9, 공장 B동 (여의동, 엔비오코리아(주))",전북특별자치도 전주시 덕진구 여의동 751-24번지 엔비오코리아(주) 공장 B동,5211313000107510024,0,35.8593870,127.0802944,2026-07-10
803,(유)그린테크산업,전북특별자치도 전주시 덕진구 전미중앙로 171 (전미동2가),전북특별자치도 전주시 덕진구 전미동2가 37-31번지,5211312000100370031,0,35.8845227,127.1149568,2026-07-10
294,유한회사 엘리야,"전북특별자치도 전주시 덕진구 만성북로 51-25, 2111호(만성동, 스페이스온 지식산업센터) 2111호",전북특별자치도 전주시 덕진구 만성동 1345-3 스페이스온 지식산업센터 2111호 2111호,5211313100113450003,0,35.8490529,127.0826311,2026-07-10
1131,김씨농장,전북특별자치도 전주시 완산구 원당동 102-1번지,전북특별자치도 전주시 완산구 원당동 102-1번지,5211113100101020001,0,35.7595676,127.1156907,2026-07-10
833,태웅이엔지,전북특별자치도 전주시 덕진구 지행당길 45 (호성동1가),전북특별자치도 전주시 덕진구 호성동1가 201번지,5211311600102010000,0,35.8634354,127.1561687,2026-07-10
828,두현푸드,전북특별자치도 전주시 덕진구 지행당길 128-14 (호성동1가),전북특별자치도 전주시 덕진구 호성동1가 472-10번지,5211311600104720010,0,35.8714919,127.1557247,2026-07-10
1058,농업회사법인(유)청명푸드,전북특별자치도 전주시 완산구 모악산자락길 39 (중인동),전북특별자치도 전주시 완산구 중인동 350-8번지,5211113500103500008,0,35.7689038,127.1020481,2026-07-10
531,대림정공,"전북특별자치도 전주시 덕진구 신복천변1길 31, 2동 (팔복동1가)",전북특별자치도 전주시 덕진구 팔복동1가 204-9 2동,5211310800102040009,0,35.8576265,127.1102176,2026-07-10
903,윤성 ENG,전북특별자치도 전주시 덕진구 추천로 47-35(팔복동3가),전북특별자치도 전주시 덕진구 팔복동3가 33-4,5211311000100330004,0,35.8446298,127.1003361,2026-07-10
442,세기건설산업,전북특별자치도 전주시 덕진구 새논밭길 3 (호성동1가),전북특별자치도 전주시 덕진구 호성동1가 665-3번지,5211311600106650003,0,35.8606945,127.1596496,2026-07-10
302,주식회사 올그라운드,"전북특별자치도 전주시 덕진구 만성북로 51-25, 4091호(만성동, 스페이스온 지식산업센터) 4091호",전북특별자치도 전주시 덕진구 만성동 1345-3 스페이스온 지식산업센터 4091호 4091호,5211313100113450003,0,35.8490529,127.0826311,2026-07-10
1009,호남금속,전북특별자치도 전주시 완산구 구이로 1905-10 (석구동),전북특별자치도 전주시 완산구 석구동 234-17번지,5211113000102340017,0,35.7687976,127.1244916,2026-07-10
550,농업회사법인(주)이삭,"전북특별자치도 전주시 덕진구 신성길 55, (성덕동 173-18) (성덕동)",전북특별자치도 전주시 덕진구 성덕동 173-18번지 (성덕동 173-18),5211312600101730018,0,35.8821179,127.0361583,2026-07-10
389,대영셧터,전북특별자치도 전주시 덕진구 산재마을길 51 (금상동),전북특별자치도 전주시 덕진구 금상동 392-1,5211311200103920001,0,35.8407333,127.1907532,2026-07-10
391,(유)기전이엔지,전북특별자치도 전주시 덕진구 산정동 677-3번지,전북특별자치도 전주시 덕진구 산정동 677-3번지,5211311100106770003,0,35.8390926,127.1712988,2026-07-10
321,청우코팅,전북특별자치도 전주시 덕진구 매봉11길 29 (금암동),전북특별자치도 전주시 덕진구 금암동 1604-27,5211310700116040027,0,35.8408929,127.1444474,2026-07-10
1139,전주특수한지,"전북특별자치도 전주시 완산구 은석길 37-21, 95-3 (색장동)",전북특별자치도 전주시 완산구 색장동 95-3번지,5211114400100950003,0,35.7954546,127.1965098,2026-07-10
446,(주)우존,전북특별자치도 전주시 덕진구 서귀로 183 (여의동),전북특별자치도 전주시 덕진구 여의동 532-1번지,5211313000105320001,0,35.8548857,127.0794185,2026-07-10
686,더 넥스트 푸드,전북특별자치도 전주시 덕진구 용정동 265-28번지 외 1필지,전북특별자치도 전주시 덕진구 용정동 265-28번지 외 1필지,5211312500102650028,1,35.8774432,127.0488634,2026-07-10
795,대성석재,전북특별자치도 전주시 덕진구 전미동2가 91-6번지,전북특별자치도 전주시 덕진구 전미동2가 91-6번지,5211312000100910006,0,35.8842746,127.1064403,2026-07-10
979,영도하우징,전북특별자치도 전주시 덕진구 호성동3가 194-5번지 외 1필지,전북특별자치도 전주시 덕진구 호성동3가 194-5번지 외 1필지,5211311800101940005,1,35.8986206,127.1371873,2026-07-10
988,주은텍스텍,전북특별자치도 전주시 완산구 감나무4길 8 (서신동),전북특별자치도 전주시 완산구 서신동 782-4번지,5211112900107820004,0,35.8316777,127.1218900,2026-07-10
568,주식회사 토힌코리아,"전북특별자치도 전주시 덕진구 신흥안길 39-14, 제2동 (고랑동)",전북특별자치도 전주시 덕진구 고랑동 17-9 제2동,5211312900100170009,0,35.8748799,127.0957706,2026-07-10
770,서인,전북특별자치도 전주시 덕진구 인봉3길 51-1 (인후동1가),전북특별자치도 전주시 덕진구 인후동1가 863-4번지,5211310300108630004,0,35.8292625,127.1589974,2026-07-10
823,주식회사 에이치큐브,전북특별자치도 전주시 덕진구 정여립로 886-1(만성동),전북특별자치도 전주시 덕진구 만성동 836-1,5211313100108360001,0,35.8308488,127.0730939,2026-07-10
416,다소니,전북특별자치도 전주시 덕진구 상리1길 34 (팔복동2가) 희망전북창업보육센터 202호,전북특별자치도 전주시 덕진구 팔복동2가 270-0 희망전북창업보육센터 202호,5211310900102700000,0,35.8521482,127.1006716,2026-07-10
460,주식회사 아이버스,전북특별자치도 전주시 덕진구 성덕동 78-1번지,전북특별자치도 전주시 덕진구 성덕동 78-1번지,5211312600100780001,0,35.8752772,127.0435847,2026-07-10
689,하나하우징,전북특별자치도 전주시 덕진구 용정동 591-5번지,전북특별자치도 전주시 덕진구 용정동 591-5번지,5211312500105910005,0,35.8768933,127.0491296,2026-07-10
939,더원데코,"전북특별자치도 전주시 덕진구 팔복로 251-21, 101호",전북특별자치도 전주시 덕진구 여의동 539-56 101호,5211313000105390056,0,35.8562050,127.0816578,2026-07-10
889,(유)대화중기공업사,전북특별자치도 전주시 덕진구 추천로 25-13 (팔복동3가),전북특별자치도 전주시 덕진구 팔복동3가 64-4번지,5211311000100640004,0,35.8425287,127.1008511,2026-07-10
975,전주탁주,전북특별자치도 전주시 덕진구 호성동1가 525-12번지,전북특별자치도 전주시 덕진구 호성동1가 525-12번지,5211311600105250012,0,35.8691532,127.1542371,2026-07-10
396,(유)에이치케이산업,"전북특별자치도 전주시 덕진구 삼거3길 32-4, 외 4필지 (산정동)",전북특별자치도 전주시덕진구 산정동 247-5 번지 외 4필지,5211311100102470005,4,35.8445205,127.1683363,2026-07-10
71,디에이치테크,전북특별자치도 전주시 덕진구 상리1길 51 (팔복동2가),전북특별자치도 전주시 덕진구 팔복동2가 231-4,5211310900102310004,0,35.8517815,127.1027445,2026-07-10
1055,유비월드,전북특별자치도 전주시 완산구 모악산자락길 290-23 (원당동),전북특별자치도 전주시완산구 원당동 74-8 번지,5211113100100740008,0,35.7547217,127.1217191,2026-07-10
1127,도꼼도예,전북특별자치도 전주시 완산구 우림로 967 (삼천동2가) 외 1필지,전북특별자치도 전주시 완산구 삼천동2가 671-1번지 외 1필지,5211113800106710001,1,35.7762872,127.0991710,2026-07-10
863,언니네 식품창고,전북특별자치도 전주시 덕진구 초포로 249-15 (호성동2가),전북특별자치도 전주시 덕진구 호성동2가 468-17번지,5211311700104680017,0,35.8755683,127.1472298,2026-07-10
959,제이에스엔 주식회사,"전북특별자치도 전주시 덕진구 한배미1길 19-2, 1층 (인후동1가)",전북특별자치도 전주시 덕진구 인후동1가 933-13 1층,5211310300109330013,0,35.8241629,127.1645712,2026-07-10
1169,진우스텐샤링,전북특별자치도 전주시 완산구 정여립로 749 (상림동),전북특별자치도 전주시 완산구 상림동 288,5211114500102880000,0,35.8193456,127.0677202,2026-07-10
681,(유)솔왕바이오,전북특별자치도 전주시 덕진구 용신길 62 (용정동),전북특별자치도 전주시 덕진구 용정동 108-5번지,5211312500101080005,0,35.8792002,127.0597320,2026-07-10
108,주식회사 리원업,,전북특별자치도 전주시 덕진구 팔복동4가 249-63,5211313300102490063,0,35.8638199,127.0970841,2026-07-10
285,대한주방,전북특별자치도 전주시 덕진구 만성동 15-1번지,전북특별자치도 전주시 덕진구 만성동 15-1번지,5211313100100150001,0,35.8475664,127.0842968,2026-07-10
552,해성,전북특별자치도 전주시 덕진구 신성길 8 (성덕동),전북특별자치도 전주시 덕진구 성덕동 172-35번지,5211312600101720035,0,35.8780717,127.0376100,2026-07-10
196,에스디에스,전북특별자치도 전주시 덕진구 고내로 40-15(송천동2가),전북특별자치도 전주시 덕진구 송천동2가 1121,5211312200111210000,0,35.8746469,127.1087780,2026-07-10
459,와이제이샷시,전북특별자치도 전주시 덕진구 성덕동 76-6번지 외 1필지,전북특별자치도 전주시 덕진구 성덕동 76-6번지 외 1필지,5211312600100760006,1,35.8754527,127.0438477,2026-07-10
779,유한회사 동방광고기획,전북특별자치도 전주시 덕진구 장동 611-6번지,전북특별자치도 전주시 덕진구 장동 611-6번지,5211313200106110006,0,35.8495039,127.0662158,2026-07-10
431,(주)제이코프,"전북특별자치도 전주시 덕진구 상리4길 26, 101호(팔복동2가)",전북특별자치도 전주시 덕진구 팔복동2가 215 101호,5211310900102150000,0,35.8514616,127.1014215,2026-07-10
36,(주)미라텍스(전주점),"전북특별자치도 전주시 덕진구 신복천변로 23-11, 5층 501호 (팔복동1가)",전북특별자치도 전주시 덕진구 팔복동1가 266-3 5층 501호,5211310800102660003,0,35.8571844,127.1024641,2026-07-10
1077,삼원,전북특별자치도 전주시 완산구 삼천동3가 438번지,전북특별자치도 전주시 완산구 삼천동3가 438번지,5211113900104380000,0,35.7996159,127.0815039,2026-07-10
874,티알테크,"전북특별자치도 전주시 덕진구 추천로 177-12, 2층 (팔복동1가)",전북특별자치도 전주시 덕진구 팔복동1가 101-4 2층,5211310800101010004,0,35.8526169,127.1106199,2026-07-10
441,(유)에스지우드,전북특별자치도 전주시 덕진구 새논밭길 24 (호성동1가),전북특별자치도 전주시 덕진구 호성동1가 675-1번지,5211311600106750001,0,35.8592290,127.1607059,2026-07-10
982,농업회사법인 유한회사 세영,전북특별자치도 전주시 덕진구 화전동 1080번지 외 1필지,전북특별자치도 전주시 덕진구 화전동 1080번지 외 1필지,5211312400110800000,1,35.8894769,127.0361184,2026-07-10
208,원탑종합주방설비,전북특별자치도 전주시 덕진구 구주길 32 (팔복동2가),전북특별자치도 전주시 덕진구 팔복동2가 114-1,5211310900101140001,0,35.8464052,127.1004550,2026-07-10
683,(유)포디헤윰,"전북특별자치도 전주시 덕진구 용정길 16, 1008-6 (여의동)",전북특별자치도 전주시 덕진구 여의동 1008-6번지,5211313000110080006,0,35.8543004,127.0689912,2026-07-10
92,스틸팩토리,전북특별자치도 전주시 덕진구 구렛들3길 59 (팔복동4가),전북특별자치도 전주시 덕진구 팔복동4가 247-3,5211313300102470003,0,35.8630243,127.0990555,2026-07-10
661,(주)대성유화아스팔트,전북특별자치도 전주시 덕진구 온고을로 454 (여의동),전북특별자치도 전주시 덕진구 여의동 835번지,5211313000108350000,0,35.8517223,127.0799608,2026-07-10
854,농업회사법인 유한회사 함타숙방,전북특별자치도 전주시 덕진구 초포다리로 135 (호성동1가) 외 1필지,전북특별자치도 전주시 덕진구 호성동1가 322 외 1필지,5211311600103220000,1,35.8679974,127.1596010,2026-07-10
700,휴데코프레임,전북특별자치도 전주시 덕진구 원동로 258 (장동),전북특별자치도 전주시 덕진구 장동 963-1,5211313200109630001,0,35.8685684,127.0479329,2026-07-10
218,효성컨테이너,전북특별자치도 전주시 덕진구 금상동 1271-8번지 외 1필지,전북특별자치도 전주시 덕진구 금상동 1271-8번지 외 1필지,,1,,,2026-07-10
625,탑중기공업,전북특별자치도 전주시 덕진구 야전2길 41-1 (팔복동4가),전북특별자치도 전주시 덕진구 팔복동4가 226-6번지,5211313300102260006,0,35.8616701,127.1054760,2026-07-10
350,현우ENG,전북특별자치도 전주시 덕진구 방초길 33 (여의동),전북특별자치도 전주시 덕진구 여의동 684-1,5211313000106840001,0,35.8658023,127.0764100,2026-07-10
596,(유)와이아이헤르츠,"전북특별자치도 전주시 덕진구 안골4길 16-5, 302호(인후동1가, 수지빌딩)",전북특별자치도 전주시 덕진구 인후동1가 753-5 수지빌딩 302호,5211310300107530005,0,35.8411718,127.1568125,2026-07-10
1026,동진씽크,전북특별자치도 전주시 완산구 난전들로 35 (평화동3가),전북특별자치도 전주시 완산구 평화동3가 265-11번지,5211113400102650011,0,35.7772572,127.1249513,2026-07-10
421,메이크밸리,"전북특별자치도 전주시 덕진구 상리1길 34, 203호 (팔복동2가, 희망전북창업보육센터) (팔복동2가)","전북특별자치도 전주시 덕진구 팔복동2가 270번지 203호 (팔복동2가, 희망전북창업보육센터)",5211310900102700000,0,35.8521482,127.1006716,2026-07-10
960,(주)논슬립상사,"전북특별자치도 전주시 덕진구 한배미5길 24-4, 103호 (인후동1가)",전북특별자치도 전주시 덕진구 인후동1가 940-11 103호,5211310300109400011,0,35.8235278,127.1658491,2026-07-10
304,주식회사 갯지에스,"전북특별자치도 전주시 덕진구 만성북로 51-25, 4층 4008호 (만성동, 스페이스온 지식산업센터) 4층 4008호",전북특별자치도 전주시 덕진구 만성동 1345-3 스페이스온 지식산업센터 4층 4008호 4층 4008호,5211313100113450003,0,35.8490529,127.0826311,2026-07-10
697,연수산업,전북특별자치도 전주시 덕진구 원동 574-1번지 외 2필지,전북특별자치도 전주시 덕진구 원동 574-1번지 외 2필지,5211312700105740001,2,35.8738053,127.0315339,2026-07-10
762,(유)태웅철강산업,전북특별자치도 전주시 덕진구 은평길 52 (전미동1가),전북특별자치도 전주시 덕진구 전미동1가 873-6번지,5211311900108730006,0,35.8992201,127.1215967,2026-07-10
797,믿음세이프티,"전북특별자치도 전주시 덕진구 전미로 206, 믿음세이프티 (전미동2가)",전북특별자치도 전주시 덕진구 전미동2가 77-13 믿음세이프티,5211312000100770013,0,35.8870236,127.1073443,2026-07-10
1165,(유)약수식품,전북특별자치도 전주시 완산구 정동길 22-99 (삼천동2가),전북특별자치도 전주시 완산구 삼천동2가 507번지,5211113800105070000,0,35.7849362,127.1030071,2026-07-10
967,(유)천광,전북특별자치도 전주시 덕진구 혁신로 616 (여의동),전북특별자치도 전주시 덕진구 여의동 1212-14,5211313000112120014,0,35.8673413,127.0727773,2026-07-10
796,한라이엔지,전북특별자치도 전주시 덕진구 전미로 191 (전미동2가),전북특별자치도 전주시 덕진구 전미동2가 86-4,5211312000100860004,0,35.8852970,127.1070386,2026-07-10
390,디자인 긱스,전북특별자치도 전주시 덕진구 산정동 297-4번지,전북특별자치도 전주시 덕진구 산정동 297-4번지,5211311100102970004,0,35.8447011,127.1717111,2026-07-10
805,두고ENG,전북특별자치도 전주시 덕진구 전미중앙로 202 (전미동1가),전북특별자치도 전주시 덕진구 전미동1가 369-24번지,5211311900103690024,0,35.8853728,127.1182063,2026-07-10
993,다나앙 화장품,"전북특별자치도 전주시 완산구 거마중앙로 21 (삼천동1가, 루디아뜨게방)",전북특별자치도 전주시 완산구 삼천동1가 630-11번지 루디아뜨게방,5211113700106300011,0,35.7966662,127.1191412,2026-07-10
620,주식회사 인터다임,전북특별자치도 전주시 덕진구 야전2길 17 (팔복동4가),전북특별자치도 전주시 덕진구 팔복동4가 205-16번지,5211313300102050016,0,35.8623161,127.1032945,2026-07-10
663,오렌지콘테이너하우스,전북특별자치도 전주시 덕진구 온고을로 523 (여의동) 외 5필지,전북특별자치도 전주시 덕진구 여의동 1000번지 외 5필지,5211313000110000000,5,35.8536980,127.0725373,2026-07-10
659,나무갤러리,전북특별자치도 전주시 덕진구 온고을로 287 (팔복동3가) (총 2 필지) 외 1필지,전북특별자치도 전주시 덕진구 팔복동3가 350-1번지 외 1필지,5211311000103500001,1,35.8426836,127.0945198,2026-07-10
882,유한회사 나무602,전북특별자치도 전주시 덕진구 추천로 21 (팔복동3가),전북특별자치도 전주시 덕진구 팔복동3가 44-3,5211311000100440003,0,35.8411712,127.1009854,2026-07-10
585,주식회사 에스엠테크,"전북특별자치도 전주시 덕진구 신흥안길 55-55, 주 2동 (고랑동)",전북특별자치도 전주시 덕진구 고랑동 290-1 주 2동,5211312900102900001,0,35.8741248,127.0948011,2026-07-10
606,발해식품,전북특별자치도 전주시 덕진구 암실길 174 (반월동),전북특별자치도 전주시 덕진구 반월동 524-10,5211312300105240010,0,35.8865923,127.0648654,2026-07-10
255,농업회사법인 유한회사 청야,전북특별자치도 전주시 덕진구 도강길 106-32 (도도동),전북특별자치도 전주시 덕진구 도도동 476-6번지,5211313400104760006,0,35.8851157,127.0205140,2026-07-10
910,전북GN특장,"전북특별자치도 전주시 덕진구 팔과정로 205, 1동(팔복동4가)",전북특별자치도 전주시 덕진구 팔복동4가 255-3 1동,5211313300102550003,0,35.8648299,127.0969425,2026-07-10
1177,마마떼,"전북특별자치도 전주시 완산구 중인1길 58-10, 마마떼 아틀리에(중인동)",전북특별자치도 전주시 완산구 중인동 643 마마떼 아틀리에,5211113500106430000,0,35.7720161,127.0992519,2026-07-10
201,(유)공동체나눔환경,전북특별자치도 전주시 덕진구 고내천변로 388-23 (전미동2가),전북특별자치도 전주시 덕진구 전미동2가 114-2번지,5211312000101140002,0,35.8909715,127.0974364,2026-07-10
449,뉴트리커머스,"전북특별자치도 전주시 덕진구 서귀로 212-17, 1동 (여의동)",전북특별자치도 전주시 덕진구 여의동 760-3 1동,5211313000107600003,0,35.8578258,127.0782056,2026-07-10
704,유)토리앤쿡,전북특별자치도 전주시 덕진구 원동로 267 (용정동) 외 1필지,전북특별자치도 전주시 덕진구 용정동 519-5 외 1필지,5211312500105190005,1,35.8693296,127.0483713,2026-07-10
593,주식회사 시아,"전북특별자치도 전주시 덕진구 아중천2길 23-4, 102호(산정동, 네오빌라)",전북특별자치도 전주시 덕진구 산정동 882-10 네오빌라 102호,5211311100108820010,0,35.8355234,127.1721211,2026-07-10
463,유한회사 자부심,"전북특별자치도 전주시 덕진구 소양천변로 56-32, (호성동 2가 89) (호성동2가) 외 1필지",전북특별자치도 전주시 덕진구 호성동2가 89번지 (호성동 2가 89) 외 1필지,5211311700100890000,1,35.8769171,127.1528610,2026-07-10
790,존 에어바운스,전북특별자치도 전주시 덕진구 전미동1가 329-2번지,전북특별자치도 전주시 덕진구 전미동1가 329-2번지,5211311900103290002,0,35.8955788,127.1170859,2026-07-10
1220,작업실,전북특별자치도 전주시 완산구 평화동2가 717-19번지,전북특별자치도 전주시 완산구 평화동2가 717-19번지,5211113300107170019,0,35.7883103,127.1206903,2026-07-10
1010,미광산업,전북특별자치도 전주시 완산구 구이로 1905-4(석구동),전북특별자치도 전주시 완산구 석구동 234-12,5211113000102340012,0,35.7689095,127.1248644,2026-07-10
215,하늘바이오,전북특별자치도 전주시 덕진구 금상길 154-5(금상동),전북특별자치도 전주시 덕진구 금상동 1273-3,5211311200112730003,0,35.8494643,127.1864559,2026-07-10
699,백설공방,전북특별자치도 전주시 덕진구 원동로 235 (원동),전북특별자치도 전주시 덕진구 원동 185-24,5211312700101850024,0,35.8673940,127.0457363,2026-07-10
930,현대건설기계,전북특별자치도 전주시 덕진구 팔복로 237(여의동),전북특별자치도 전주시 덕진구 여의동 539-16,5211313000105390016,0,35.8571144,127.0822836,2026-07-10
243,(주)씨제이에코환경솔루션,"전북특별자치도 전주시 덕진구 기린대로 945-6, 미래관 261호 (여의동)",전북특별자치도 전주시 덕진구 여의동 558-6 미래관 261호,5211313000105580006,0,35.8639639,127.0811220,2026-07-10
454,멀티글라스,전북특별자치도 전주시 덕진구 성덕동 171-33번지,전북특별자치도 전주시 덕진구 성덕동 171-33번지,5211312600101710033,0,35.8780699,127.0383077,2026-07-10
569,무경이엔지,전북특별자치도 전주시 덕진구 신흥안길 39-16 (고랑동),전북특별자치도 전주시 덕진구 고랑동 11-66,5211312900100110066,0,35.8749769,127.0951362,2026-07-10
1023,농업회사법인 위대한밥상 주식회사,전북특별자치도 전주시 완산구 난전들로 219-55 (평화동3가),전북특별자치도 전주시 완산구 평화동3가 219-10,5211113400102190010,0,35.7870392,127.1146072,2026-07-10
280,성원치과기공소,전북특별자치도 전주시 덕진구 두간11길 19 (송천동1가) 1층,전북특별자치도 전주시 덕진구 송천동1가 828-9 1층,5211312100108280009,0,35.8636406,127.1150873,2026-07-10
868,농업회사법인 웰앤뷰 주식회사 옛촌도가,"전북특별자치도 전주시 덕진구 추천6길 14, 2동1층 (팔복동2가)",전북특별자치도 전주시 덕진구 팔복동2가 33 2동1층,5211310900100330000,0,35.8519618,127.1060016,2026-07-10
574,온디바이스,전북특별자치도 전주시 덕진구 신흥안길 39-27 (고랑동),전북특별자치도 전주시 덕진구 고랑동 9-14,5211312900100090014,0,35.8760102,127.0961303,2026-07-10
638,삼우CNC,"전북특별자치도 전주시 덕진구 여산로 88-22, 2동 1층(여의동)",전북특별자치도 전주시 덕진구 여의동 751-3 2동 1층,5211313000107510003,0,35.8607804,127.0775496,2026-07-10
359,금강실업,"전북특별자치도 전주시 덕진구 백제대로 651 (금암동, ID피시방)",전북특별자치도 전주시 덕진구 금암동 1591-24번지 ID피시방,5211310700115910024,0,35.8433038,127.1403868,2026-07-10
456,농업회사법인 자연드림 유한회사,전북특별자치도 전주시 덕진구 성덕동 174-15번지,전북특별자치도 전주시 덕진구 성덕동 174-15번지,5211312600101740015,0,35.8831262,127.0350309,2026-07-10
724,(유)엠스토리지,전북특별자치도 전주시 덕진구 원반월길 49(반월동),전북특별자치도 전주시 덕진구 반월동 769-5,5211312300107690005,0,35.8687495,127.0607890,2026-07-10
192,삼인이엔지,전북특별자치도 전주시 덕진구 강구레길 256 (전미동2가),전북특별자치도 전주시 덕진구 전미동2가 116-5번지,5211312000101160005,0,35.8889943,127.0992693,2026-07-10
1160,지숨,"전북특별자치도 전주시 완산구 전주천동로 230-6 (다가동3가, 동규빌딩)",전북특별자치도 전주시 완산구 다가동3가 64-15번지 동규빌딩,5211111500100640015,0,35.8169581,127.1399063,2026-07-10
1082,즐거운 시간,전북특별자치도 전주시 완산구 서신천변8길 10 (서신동),전북특별자치도 전주시 완산구 서신동 830-6,5211112900108300006,0,35.8284852,127.1151713,2026-07-10
1054,혜미강전통발효식품,"전북특별자치도 전주시 완산구 모악산자락길 270-21, 20-1 (원당동)",전북특별자치도 전주시 완산구 원당동 20-1번지 20-1,5211113100100200001,0,35.7536619,127.1185314,2026-07-10
735,(주)매직라이팅,전북특별자치도 전주시 덕진구 원성덕안길 26-26 (성덕동),전북특별자치도 전주시 덕진구 성덕동 174-46,5211312600101740046,0,35.8798815,127.0345529,2026-07-10
433,(주)수달리컴퍼니,"전북특별자치도 전주시 덕진구 상리5길 8-6, 외 1필지 (팔복동2가)",전북특별자치도 전주시 덕진구 팔복동2가 221 외 1필지,5211310900102210000,1,35.8514876,127.1005397,2026-07-10
345,(주)솔라파크에너지,전북특별자치도 전주시 덕진구 반월동 619-15번지,전북특별자치도 전주시 덕진구 반월동 619-15번지,5211312300106190015,0,35.8821846,127.0670369,2026-07-10
1254,(유)세종커튼장식,전북특별자치도 전주시 완산구 효자로 52-1 (효자동3가),전북특별자치도 전주시 완산구 효자동3가 1137-4,5211114200111370004,0,35.8185771,127.0912685,2026-07-10
314,유한회사 바름,"전북특별자치도 전주시 덕진구 만성북로 51-25,(만성동, 스페이스온 지식산업센터) 스페이스온동 3층 3109호",전북특별자치도 전주시 덕진구 만성동 1345-3 스페이스온 지식산업센터 스페이스온동 3층 3109호,5211313100113450003,0,35.8490529,127.0826311,2026-07-10
471,주식회사 에코하이테크,전북특별자치도 전주시 덕진구 신복1길 29 (팔복동2가),전북특별자치도 전주시 덕진구 팔복동2가 21,5211310900100210000,0,35.8524205,127.1086830,2026-07-10
113,주식회사 에스씨와이,"전북특별자치도 전주시 덕진구 구렛들1길 28-19, 주식회사 에스씨와이 (팔복동1가)",전북특별자치도 전주시 덕진구 팔복동1가 268-2 주식회사 에스씨와이,5211310800102680002,0,35.8580312,127.1023762,2026-07-10
299,(주)해건,"전북특별자치도 전주시 덕진구 만성북로 51-25, 3112호 (만성동, 스페이스온 지식산업센터) 3112호",전북특별자치도 전주시 덕진구 만성동 1345-3 스페이스온 지식산업센터 3112호 3112호,5211313100113450003,0,35.8490529,127.0826311,2026-07-10
387,제이씨(JC)상사,"전북특별자치도 전주시 덕진구 사근1길 11-6, 상가동 지하 101호 (송천동2가)",전북특별자치도 전주시 덕진구 송천동2가 285번지 상가동 지하 101호,5211312200102850000,0,35.8678018,127.1285464,2026-07-10
405,(유)동아산업,전북특별자치도 전주시 덕진구 삼례로 23 (반월동),전북특별자치도 전주시 덕진구 반월동 612-39번지,5211312300106120039,0,35.8798905,127.0759009,2026-07-10
408,대승기계,"전북특별자치도 전주시 덕진구 삼례로 53, 2동 1층 전부호 (반월동)",전북특별자치도 전주시 덕진구 반월동 612-25 2동 1층 전부호,5211312300106120025,0,35.8825410,127.0761833,2026-07-10
1164,싱싱코리아,전북특별자치도 전주시 완산구 정동길 22-27 (삼천동2가),전북특별자치도 전주시 완산구 삼천동2가 503번지,5211113800105030000,0,35.7847490,127.1007902,2026-07-10
671,(주)광회정보통신,전북특별자치도 전주시 덕진구 용덕길 47-51 (용정동),전북특별자치도 전주시 덕진구 용정동 265-26번지,5211312500102650026,0,35.8780714,127.0486939,2026-07-10
388,아이키즈,전북특별자치도 전주시 덕진구 사평로 5-31 (덕진동1가),전북특별자치도 전주시 덕진구 덕진동1가 1547-45번지,5211310500115470045,0,35.8390984,127.1182273,2026-07-10
827,호성창호,전북특별자치도 전주시 덕진구 지행당길 128-12 (호성동1가),전북특별자치도 전주시 덕진구 호성동1가 472-11번지,5211311600104720011,0,35.8713193,127.1556785,2026-07-10
325,다온 ADcompany,"전북특별자치도 전주시 덕진구 명륜4길 10-3, B1 (덕진동1가)",전북특별자치도 전주시 덕진구 덕진동1가 1263-6 B1,5211310500112630006,0,35.8426743,127.1268983,2026-07-10
931,삼성CNC,"전북특별자치도 전주시 덕진구 팔복로 239, 1동(여의동)",전북특별자치도 전주시 덕진구 여의동 539-13 1동,5211313000105390013,0,35.8573848,127.0821871,2026-07-10
819,(주)비전실업,전북특별자치도 전주시 덕진구 전진로 10-13 (산정동),전북특별자치도 전주시 덕진구 산정동 678,5211311100106780000,0,35.8399413,127.1710477,2026-07-10
688,송연,전북특별자치도 전주시 덕진구 용정동 33-1번지,전북특별자치도 전주시 덕진구 용정동 33-1번지,5211312500100330001,0,35.8751066,127.0598344,2026-07-10
935,(유)비알엠,전북특별자치도 전주시 덕진구 팔복로 247 (여의동) 103동,전북특별자치도 전주시 덕진구 여의동 539-2 103동,5211313000105390002,0,35.8578230,127.0813881,2026-07-10
917,한지어가,전북특별자치도 전주시 덕진구 팔복동4가 249-48번지,전북특별자치도 전주시 덕진구 팔복동4가 249-48번지,5211313300102490048,0,35.8643778,127.0963147,2026-07-10
432,예린실업,"전북특별자치도 전주시 덕진구 상리4길 26, 2층 (팔복동2가)",전북특별자치도 전주시 덕진구 팔복동2가 215 2층,5211310900102150000,0,35.8514616,127.1014215,2026-07-10
799,(유)동부금속,전북특별자치도 전주시 덕진구 전미로 213 (전미동2가),전북특별자치도 전주시 덕진구 전미동2가 85-7번지,5211312000100850007,0,35.8868892,127.1057374,2026-07-10
901,(사)한국장애인 문화예술인협회 인쇄사업단,"전북특별자치도 전주시 덕진구 추천로 47-28, 주 1동 (팔복동3가)",전북특별자치도 전주시 덕진구 팔복동3가 33-18 주 1동,5211311000100330018,0,35.8440616,127.0992078,2026-07-10
695,에이스종합광고,전북특별자치도 전주시 덕진구 우아동3가 206번지 외 1필지,전북특별자치도 전주시 덕진구 우아동3가 206번지 외 1필지,5211311500102060000,1,35.8480829,127.1664201,2026-07-10
415,태성건설,전북특별자치도 전주시 덕진구 삼천공덕길 2-19 (금상동),전북특별자치도 전주시덕진구 금상동 239-1 번지,5211311200102390001,0,35.8524692,127.1949018,2026-07-10
976,(유)제이엠모드,전북특별자치도 전주시 덕진구 호성동1가 649번지,전북특별자치도 전주시 덕진구 호성동1가 649번지,5211311600106490000,0,35.8612098,127.1580742,2026-07-10
197,가림창호,전북특별자치도 전주시 덕진구 고내로 40-36 (송천동2가),전북특별자치도 전주시 덕진구 송천동2가 776-15번지,5211312200107760015,0,35.8742656,127.1060032,2026-07-10
347,(유)아리울,전북특별자치도 전주시 덕진구 반월동 801-1번지,전북특별자치도 전주시 덕진구 반월동 801-1번지,5211312300108010001,0,35.8699975,127.0592865,2026-07-10
268,우신주방물류,전북특별자치도 전주시 덕진구 동부대로 1411 (고랑동),전북특별자치도 전주시 덕진구 고랑동 290-8,5211312900102900008,0,35.8724049,127.0928658,2026-07-10
702,명품버스 인테리어,전북특별자치도 전주시 덕진구 원동로 264 (장동),전북특별자치도 전주시 덕진구 장동 961,5211313200109610000,0,35.8685349,127.0488109,2026-07-10
703,명품버스 인테리어,전북특별자치도 전주시 덕진구 원동로 264 (장동),전북특별자치도 전주시 덕진구 장동 961,5211313200109610000,0,35.8685349,127.0488109,2026-07-10
1260,번영식품농축산회사법인 전주대리점,전북특별자치도 전주시덕진구 성덕동 4번지,전북특별자치도 전주시덕진구 성덕동 4번지,5211312600100040000,0,35.8750733,127.0469401,2026-07-10
728,온누리어닝,전북특별자치도 전주시 덕진구 원산정길 135-13 (산정동),전북특별자치도 전주시 덕진구 산정동 139-4,5211311100101390004,0,35.8521043,127.1727613,2026-07-10
139,(주)브이엠플러스,"전북특별자치도 전주시 덕진구 팔과정로 20, 3층 302-2호(팔복동3가, 아파트형공장) 3층 302-2호",전북특별자치도 전주시 덕진구 팔복동3가 422 아파트형공장 3층 302-2호 3층 302-2호,5211311000104220000,0,35.8504409,127.0865238,2026-07-10
292,진성포장디자인,"전북특별자치도 전주시 덕진구 만성북로 51-25, (만성동, 스페이스온 지식산업센터) 스페이스온동 3층 3100호",전북특별자치도 전주시 덕진구 만성동 1345-3 스페이스온 지식산업센터 스페이스온동 3층 3100호,5211313100113450003,0,35.8490529,127.0826311,2026-07-10
580,대림산업,전북특별자치도 전주시 덕진구 신흥안길 54 (고랑동),전북특별자치도 전주시 덕진구 고랑동 288-13번지,5211312900102880013,0,35.8744120,127.0920200,2026-07-10
158,유한회사 빌드윈전주가온태양광발전,"전북특별자치도 전주시 덕진구 서귀로 77(팔복동3가, 가온전선(주))",전북특별자치도 전주시 덕진구 팔복동3가 408 가온전선(주),5211311000104080000,0,35.8492928,127.0898979,2026-07-10
414,가린건설,전북특별자치도 전주시 덕진구 삼천공덕길 2-17 (금상동),전북특별자치도 전주시 덕진구 금상동 236-1,5211311200102360001,0,35.8526115,127.1952439,2026-07-10
791,이정이엔지,전북특별자치도 전주시 덕진구 전미동1가 335-20번지,전북특별자치도 전주시 덕진구 전미동1가 335-20번지,5211311900103350020,0,35.8942188,127.1184409,2026-07-10
792,송림건설,전북특별자치도 전주시 덕진구 전미동1가 335-2번지,전북특별자치도 전주시 덕진구 전미동1가 335-2번지,5211311900103350002,0,35.8944624,127.1182975,2026-07-10
519,(유)라인테크,"전북특별자치도 전주시 덕진구 신복로 67, . (팔복동1가)",전북특별자치도 전주시 덕진구 팔복동1가 150-12 .,5211310800101500012,0,35.8564591,127.1068831,2026-07-10
589,(주)지인스건설,전북특별자치도 전주시 덕진구 신흥안길 56 (고랑동),전북특별자치도 전주시 덕진구 고랑동 288-39번지,5211312900102880039,0,35.8744893,127.0916680,2026-07-10
1020,(유)은혜식품 농업회사법인,전북특별자치도 전주시 완산구 난전들로 156-60 (평화동3가),전북특별자치도 전주시 완산구 평화동3가 248-9번지,5211113400102480009,0,35.7819411,127.1233874,2026-07-10
672,메이커어닝,전북특별자치도 전주시 덕진구 용덕길 5-11 (용정동),전북특별자치도 전주시 덕진구 용정동 592-1번지,5211312500105920001,0,35.8765705,127.0492892,2026-07-10
649,메디테크코리아,전북특별자치도 전주시 덕진구 오신2길 23-5(성덕동),전북특별자치도 전주시 덕진구 성덕동 174-16,5211312600101740016,0,35.8827999,127.0349353,2026-07-10
429,우드토탈,전북특별자치도 전주시 덕진구 상리4길 10 (팔복동2가),전북특별자치도 전주시 덕진구 팔복동2가 225번지,5211310900102250000,0,35.8516791,127.1008638,2026-07-10
973,태양파워테크,전북특별자치도 전주시 덕진구 호성동1가 469-13번지,전북특별자치도 전주시 덕진구 호성동1가 469-13번지,5211311600104690013,0,35.8724861,127.1547095,2026-07-10
424,서해일렉트릭,"전북특별자치도 전주시 덕진구 상리1길 34, 별관 3동 (팔복동2가)",전북특별자치도 전주시 덕진구 팔복동2가 270 별관 3동,5211310900102700000,0,35.8521482,127.1006716,2026-07-10
615,(주)에코월드솔루션,"전북특별자치도 전주시 덕진구 암실길 8-35, 3동 (반월동)",전북특별자치도 전주시 덕진구 반월동 618-26 3동,5211312300106180026,0,35.8789250,127.0682971,2026-07-10
1166,한양컨테이너,전북특별자치도 전주시 완산구 정여립로 473-10 (삼천동3가) 외 4필지,전북특별자치도 전주시 완산구 삼천동3가 485-1 외 4필지,5211113900104850001,4,35.7970813,127.0828094,2026-07-10
96,예성,"전북특별자치도 전주시 덕진구 상리1길 46, 1,7,8동 (팔복동2가)","전북특별자치도 전주시 덕진구 팔복동2가 170-2 1,7,8동",5211310900101700002,0,35.8512151,127.1020605,2026-07-10
908,엠에스건설 주식회사,전북특별자치도 전주시 덕진구 팔과정로 171 (여의동2가),전북특별자치도 전주시 덕진구 여의동2가 419-1,5211313900104190001,0,35.8620217,127.0945858,2026-07-10
43,(주)아이봇,"전북특별자치도 전주시 덕진구 구렛들2길 53, 302호 (팔복동1가)",전북특별자치도 전주시 덕진구 팔복동1가 356-5 302호,5211310800103560005,0,35.8613795,127.1000631,2026-07-10
369,케이엔메탈,전북특별자치도 전주시 덕진구 번영로 462-9 (반월동),전북특별자치도 전주시덕진구 반월동 849-32번지,5211312300108490032,0,35.8731819,127.0571364,2026-07-10
402,반월금호주방,전북특별자치도 전주시 덕진구 삼례로 144 (고랑동),전북특별자치도 전주시 덕진구 고랑동 1084-1번지,5211312900110840001,0,35.8907615,127.0775246,2026-07-10
1122,유한회사 식객,전북특별자치도 전주시 완산구 용복동 278-1번지 외 1필지,전북특별자치도 전주시 완산구 용복동 278-1번지 외 1필지,5211113600102780001,1,35.7842741,127.0718375,2026-07-10
836,미소닥트,전북특별자치도 전주시 덕진구 진조리길 43 (전미동1가),전북특별자치도 전주시 덕진구 전미동1가 335-11,5211311900103350011,0,35.8924785,127.1194784,2026-07-10
745,한국종합기계,전북특별자치도 전주시 덕진구 원화전1길 57-94 (반월동),전북특별자치도 전주시 덕진구 반월동 30-5번지,5211312300100300005,0,35.8884308,127.0737648,2026-07-10
726,(유)대한판넬,전북특별자치도 전주시 덕진구 원산정길 119 (산정동),전북특별자치도 전주시 덕진구 산정동 142-2번지,5211311100101420002,0,35.8516520,127.1732763,2026-07-10
857,(주)신성베스트홈,전북특별자치도 전주시 덕진구 초포다리로 41 (호성동1가),전북특별자치도 전주시덕진구 호성동1가 658-8번지,5211311600106580008,0,35.8598807,127.1583202,2026-07-10
263,(주)겐돈에프앤비,전북특별자치도 전주시 덕진구 동가재미2길 55 (인후동1가),전북특별자치도 전주시 덕진구 인후동1가 850-12번지,5211310300108500012,0,35.8347767,127.1663998,2026-07-10
733,(유)디엔지,전북특별자치도 전주시 덕진구 원산정길 98 (산정동),전북특별자치도 전주시 덕진구 산정동 70-15번지,5211311100100700015,0,35.8499513,127.1736784,2026-07-10
732,(유)국도샤링,전북특별자치도 전주시 덕진구 원산정길 54 (산정동),전북특별자치도 전주시 덕진구 산정동 300-8번지,5211311100103000008,0,35.8457435,127.1725779,2026-07-10
351,한결산업,전북특별자치도 전주시 덕진구 배미실마을길 14 (호성동1가),전북특별자치도 전주시 덕진구 호성동1가 153-2번지,5211311600101530002,0,35.8637776,127.1591546,2026-07-10
981,상우스텐공업,전북특별자치도 전주시 덕진구 호성동산길 13 (호성동2가),전북특별자치도 전주시 덕진구 호성동2가 29번지,5211311700100290000,0,35.8729874,127.1520752,2026-07-10
682,(주)태광로드텍,전북특별자치도 전주시 덕진구 용암길 52-5 (반월동),전북특별자치도 전주시 덕진구 반월동 634번지,5211312300106340000,0,35.8820422,127.0645768,2026-07-10
1163,한양기공,"전북특별자치도 전주시 완산구 정동길 1-8 (삼천동2가, 가람어린이집)",전북특별자치도 전주시 완산구 삼천동2가 480-5번지,5211113800104800005,0,35.7826840,127.1032324,2026-07-10
729,대명건철,전북특별자치도 전주시 덕진구 원산정길 17-1 (산정동) 외 1필지,전북특별자치도 전주시 덕진구 산정동 771-1번지 외 1필지,5211311100107710001,1,35.8431435,127.1713237,2026-07-10
977,정원산업개발,전북특별자치도 전주시 덕진구 호성동1가 650번지 외 2필지,전북특별자치도 전주시 덕진구 호성동1가 650번지 외 2필지,5211311600106500000,2,35.8609628,127.1586825,2026-07-10
684,우리화학,전북특별자치도 전주시 덕진구 용정길 61 (여의동),전북특별자치도 전주시덕진구 여의동 877-6번지,5211313000108770006,0,35.8514442,127.0722667,2026-07-10
562,영진산업,전북특별자치도 전주시 덕진구 신흥마을길 155-10 (고랑동),전북특별자치도 전주시 덕진구 고랑동 358-19번지,,0,,,2026-07-10
1085,전북종합공사 호남금속,전북특별자치도 전주시 완산구 석구동 234-10번지,전북특별자치도 전주시 완산구 석구동 234-10번지,5211113000102340010,0,35.7691199,127.1245035,2026-07-10
220,신현산업,전북특별자치도 전주시 덕진구 금상동 152-47번지,전북특별자치도 전주시 덕진구 금상동 152-47번지,5211311200101520047,0,35.8600701,127.1942235,2026-07-10
452,대진산업,전북특별자치도 전주시 덕진구 서당길 6 (용정동) 외 2필지,전북특별자치도 전주시덕진구 용정동 35-1 번지 외 2필지,5211312500100350001,2,35.8748919,127.0606807,2026-07-10
1056,퀸즈프로덕트,전북특별자치도 전주시 완산구 모악산자락길 290-23 (원당동),전북특별자치도 전주시 완산구 원당동 74-8번지,5211113100100740008,0,35.7547217,127.1217191,2026-07-10
1057,퀸즈프로덕트,전북특별자치도 전주시 완산구 모악산자락길 290-23 (원당동),전북특별자치도 전주시완산구 원당동 74-8번지,5211113100100740008,0,35.7547217,127.1217191,2026-07-10
241,(주) 테디그룹,"전북특별자치도 전주시 덕진구 기린대로 929, 302호(팔복동2가)",전북특별자치도 전주시 덕진구 팔복동2가 774-42 302호,5211310900107740042,0,35.8636779,127.0830675,2026-07-10
423,주식회사 큐디엔티,"전북특별자치도 전주시 덕진구 상리1길 34, 210호 (팔복동2가)",전북특별자치도 전주시 덕진구 팔복동2가 270 210호,5211310900102700000,0,35.8521482,127.1006716,2026-07-10
126,티에스인터내셔날코리아 주식회사,전북특별자치도 전주시 덕진구 상리2길 7(팔복동2가),전북특별자치도 전주시 덕진구 팔복동2가 294,5211310900102940000,0,35.8555043,127.1007289,2026-07-10
313,덕산메카시스(주),"전북특별자치도 전주시 덕진구 만성북로 51-25,(만성동, 스페이스온 지식산업센터) 스페이스온동 3층 3093호",전북특별자치도 전주시 덕진구 만성동 1345-3 스페이스온 지식산업센터 스페이스온동 3층 3093호,5211313100113450003,0,35.8490529,127.0826311,2026-07-10
122,코튼클럽(주),전북특별자치도 전주시 덕진구 구렛들2길 35 (팔복동1가),전북특별자치도 전주시 덕진구 팔복동1가 330-14,5211310800103300014,0,35.8596860,127.0999347,2026-07-10
1083,전방텍스타일 주식회사,전북특별자치도 전주시 완산구 서학2길 47 (서서학동),전북특별자치도 전주시 완산구 서서학동 264-0,5211112600102640000,0,35.8068244,127.1504591,2026-07-10
265,주식회사 디자인온,전북특별자치도 전주시 덕진구 동부대로 1229 (송천동2가) 256호,전북특별자치도 전주시 덕진구 송천동2가 664-49 256호,5211312200106640049,0,35.8695340,127.1126806,2026-07-10
307,(주)우리젠,"전북특별자치도 전주시 덕진구 만성북로 51-25, 스페이스온동 4009호(만성동, 스페이스온 지식산업센터) 스페이스온동 4009호",전북특별자치도 전주시 덕진구 만성동 1345-3 스페이스온 지식산업센터 스페이스온동 4009호 스페이스온동 4009호,5211313100113450003,0,35.8490529,127.0826311,2026-07-10
1194,주식회사 맘마멍냥,"전북특별자치도 전주시 완산구 천잠로 235, 미래관동 2층 9207호(효자동2가, 전주비전대학교)",전북특별자치도 전주시 완산구 효자동2가 1070 전주비전대학교 미래관동 2층 9207호,5211114100110700000,0,35.8092009,127.0905589,2026-07-10
715,마밍스(주),전북특별자치도 전주시 덕진구 원만성로 23 (팔복동3가),전북특별자치도 전주시 덕진구 팔복동3가 465번지,5211311000104650000,0,35.8519080,127.0839547,2026-07-10
33,(주)동광엔비화성,"전북특별자치도 전주시 덕진구 상리로 45, 101호(팔복동2가)",전북특별자치도 전주시 덕진구 팔복동2가 263-1 101호,5211310900102630001,0,35.8524080,127.1032313,2026-07-10
482,광현시스템,전북특별자치도 전주시 덕진구 신복로 114 (팔복동4가),전북특별자치도 전주시덕진구 팔복동4가 237-4번지,5211313300102370004,0,35.8597206,127.1041929,2026-07-10
230,주식회사 삼원씨앤지,"전북특별자치도 전주시 덕진구 기린대로 538 (덕진동2가) 306, 307호","전북특별자치도 전주시 덕진구 덕진동2가 200-10 306, 307호",5211310600102000010,0,35.8461563,127.1207304,2026-07-10
567,(주)호서엘리베이터,"전북특별자치도 전주시 덕진구 신흥안길 39-10, 2동 (고랑동)",전북특별자치도 전주시 덕진구 고랑동 316-9 2동,5211312900103160009,0,35.8748408,127.0948772,2026-07-10
911,주식회사 다온건설,전북특별자치도 전주시 덕진구 팔과정로 213 (팔복동4가),전북특별자치도 전주시 덕진구 팔복동4가 126-62번지,5211313300101260062,0,35.8653608,127.0974920,2026-07-10
862,재경실업,전북특별자치도 전주시 덕진구 초포다리로 55-9 (호성동1가),전북특별자치도 전주시 덕진구 호성동1가 649,5211311600106490000,0,35.8612098,127.1580742,2026-07-10
859,(주)제일,전북특별자치도 전주시 덕진구 초포다리로 43 (호성동1가),전북특별자치도 전주시 덕진구 호성동1가 658-7번지,5211311600106580007,0,35.8601988,127.1586472,2026-07-10
296,(주)한국에너지기술단,"전북특별자치도 전주시 덕진구 만성북로 51-25, 3011호, 3012호(만성동, 스페이스온 지식산업센터)","전북특별자치도 전주시 덕진구 만성동 1345-3 스페이스온 지식산업센터 3011호, 3012호",5211313100113450003,0,35.8490529,127.0826311,2026-07-10
1170,성한 주식회사,전북특별자치도 전주시 완산구 중산10길 13 (중화산동2가) 2층 (남동방향),전북특별자치도 전주시 완산구 중화산동2가 594-7 2층 (남동방향),5211112800105940007,0,35.8188402,127.1217078,2026-07-10
612,(주)성우이앤씨,"전북특별자치도 전주시 덕진구 암실길 81, 제1-B동 (반월동)",전북특별자치도 전주시 덕진구 반월동 620-18번지 제1-B동,5211312300106200018,0,35.8809815,127.0657285,2026-07-10
420,주식회사 써지맥,"전북특별자치도 전주시 덕진구 상리1길 34, 104호(팔복동2가)",전북특별자치도 전주시 덕진구 팔복동2가 270 104호,5211310900102700000,0,35.8521482,127.1006716,2026-07-10
329,(주)태일비즈,"전북특별자치도 전주시 덕진구 무삼지5길 12-3, 2층 (인후동1가)",전북특별자치도 전주시 덕진구 인후동1가 902-4 2층,5211310300109020004,0,35.8275723,127.1640762,2026-07-10
334,주식회사 에스엠전국라이트,전북특별자치도 전주시 덕진구 반룡로 158-9(여의동),전북특별자치도 전주시 덕진구 여의동 549-1,5211313000105490001,0,35.8626613,127.0793590,2026-07-10
941,주식회사 인시스(INSYS),전북특별자치도 전주시 덕진구 팔복로 252-5 (여의동),전북특별자치도 전주시 덕진구 여의동 751-126번지,5211313000107510126,0,35.8586418,127.0806421,2026-07-10
297,주식회사 바로텍시너지,"전북특별자치도 전주시 덕진구 만성북로 51-25, 3068, 3069호(만성동, 스페이스온 지식산업센터)","전북특별자치도 전주시 덕진구 만성동 1345-3 스페이스온 지식산업센터 3068, 3069호",5211313100113450003,0,35.8490529,127.0826311,2026-07-10
820,5 18 민주화운동부상자회,"전북특별자치도 전주시 덕진구 전진로 10-13, 2층일부 (산정동)",전북특별자치도 전주시 덕진구 산정동 678 2층일부,5211311100106780000,0,35.8399413,127.1710477,2026-07-10
1030,농업회사법인(유)다일,전북특별자치도 전주시 완산구 능안자구길 82 (삼천동3가),전북특별자치도 전주시 완산구 삼천동3가 321-11번지,5211113900103210011,0,35.8036006,127.0846352,2026-07-10
711,일화기공,전북특별자치도 전주시 덕진구 원만성로 21-27 (여의동),전북특별자치도 전주시 덕진구 여의동 816번지,5211313000108160000,0,35.8537455,127.0821745,2026-07-10
1143,(주)천하통신기술,"전북특별자치도 전주시 완산구 인정2길 12-4 (중화산동2가, 전북노회회관)",전북특별자치도 전주시완산구 중화산동2가 589-2번지,5211112800105890002,0,35.8199665,127.1191701,2026-07-10
1174,대승종합상사,전북특별자치도 전주시 완산구 중산중앙로 37 (중화산동2가),전북특별자치도 전주시 완산구 중화산동2가 596-8번지,5211112800105960008,0,35.8166853,127.1223029,2026-07-10
1193,글로벌코리아(주),"전북특별자치도 전주시 완산구 천잠로 235, 미래관 9203 (효자동2가, 전주비전대학)",전북특별자치도 전주시 완산구 효자동2가 1070번지 전주비전대학 미래관 9203,5211114100110700000,0,35.8092009,127.0905589,2026-07-10
1033,광성칼라인쇄서,"전북특별자치도 전주시 완산구 동문길 46 (풍남동1가, 광성칼라)",전북특별자치도 전주시 완산구 풍남동1가 28-2번지,5211110800100280002,0,35.8190809,127.1512495,2026-07-10
1159,나무간판조각,전북특별자치도 전주시 완산구 전주천동로 196 (다가동2가),전북특별자치도 전주시 완산구 다가동2가 120-3번지,5211111400101200003,0,35.8138794,127.1400585,2026-07-10
1162,하루의아침,전북특별자치도 전주시 완산구 정동길 13 (삼천동2가),전북특별자치도 전주시 완산구 삼천동2가 483-2번지,5211113800104830002,0,35.7831333,127.1022268,2026-07-10
1214,유명사엘이디 광고 조명,전북특별자치도 전주시 완산구 태평2길 12 (태평동),전북특별자치도 전주시 완산구 태평동 62번지,5211111900100620000,0,35.8227358,127.1409185,2026-07-10
1115,(주) 한국페이퍼,"전북특별자치도 전주시 완산구 어은로 8, 1,2층 (중화산동2가)","전북특별자치도 전주시 완산구 중화산동2가 657-9 1,2층",5211112800106570009,0,35.8164464,127.1238821,2026-07-10
807,(주)트레시스,전북특별자치도 전주시 덕진구 전미중앙로 3(전미동2가),전북특별자치도 전주시 덕진구 전미동2가 1237-1,5211312000112370001,0,35.8797631,127.0974610,2026-07-10
161,주식회사 방수인,"전북특별자치도 전주시 덕진구 팔과정로 20, (팔복동3가, 아파트형공장) 1동 1층 104호",전북특별자치도 전주시 덕진구 팔복동3가 422 아파트형공장 1동 1층 104호,5211311000104220000,0,35.8504409,127.0865238,2026-07-10
178,유니캠프,전북특별자치도 전주시 덕진구 감수길 30-13 (팔복동4가),전북특별자치도 전주시 덕진구 팔복동4가 167-9번지,5211313300101670009,0,35.8662870,127.1007792,2026-07-10
1103,(주)전주제과,전북특별자치도 전주시 완산구 쑥고개로 365 (효자동2가),전북특별자치도 전주시 완산구 효자동2가 363-2번지,5211114100103630002,0,35.8037855,127.1048351,2026-07-10
1104,전주제과,전북특별자치도 전주시 완산구 쑥고개로 365 (효자동2가),전북특별자치도 전주시 완산구 효자동2가 363-2번지,5211114100103630002,0,35.8037855,127.1048351,2026-07-10
522,(유)아이언베일,전북특별자치도 전주시 덕진구 신복로 70 (팔복동1가),전북특별자치도 전주시덕진구 팔복동1가 160-5 번지,5211310800101600005,0,35.8571258,127.1072675,2026-07-10
448,대한사료(주) 전주공장,전북특별자치도 전주시 덕진구 서귀로 186 (여의동),전북특별자치도 전주시 덕진구 여의동531-2번지,,0,,,2026-07-10
155,삼양화성(주),"전북특별자치도 전주시 덕진구 온고을로 376 (팔복동3가, 삼양화성(주))",전북특별자치도 전주시 덕진구 팔복동3가 409번지,5211311000104090000,0,35.8479192,127.0887495,2026-07-10
58,(주)휴비스,"전북특별자치도 전주시 덕진구 기린대로 787 (팔복동2가, (주)휴비스 전주공장) 외 1필지",전북특별자치도 전주시덕진구 팔복동2가 339번지 외 1필지,5211310900103390000,1,35.8541147,127.0969022,2026-07-10
121,케이피아이(주)전주공장,"전북특별자치도 전주시 덕진구 기린대로 784 (팔복동1가, (주)케이피아이)",전북특별자치도 전주시덕진구 팔복동1가 325-1번지,5211310800103250001,0,35.8589302,127.0985064,2026-07-10
37,(주)비와이씨,"전북특별자치도 전주시 덕진구 구렛들3길 35 (팔복동1가, (주)백양)",전북특별자치도 전주시 덕진구 팔복동1가 338-1번지 (주)백양,5211310800103380001,0,35.8614145,127.0977359,2026-07-10
149,가온전선(주)전주공장,"전북특별자치도 전주시 덕진구 서귀로 77 (팔복동3가, 가온전선(주))",전북특별자치도 전주시 덕진구 팔복동3가 408번지 가온전선(주),5211311000104080000,0,35.8492928,127.0898979,2026-07-10
156,셰플러코리아 유한책임회사,"전북특별자치도 전주시 덕진구 팔과정로 17 (팔복동3가, 셰플러코리아 전주공장)",전북특별자치도 전주시 덕진구 팔복동3가 402번지,5211311000104020000,0,35.8513752,127.0850435,2026-07-10
962,(재)전라북도생물산업진흥원,"전북특별자치도 전주시 덕진구 혁신로 401 (장동, 전북생물산업진흥원) 외 1필지",전북특별자치도 전주시덕진구 장동 452-79번지 외 1필지,5211313200104520079,1,35.8515753,127.0590798,2026-07-10
141,(주)삼양사 전주공장,"전북특별자치도 전주시 덕진구 팔복로 147 (팔복동3가, (주)삼양사 전주공장)",전북특별자치도 전주시덕진구 팔복동3가 407번지,5211311000104070000,0,35.8519834,127.0884309,2026-07-10
1133,에스제이(주),전북특별자치도 전주시 완산구 원신덕길 85 (용복동),전북특별자치도 전주시 완산구 용복동 271번지,5211113600102710000,0,35.7855032,127.0715374,2026-07-10
49,(주)전주원파워,전북특별자치도 전주시 덕진구 팔복동3가 180-26번지 외 11필지,전북특별자치도 전주시 덕진구 팔복동3가 180-26번지 외 11필지,5211311000101800026,11,35.8483880,127.0946697,2026-07-10
51,(주)전주페이퍼,"전북특별자치도 전주시 덕진구 팔복로 59 (팔복동2가, (주)전주페이퍼) 외 18필지",전북특별자치도 전주시 덕진구 팔복동2가 180번지 (주)전주페이퍼 외 18필지,5211310900101800000,18,35.8483349,127.0990242,2026-07-10
50,(주)전주파워,"전북특별자치도 전주시 덕진구 팔복로 59, (주)전주파워 (팔복동2가, (주)전주페이퍼)",전북특별자치도 전주시 덕진구 팔복동2가 180번지 (주)전주페이퍼 (주)전주파워,5211310900101800000,0,35.8483349,127.0990242,2026-07-10
944,삼양기계,"전북특별자치도 전주시 덕진구 팔복로 252-9, A동 일부(여의동, 엔비오코리아(주))",전북특별자치도 전주시 덕진구 여의동 751-24 엔비오코리아(주) A동 일부,5211313000107510024,0,35.8593870,127.0802944,2026-07-10
26,(유)한풍제약,"전북특별자치도 전주시 덕진구 구렛들3길 11 (팔복동1가, (유)한풍제약)",전북특별자치도 전주시 덕진구 팔복동1가 333-24번지,5211310800103330024,0,35.8590599,127.0971100,2026-07-10
176,유한회사 대명특수이엔지,"전북특별자치도 전주시 덕진구 감수길 30-12, A동(팔복동4가)",전북특별자치도 전주시 덕진구 팔복동4가 170-5 A동,5211313300101700005,0,35.8657328,127.1017840,2026-07-10
177,대명기업,"전북특별자치도 전주시 덕진구 감수길 30-12, B동(팔복동4가)",전북특별자치도 전주시 덕진구 팔복동4가 170-5 B동,5211313300101700005,0,35.8657328,127.1017840,2026-07-10
535,(주)대한특수한지,전북특별자치도 전주시 덕진구 신복천변3길 17 (팔복동1가),전북특별자치도 전주시덕진구 팔복동1가 219-1번지,5211310800102190001,0,35.8580550,127.1067641,2026-07-10
453,삼성 ENG,전북특별자치도 전주시 덕진구 성곡길 16-4 (성덕동),전북특별자치도 전주시 덕진구 성덕동 4-4번지,5211312600100040004,0,35.8751098,127.0473126,2026-07-10
664,거문예석,전북특별자치도 전주시 덕진구 온고을로 533 (여의동),전북특별자치도 전주시 덕진구 여의동 1018-2번지,5211313000110180002,0,35.8544149,127.0717179,2026-07-10
377,(주)신산이,전북특별자치도 전주시 덕진구 비석날로 59-11 (여의동),전북특별자치도 전주시 덕진구 여의동 660-34번지,5211313000106600034,0,35.8571568,127.0788694,2026-07-10
445,(주)세원하드페이싱,전북특별자치도 전주시 덕진구 서귀로 183 (여의동),전북특별자치도 전주시덕진구 여의동 532-1번지,5211313000105320001,0,35.8548857,127.0794185,2026-07-10
32,(주)대양실업,"전북특별자치도 전주시 덕진구 구렛들3길 50 (팔복동1가, (주)대양실업)",전북특별자치도 전주시덕진구 팔복동1가 356-1번지,5211310800103560001,0,35.8620318,127.0997683,2026-07-10
709,(주)삼화엔지니어링,전북특별자치도 전주시 덕진구 원만성로 21-14 (팔복동3가),전북특별자치도 전주시 덕진구 팔복동3가 820번지,5211311000108200000,0,35.8528478,127.0834622,2026-07-10
422,주식회사모디,"전북특별자치도 전주시 덕진구 상리1길 34, 205호 (팔복동2가)",전북특별자치도 전주시 덕진구 팔복동2가 270 205호,5211310900102700000,0,35.8521482,127.1006716,2026-07-10
62,금호기계,전북특별자치도 전주시 덕진구 팔복동4가 364-20번지,전북특별자치도 전주시 덕진구 팔복동4가 364-20번지,5211313300103640020,0,35.8632165,127.0979004,2026-07-10
888,경일화학공업사,전북특별자치도 전주시 덕진구 추천로 25-1 (팔복동3가),전북특별자치도 전주시덕진구 팔복동3가 44번지,5211311000100440000,0,35.8413130,127.1005938,2026-07-10
951,대진이엔지,전북특별자치도 전주시 덕진구 평리마을길 10 (고랑동),전북특별자치도 전주시덕진구 고랑동 537-3번지,5211312900105370003,0,35.8879465,127.0879983,2026-07-10
104,전주화학,전북특별자치도 전주시 덕진구 팔과정로 194 (팔복동4가) 외 1필지,전북특별자치도 전주시덕진구 팔복동4가 364-18번지 외 1필지,5211313300103640018,1,35.8632868,127.0974694,2026-07-10
147,(주)휴데코,"전북특별자치도 전주시 덕진구 팔과정로 20 (팔복동3가, 덕진아파트형공장) 1동 1층 101호",전북특별자치도 전주시 덕진구 팔복동3가 1동 1층 101호,,0,,,2026-07-10
540,주식회사 해빙 농업회사법인,전북특별자치도 전주시 덕진구 신성길 149 (화전동),전북특별자치도 전주시 덕진구 화전동 1075번지,5211312400110750000,0,35.8906637,127.0361996,2026-07-10
646,에덴식품,전북특별자치도 전주시 덕진구 영동길 55-1(장동),전북특별자치도 전주시 덕진구 장동 377-1,5211313200103770001,0,35.8534121,127.0580289,2026-07-10
145,(주)지오다임,"전북특별자치도 전주시 덕진구 팔과정로 20, 404호 (팔복동3가)",전북특별자치도 전주시덕진구 팔복동3가 422번지 404호,5211311000104220000,0,35.8504409,127.0865238,2026-07-10
481,(주)아성산업,전북특별자치도 전주시 덕진구 신복로 102-3 (팔복동4가),전북특별자치도 전주시덕진구 팔복동4가 234-1번지,5211313300102340001,0,35.8594731,127.1046399,2026-07-10
128,피엠티,"전북특별자치도 전주시 덕진구 구렛들3길 50, 2동 2층 (팔복동4가, (주)대양실업)",전북특별자치도 전주시 덕진구 팔복동4가 244-5번지 (주)대양실업 2동 2층,5211313300102440005,0,35.8627232,127.1003277,2026-07-10
278,삼남도정공장,전북특별자치도 전주시 덕진구 동산동 379번지,전북특별자치도 전주시 덕진구 동산동 379번지,,0,,,2026-07-10
257,재단법인 전주푸드통합지원센터,전북특별자치도 전주시 덕진구 도강길 82 (도도동) 외 2필지,전북특별자치도 전주시 덕진구 도도동 480-1 외 2필지,5211313400104800001,2,35.8833806,127.0174737,2026-07-10
626,우리테크,전북특별자치도 전주시 덕진구 야전2길 43-1 (팔복동4가),전북특별자치도 전주시 덕진구 팔복동4가 226-48번지,5211313300102260048,0,35.8613153,127.1055987,2026-07-10
914,동양화학,전북특별자치도 전주시 덕진구 팔복5길 41-14 (팔복동2가),전북특별자치도 전주시 덕진구 팔복동2가 243-8번지,5211310900102430008,0,35.8510045,127.1053894,2026-07-10
493,(주)필자임,전북특별자치도 전주시 덕진구 신복로 18-12 (팔복동1가),전북특별자치도 전주시 덕진구 팔복동1가 197-37번지,5211310800101970037,0,35.8543874,127.1116292,2026-07-10
919,한솔비앤에스,"전북특별자치도 전주시 덕진구 팔복로 11 (팔복동2가, 공장)",전북특별자치도 전주시 덕진구 팔복동2가 125-1번지,5211310900101250001,0,35.8473708,127.1039076,2026-07-10
77,모듈우드(MODULAR&WOOD),"전북특별자치도 전주시 덕진구 구렛들3길 53, 1층(팔복동4가)",전북특별자치도 전주시 덕진구 팔복동4가 247-1 1층,5211313300102470001,0,35.8628545,127.0986814,2026-07-10
186,제원산업,전북특별자치도 전주시 덕진구 감수길 30-35 (팔복동4가),전북특별자치도 전주시덕진구 팔복동4가 167-6번지,5211313300101670006,0,35.8668662,127.1007454,2026-07-10
866,아기사랑,전북특별자치도 전주시 덕진구 추천5길 10 (팔복동2가),전북특별자치도 전주시덕진구 팔복동2가 24-25번지,5211310900100240025,0,35.8515550,127.1069654,2026-07-10
11,(유)금강특수유리,"전북특별자치도 전주시 덕진구 기린대로 734 (팔복동1가, 금강특수유리)",전북특별자치도 전주시 덕진구 팔복동1가 310-1번지,5211310800103100001,0,35.8557894,127.1026799,2026-07-10
425,제이케이생명과학주식회사,"전북특별자치도 전주시 덕진구 상리1길 34, 별관2동 (팔복동2가)",전북특별자치도 전주시 덕진구 팔복동2가 270번지 별관2동,5211310900102700000,0,35.8521482,127.1006716,2026-07-10
898,(주)평화공업,전북특별자치도 전주시 덕진구 추천로 47 (팔복동3가),전북특별자치도 전주시덕진구 팔복동3가 27번지,5211311000100270000,0,35.8444216,127.1016526,2026-07-10
472,신안전기제작소,전북특별자치도 전주시 덕진구 신복1길 32 (팔복동1가),전북특별자치도 전주시덕진구 팔복동1가 129번지,5211310800101290000,0,35.8530143,127.1085034,2026-07-10
501,창성유리,전북특별자치도 전주시 덕진구 신복로 18-21 (팔복동1가),전북특별자치도 전주시 덕진구 팔복동1가 197-3번지,5211310800101970003,0,35.8556071,127.1116523,2026-07-10
54,(주)피치케이블,전북특별자치도 전주시 덕진구 신복로 121 (팔복동1가),전북특별자치도 전주시 덕진구 팔복동1가 243-74번지,5211310800102430074,0,35.8604019,127.1023267,2026-07-10
925,(주)피치케이블,"전북특별자치도 전주시 덕진구 팔복로 17-6, 3동 (팔복동2가)",전북특별자치도 전주시 덕진구 팔복동2가 106-1번지 3동,5211310900101060001,0,35.8472315,127.1031360,2026-07-10
73,라벨리,전북특별자치도 전주시 덕진구 신복로 113 (팔복동1가),전북특별자치도 전주시덕진구 팔복동1가 238-4번지,5211310800102380004,0,35.8594444,127.1032403,2026-07-10
103,전북브레이커,전북특별자치도 전주시 덕진구 신복로 119-10 (팔복동1가),전북특별자치도 전주시 덕진구 팔복동1가 243-76번지,5211310800102430076,0,35.8597861,127.1017139,2026-07-10
209,(유)팔복제지,전북특별자치도 전주시 덕진구 구주길 7 (팔복동3가),전북특별자치도 전주시덕진구 팔복동3가 18-1번지,5211311000100180001,0,35.8452896,127.1028376,2026-07-10
75,루미컴(주),전북특별자치도 전주시 덕진구 상리1길 46 (팔복동2가),전북특별자치도 전주시 덕진구 팔복동2가 170-2번지,5211310900101700002,0,35.8512151,127.1020605,2026-07-10
616,(주)대연콘크리트,전북특별자치도 전주시 덕진구 야전1길 24 (팔복동4가),전북특별자치도 전주시 덕진구 팔복동4가 210번지,5211313300102100000,0,35.8636748,127.1036045,2026-07-10
443,(주)개암이엔티,전북특별자치도 전주시 덕진구 서귀로 150-4 (여의동),전북특별자치도 전주시 덕진구 여의동 530-16번지,,0,,,2026-07-10
151,농업회사법인 렛츠팜 (주),"전북특별자치도 전주시 덕진구 팔과정로 20, 3층 301 (팔복동3가, 덕진아파트형공장) 3층 301호",전북특별자치도 전주시 덕진구 팔복동3가 422번지 덕진아파트형공장 3층 301 3층 301호,5211311000104220000,0,35.8504409,127.0865238,2026-07-10
555,(주)바른길,전북특별자치도 전주시 덕진구 신성길 82 (성덕동),전북특별자치도 전주시 덕진구 성덕동 172-10번지,5211312600101720010,0,35.8847658,127.0374523,2026-07-10
221,기언산업,전북특별자치도 전주시 덕진구 기린대로 1116 (반월동),전북특별자치도 전주시 덕진구 반월동 748-5,5211312300107480005,0,35.8730498,127.0658944,2026-07-10
635,대림정공,전북특별자치도 전주시 덕진구 여산로 74-19 (여의동),전북특별자치도 전주시 덕진구 여의동 751-5번지,5211313000107510005,0,35.8604806,127.0775625,2026-07-10
120,주식회사제이케이물산,,전북특별자치도 전주시 덕진구 팔복동1가 279-10,5211310800102790010,0,35.8577459,127.1044381,2026-07-10
189,주식회사 나라전기,전북특별자치도 전주시 덕진구 감수길 30-7 (팔복동4가) 외 1필지,전북특별자치도 전주시덕진구 팔복동4가 169-1번지 외 1필지,5211313300101690001,1,35.8657859,127.1005970,2026-07-10
266,(주)신흥종합주방설비,"전북특별자치도 전주시 덕진구 동부대로 1375, 신흥종합주방설비 (고랑동)",전북특별자치도 전주시 덕진구 고랑동 294-28 신흥종합주방설비,5211312900102940028,0,35.8711556,127.0969115,2026-07-10
252,(주)그린,"전북특별자치도 전주시 덕진구 덕촌길 43, A동 (팔복동3가)",전북특별자치도 전주시 덕진구 팔복동3가 134-2번지 A동,5211311000101340002,0,35.8447586,127.0981348,2026-07-10
904,전흥지관주식회사,전북특별자치도 전주시 덕진구 추천로 76-8 (팔복동3가) 외 1필지,전북특별자치도 전주시덕진구 팔복동3가 13-1번지 외 1필지,5211311000100130001,1,35.8449230,127.1034659,2026-07-10
643,고려자연식품(주),전북특별자치도 전주시 덕진구 여실길 34 (여의동),전북특별자치도 전주시덕진구 여의동 1170-3번지 1169번지,5211313000111700003,0,35.8656487,127.0681318,2026-07-10
929,씨에프씨특장,전북특별자치도 전주시 덕진구 팔복로 233 (여의동),전북특별자치도 전주시 덕진구 여의동 539-9번지,5211313000105390009,0,35.8572673,127.0825876,2026-07-10
778,바다정수산업(주),전북특별자치도 전주시 덕진구 장동 608-5번지,전북특별자치도 전주시 덕진구 장동 608-5번지,5211313200106080005,0,35.8514925,127.0650848,2026-07-10
618,동안페이퍼보드(주),전북특별자치도 전주시 덕진구 야전1길 61 (팔복동4가),전북특별자치도 전주시덕진구 팔복동4가 215-10번지,5211313300102150010,0,35.8665068,127.1048126,2026-07-10
652,(주)신화,전북특별자치도 전주시 덕진구 오신2길 27 (성덕동),전북특별자치도 전주시 덕진구 성덕동 175-13,5211312600101750013,0,35.8830808,127.0338085,2026-07-10
856,(유)세윤건설산업,전북특별자치도 전주시 덕진구 초포다리로 19 (호성동1가),전북특별자치도 전주시 덕진구 호성동1가 708-2번지,5211311600107080002,0,35.8580157,127.1573554,2026-07-10
525,현대산업기계,전북특별자치도 전주시 덕진구 신복천변1길 13-3 (팔복동1가),전북특별자치도 전주시 덕진구 팔복동1가 174-3번지,5211310800101740003,0,35.8566532,127.1089100,2026-07-10
35,(주)명진,"전북특별자치도 전주시 덕진구 신복로 119-8, (주)명진 (팔복동1가)",전북특별자치도 전주시 덕진구 팔복동1가 243-77번지,5211310800102430077,0,35.8597743,127.1023335,2026-07-10
56,(주)홈에디션명진,전북특별자치도 전주시 덕진구 구렛들1길 14(팔복동1가),전북특별자치도 전주시 덕진구 팔복동1가 263-71,5211310800102630071,0,35.8572353,127.1008845,2026-07-10
886,(주)홈에디션명진,전북특별자치도 전주시 덕진구 추천로 237 (팔복동1가),전북특별자치도 전주시덕진구 팔복동1가 16-2번지,5211310800100160002,0,35.8562373,127.1143236,2026-07-10
504,휴먼피아코스텍(주),전북특별자치도 전주시 덕진구 신복로 18-6 (팔복동1가),전북특별자치도 전주시 덕진구 팔복동1가 197-51번지,5211310800101970051,0,35.8538165,127.1115919,2026-07-10
407,성주산업,전북특별자치도 전주시 덕진구 삼례로 53 (반월동),전북특별자치도 전주시 덕진구 반월동 612-25번지,5211312300106120025,0,35.8825410,127.0761833,2026-07-10
173,삼성산업,전북특별자치도 전주시 덕진구 감수길 10-10 (팔복동4가),전북특별자치도 전주시덕진구 팔복동4가 209번지,5211313300102090000,0,35.8638333,127.1021661,2026-07-10
439,동화전산(주),전북특별자치도 전주시 덕진구 상리로 40-1 (팔복동2가),전북특별자치도 전주시덕진구 팔복동2가 262-3번지,5211310900102620003,0,35.8520614,127.1040574,2026-07-10
9,주식회사 다시,전북특별자치도 전주시 완산구 정여립로 655-34 (상림동),전북특별자치도 전주시 완산구 상림동 762-7번지,5211114500107620007,0,35.8091384,127.0687129,2026-07-10
498,(유)유덕산업전기,전북특별자치도 전주시 덕진구 신복로 18-15 (팔복동1가),전북특별자치도 전주시 덕진구 팔복동1가 197-43번지,5211310800101970043,0,35.8553132,127.1103995,2026-07-10
536,(주)무성산업,전북특별자치도 전주시 덕진구 신복천변3길 38 (팔복동1가),전북특별자치도 전주시 덕진구 팔복동1가 218-6번지,,0,,,2026-07-10
30,(주)금강고려화학,"전북특별자치도 전주시 덕진구 동곡로 84 (팔복동2가, KCC물류센터)",전북특별자치도 전주시 덕진구 팔복동2가 339-1번지,5211310900103390001,0,35.8584263,127.0943603,2026-07-10
267,정유리,전북특별자치도 전주시 덕진구 동부대로 1382-20 (고랑동) 외 1필지,전북특별자치도 전주시 덕진구 고랑동 293-5번지 외 1필지,5211312900102930005,1,35.8722677,127.0970616,2026-07-10
921,(유)삼신기업,전북특별자치도 전주시 덕진구 팔복로 17-20 (팔복동2가),전북특별자치도 전주시 덕진구 팔복동2가 105-4번지,5211310900101050004,0,35.8466504,127.1034644,2026-07-10
922,(유)삼신테크,전북특별자치도 전주시 덕진구 팔복로 17-20 (팔복동2가),전북특별자치도 전주시 덕진구 팔복동2가 105-4번지,5211310900101050004,0,35.8466504,127.1034644,2026-07-10
1270,(주)모리아성구사,전북특별자치도 전주시덕진구 팔복동2가 797-4번지 외 2필지,전북특별자치도 전주시덕진구 팔복동2가 797-4번지 외 2필지,5211310900107970004,2,35.8640812,127.0816841,2026-07-10
885,(유)금오안전,전북특별자치도 전주시 덕진구 추천로 217-9 (팔복동1가),전북특별자치도 전주시 덕진구 팔복동1가 10-3번지,5211310800100100003,0,35.8554444,127.1139982,2026-07-10
90,성화복층유리,전북특별자치도 전주시 덕진구 신복천변로 17 (팔복동1가),전북특별자치도 전주시 덕진구 팔복동1가 270-4번지,5211310800102700004,0,35.8562405,127.1031166,2026-07-10
125,터보엔지니어링(주),전북특별자치도 전주시 덕진구 기린대로 772 (팔복동1가),전북특별자치도 전주시덕진구 팔복동1가 263-80번지,5211310800102630080,0,35.8576611,127.0988254,2026-07-10
713,신영 주식회사,전북특별자치도 전주시 덕진구 원만성로 21-28 (여의동),전북특별자치도 전주시 덕진구 여의동 817-3번지,5211313000108170003,0,35.8533821,127.0831949,2026-07-10
1028,두메산골 영농조합법인,전북특별자치도 전주시 완산구 능안자구길 53 (삼천동3가) (총 2 필지) 외 1필지,전북특별자치도 전주시 완산구 삼천동3가 310번지 외 1필지,5211113900103100000,1,35.8009362,127.0857924,2026-07-10
777,바다ENG,전북특별자치도 전주시 덕진구 장동 607-5번지,전북특별자치도 전주시 덕진구 장동 607-5번지,5211313200106070005,0,35.8522876,127.0651426,2026-07-10
150,노빅(주),"전북특별자치도 전주시 덕진구 팔과정로 20, 5층 503-2 (팔복동3가, 덕진아파트형공장) 5층 503-2호",전북특별자치도 전주시 덕진구 팔복동3가 422번지 덕진아파트형공장 5층 503-2 5층 503-2호,5211311000104220000,0,35.8504409,127.0865238,2026-07-10
747,(주)에이씨에스이(ACSE),"전북특별자치도 전주시 덕진구 유상로 49 (팔복동2가, 뉴파워플라즈마)",전북특별자치도 전주시 덕진구 팔복동2가 743번지 뉴파워플라즈마,5211310900107430000,0,35.8613723,127.0813539,2026-07-10
291,주식회사 피움,"전북특별자치도 전주시 덕진구 만성북로 51-25, (만성동, 스페이스온 지식산업센터) 스페이스온동 3층 3061호",전북특별자치도 전주시 덕진구 만성동 1345-3 스페이스온 지식산업센터 스페이스온동 3층 3061호,5211313100113450003,0,35.8490529,127.0826311,2026-07-10
46,(주)우리냉장,전북특별자치도 전주시 덕진구 구렛들2길 25 (팔복동1가),전북특별자치도 전주시 덕진구 팔복동1가 325-7번지,5211310800103250007,0,35.8589341,127.0996144,2026-07-10
437,삼화정밀,전북특별자치도 전주시 덕진구 상리로 30 (팔복동2가),전북특별자치도 전주시덕진구 팔복동2가 165-1번지,5211310900101650001,0,35.8511153,127.1035578,2026-07-10
1050,가람유리샷시,전북특별자치도 전주시 완산구 모과길 5 (삼천동3가),전북특별자치도 전주시 완산구 삼천동3가 211-1번지,5211113900102110001,0,35.7930569,127.0878783,2026-07-10
751,태광ENG,"전북특별자치도 전주시 덕진구 유상로 67, 7동 (팔복동2가)",전북특별자치도 전주시 덕진구 팔복동2가 750-1번지 7동,5211310900107500001,0,35.8619276,127.0804317,2026-07-10
42,(주)쏘렉스,전북특별자치도 전주시 덕진구 구렛들1길 46 (팔복동1가),전북특별자치도 전주시 덕진구 팔복동1가 243-3번지,5211310800102430003,0,35.8611919,127.1010935,2026-07-10
78,미광식품,전북특별자치도 전주시 덕진구 상리1길 7 (팔복동2가),전북특별자치도 전주시덕진구 팔복동2가 290-4번지,5211310900102900004,0,35.8540090,127.1029109,2026-07-10
964,리온테크놀로지,"전북특별자치도 전주시 덕진구 혁신로 401, 산업혁신센터 304호 (장동)",전북특별자치도 전주시덕진구 장동 452-69번지 산업혁신센터 304호,5211313200104520069,0,35.8515797,127.0606061,2026-07-10
760,(주)전일특수금속,전북특별자치도 전주시 덕진구 유제로 45-3 (여의동),전북특별자치도 전주시덕진구 여의동 531-25번지,5211313000105310025,0,35.8551395,127.0814260,2026-07-10
89,선진샤링,전북특별자치도 전주시 덕진구 신복천변로 21 (팔복동1가),전북특별자치도 전주시 덕진구 팔복동1가 270-6번지,5211310800102700006,0,35.8568431,127.1035918,2026-07-10
232,대호무역 주식회사,전북특별자치도 전주시 덕진구 기린대로 662 (팔복동2가),전북특별자치도 전주시 덕진구 팔복동2가 13-7번지,5211310900100130007,0,35.8518569,127.1092708,2026-07-10
477,함씨네토종콩식품,전북특별자치도 전주시 덕진구 신복5길 10 (팔복동1가),전북특별자치도 전주시덕진구 팔복동1가 137-2번지,5211310800101370002,0,35.8539005,127.1063082,2026-07-10
384,(유)청우이엔티,"전북특별자치도 전주시 덕진구 비석날로 99, 3동 (팔복동2가)",전북특별자치도 전주시 덕진구 팔복동2가 738 3동,5211310900107380000,0,35.8602353,127.0819570,2026-07-10
386,(유)지구엔비텍,"전북특별자치도 전주시 덕진구 비석날로 99, 제조시설 1동, 부대시설 2동 (팔복동2가)","전북특별자치도 전주시 덕진구 팔복동2가 738 제조시설 1동, 부대시설 2동",5211310900107380000,0,35.8602353,127.0819570,2026-07-10
909,덕진철망,전북특별자치도 전주시 덕진구 팔과정로 199 (팔복동4가) 외 1필지,전북특별자치도 전주시 덕진구 팔복동4가 249-50번지 외 1필지,5211313300102490050,1,35.8640888,127.0962671,2026-07-10
811,유한회사 에이피공조산업,전북특별자치도 전주시 덕진구 전미중앙로 54-11 (전미동2가),전북특별자치도 전주시 덕진구 전미동2가 108-8번지,5211312000101080008,0,35.8796304,127.1044256,2026-07-10
883,대진식품,"전북특별자치도 전주시 덕진구 추천로 217-14, 대진식품 (팔복동1가)",전북특별자치도 전주시 덕진구 팔복동1가 711-2번지 대진식품,5211310800107110002,0,35.8560666,127.1146636,2026-07-10
38,(주)삼양전력,전북특별자치도 전주시 덕진구 구렛들3길 53 (팔복동4가),전북특별자치도 전주시덕진구 팔복동4가 247-1번지,5211313300102470001,0,35.8628545,127.0986814,2026-07-10
148,(주)휴먼드림,"전북특별자치도 전주시 덕진구 팔과정로 20, 4층 403-1, 403-2, 403-3 (팔복동3가, 덕진아파트형공장)","전북특별자치도 전주시 덕진구 팔복동3가 422번지 덕진아파트형공장 4층 403-1, 403-2, 403-3",5211311000104220000,0,35.8504409,127.0865238,2026-07-10
101,인우산업(주),"전북특별자치도 전주시 덕진구 신복천변로 31, 인우산업 (팔복동1가)",전북특별자치도 전주시 덕진구 팔복동1가 279-12번지,5211310800102790012,0,35.8574573,127.1042351,2026-07-10
366,(유)제이피엠,전북특별자치도 전주시 덕진구 번영로 302 (성덕동),전북특별자치도 전주시 덕진구 성덕동 157-1번지,5211312600101570001,0,35.8765134,127.0401851,2026-07-10
367,유한회사 하오웰리스 농업회사법인,전북특별자치도 전주시 덕진구 번영로 302(성덕동),전북특별자치도 전주시 덕진구 성덕동 157-1,5211312600101570001,0,35.8765134,127.0401851,2026-07-10
619,(유)대연산업,전북특별자치도 전주시 덕진구 야전1길 71 (팔복동4가),전북특별자치도 전주시덕진구 팔복동4가 180-2번지,5211313300101800002,0,35.8669988,127.1051619,2026-07-10
514,주식회사 에코하이테크,전북특별자치도 전주시 덕진구 신복로 37 (팔복동1가),전북특별자치도 전주시 덕진구 팔복동1가 190-2번지,5211310800101900002,0,35.8545320,127.1091476,2026-07-10
744,세진기계,전북특별자치도 전주시 덕진구 원화전1길 57-74 (반월동),전북특별자치도 전주시 덕진구 반월동 30-2번지,,0,,,2026-07-10
651,(주)강동오케익,"전북특별자치도 전주시 덕진구 오신2길 24-21 (성덕동, (주)강동오케익)",전북특별자치도 전주시덕진구 성덕동 175-6번지,5211312600101750006,0,35.8850974,127.0336559,2026-07-10
748,(주)브이앤아이,전북특별자치도 전주시 덕진구 유상로 67 (팔복동2가),전북특별자치도 전주시덕진구 팔복동2가 750-1번지,5211310900107500001,0,35.8619276,127.0804317,2026-07-10
641,(유)호비,전북특별자치도 전주시 덕진구 여산로 88-28 (여의동),전북특별자치도 전주시덕진구 여의동 751-6번지,5211313000107510006,0,35.8605965,127.0779283,2026-07-10
383,진성전기 주식회사,전북특별자치도 전주시 덕진구 비석날로 99 (팔복동2가),전북특별자치도 전주시 덕진구 팔복동2가 738번지,5211310900107380000,0,35.8602353,127.0819570,2026-07-10
57,(주)휴먼텍,전북특별자치도 전주시 덕진구 팔과정로 150 (팔복동1가),전북특별자치도 전주시 덕진구 팔복동1가 383-11,5211310800103830011,0,35.8598493,127.0942226,2026-07-10
14,(유)동성물산,"전북특별자치도 전주시 덕진구 신복로 119-11 (팔복동1가, 동성물산)",전북특별자치도 전주시덕진구 팔복동1가 238-5번지,5211310800102380005,0,35.8588213,127.1027371,2026-07-10
578,농업회사법인 전주비빔밥 유한회사,전북특별자치도 전주시 덕진구 신흥안길 49(고랑동),전북특별자치도 전주시 덕진구 고랑동 289-37,5211312900102890037,0,35.8743422,127.0936847,2026-07-10
759,주식회사 비엠에스,전북특별자치도 전주시 덕진구 유상로 70 (팔복동2가),전북특별자치도 전주시 덕진구 팔복동2가 774-15번지,5211310900107740015,0,35.8632135,127.0814844,2026-07-10
317,소공인융합협동조합,"전북특별자치도 전주시 덕진구 만성북로 51-25,(만성동, 스페이스온 지식산업센터) 스페이스온동 4층 4070호",전북특별자치도 전주시 덕진구 만성동 1345-3 스페이스온 지식산업센터 스페이스온동 4층 4070호,5211313100113450003,0,35.8490529,127.0826311,2026-07-10
480,(주)현솔,전북특별자치도 전주시 덕진구 신복로 102-21 (팔복동4가),전북특별자치도 전주시 덕진구 팔복동4가 236-1번지,5211313300102360001,0,35.8599367,127.1042686,2026-07-10
146,(주)티그리스코리아,전북특별자치도 전주시 덕진구 팔과정로 20 (팔복동3가) 1동 3층 303-1호,전북특별자치도 전주시 덕진구 팔복동3가 422-0 1동 3층 303-1호,5211311000104220000,0,35.8504409,127.0865238,2026-07-10
182,우정정공,전북특별자치도 전주시 덕진구 감수길 30-20 (팔복동4가),전북특별자치도 전주시덕진구 팔복동4가 170-2번지,5211313300101700002,0,35.8666577,127.1017106,2026-07-10
867,(주) 엔이알,"전북특별자치도 전주시 덕진구 추천5길 7, 2층(팔복동2가, 동화약품)",전북특별자치도 전주시 덕진구 팔복동2가 19-1 동화약품 2층,5211310900100190001,0,35.8518095,127.1078093,2026-07-10
184,혜인기계,전북특별자치도 전주시 덕진구 감수길 30-22 (팔복동4가),전북특별자치도 전주시덕진구 팔복동4가 170번지,5211313300101700000,0,35.8668031,127.1020018,2026-07-10
926,아이에스피케미칼,전북특별자치도 전주시 덕진구 팔복로 201 (팔복동3가),전북특별자치도 전주시 덕진구 팔복동3가 521-3번지,5211311000105210003,0,35.8558838,127.0856828,2026-07-10
207,광우산업,전북특별자치도 전주시 덕진구 구주길 12 (팔복동2가),전북특별자치도 전주시덕진구 팔복동2가 104-7번지,5211310900101040007,0,35.8459012,127.1026933,2026-07-10
887,(유)우신전기,전북특별자치도 전주시 덕진구 추천로 25-1 (팔복동3가),전북특별자치도 전주시 덕진구 팔복동3가 44번지,5211311000100440000,0,35.8413130,127.1005938,2026-07-10
47,(주)유니온씨티,전북특별자치도 전주시 덕진구 신복로 105(팔복동1가),전북특별자치도 전주시 덕진구 팔복동1가 238-3,5211310800102380003,0,35.8586587,127.1035141,2026-07-10
918,북전주콘크리트,전북특별자치도 전주시 덕진구 팔복동4가 960-70번지,전북특별자치도 전주시 덕진구 팔복동4가 960-70번지,5211313300109600070,0,35.8689737,127.1015872,2026-07-10
761,금광산업,전북특별자치도 전주시 덕진구 유제로 46 (여의동),전북특별자치도 전주시 덕진구 여의동 531-27번지,5211313000105310027,0,35.8547826,127.0820641,2026-07-10
430,해피상사,전북특별자치도 전주시 덕진구 상리4길 26 (팔복동2가),전북특별자치도 전주시 덕진구 팔복동2가 215번지,5211310900102150000,0,35.8514616,127.1014215,2026-07-10
85,삼일산업,"전북특별자치도 전주시 덕진구 구렛들2길 19(팔복동1가, 삼일산업공장) 외 1필지",전북특별자치도 전주시 덕진구 팔복동1가 263-78 삼일산업공장 외 1필지,5211310800102630078,1,35.8583966,127.0994168,2026-07-10
59,(주)힉스프로,전북특별자치도 전주시 덕진구 구렛들2길 19 (팔복동1가),전북특별자치도 전주시 덕진구 팔복동1가 263-78번지,5211310800102630078,0,35.8583966,127.0994168,2026-07-10
529,(주)힉스프로,전북특별자치도 전주시 덕진구 신복천변1길 28 (팔복동1가),전북특별자치도 전주시 덕진구 팔복동1가 200-1,5211310800102000001,0,35.8566496,127.1107134,2026-07-10
286,남양하우징,전북특별자치도 전주시 덕진구 만성동 707-15번지,전북특별자치도 전주시 덕진구 만성동 707-15번지,5211313100107070015,0,35.8311751,127.0730132,2026-07-10
153,디앤피기획,"전북특별자치도 전주시 덕진구 팔과정로 20, 5층 501-2 (팔복동3가, 덕진아파트형공장)",전북특별자치도 전주시 덕진구 팔복동3가 422번지 덕진아파트형공장 5층 501-2,5211311000104220000,0,35.8504409,127.0865238,2026-07-10
400,(유)정원이앤씨,전북특별자치도 전주시 덕진구 삼례로 136-36 (고랑동),전북특별자치도 전주시 덕진구 고랑동 965-2번지,,0,,,2026-07-10
940,부원상사,전북특별자치도 전주시 덕진구 팔복로 251-5 (여의동),전북특별자치도 전주시덕진구 여의동 539-21번지,5211313000105390021,0,35.8578450,127.0810917,2026-07-10
364,하예랑(주),전북특별자치도 전주시 덕진구 번영로 230-7 (성덕동),전북특별자치도 전주시 덕진구 성덕동 482-1번지,5211312600104820001,0,35.8758318,127.0337892,2026-07-10
61,금미식품,전북특별자치도 전주시 덕진구 상리1길 7 (팔복동2가),전북특별자치도 전주시덕진구 팔복동2가 290-4번지,5211310900102900004,0,35.8540090,127.1029109,2026-07-10
1261,중앙중기,"전북특별자치도 전주시덕진구 여의동 760-8,4번지","전북특별자치도 전주시덕진구 여의동 760-8,4번지",5211313000107600008,0,35.8577682,127.0807791,2026-07-10
558,가야테크,전북특별자치도 전주시 덕진구 신흥마을길 119 (고랑동),전북특별자치도 전주시 덕진구 고랑동 602-10번지,5211312900106020010,0,35.8767389,127.0879956,2026-07-10
893,제일유압공업사,"전북특별자치도 전주시 덕진구 추천로 269, 외1필지 (팔복동1가)",전북특별자치도 전주시 덕진구 팔복동1가 22-2번지,5211310800100220002,0,35.8575374,127.1117776,2026-07-10
896,(주)흥산화성,전북특별자치도 전주시 덕진구 추천로 365 (팔복동4가),전북특별자치도 전주시 덕진구 팔복동4가 213-1번지,5211313300102130001,0,35.8640359,127.1051872,2026-07-10
473,코튼클럽(주)전주2공장,"전북특별자치도 전주시 덕진구 신복1길 9, 1층 (팔복동2가)",전북특별자치도 전주시 덕진구 팔복동2가 10-7번지,5211310900100100007,0,35.8518709,127.1103396,2026-07-10
191,(주)대광전기,전북특별자치도 전주시 덕진구 감수길 40 (팔복동4가),전북특별자치도 전주시덕진구 팔복동4가 166-82번지,5211313300101660082,0,35.8659978,127.1005791,2026-07-10
696,(주)씨앤씨테크,전북특별자치도 전주시 덕진구 원고랑1길 35 (고랑동),전북특별자치도 전주시 덕진구 고랑동 304-7번지,5211312900103040007,0,35.8719522,127.0852438,2026-07-10
137,(주)모나리자전주공장,"전북특별자치도 전주시 덕진구 팔과정로 53 (팔복동3가, (주)모나리자)",전북특별자치도 전주시 덕진구 팔복동3가 400-2번지 (주)모나리자,5211311000104000002,0,35.8533364,127.0866265,2026-07-10
869,주식회사 한진기획 광고개발,전북특별자치도 전주시 덕진구 추천로 111-1 (팔복동2가),전북특별자치도 전주시 덕진구 팔복동2가 134-2번지,5211310900101340002,0,35.8481005,127.1057825,2026-07-10
48,(주)임호엔지니어링,전북특별자치도 전주시 덕진구 구렛들2길 15 (팔복동1가),전북특별자치도 전주시 덕진구 팔복동1가 263-79번지,5211310800102630079,0,35.8580409,127.0993754,2026-07-10
444,송학산업,전북특별자치도 전주시 덕진구 서귀로 180-4 (여의동),전북특별자치도 전주시덕진구 여의동 531-28번지,5211313000105310028,0,35.8554247,127.0810169,2026-07-10
712,(주)뿌리를지키는사람들,전북특별자치도 전주시 덕진구 원만성로 21-28 (여의동),전북특별자치도 전주시덕진구 여의동 817-3 번지,5211313000108170003,0,35.8533821,127.0831949,2026-07-10
489,(주)예텍,전북특별자치도 전주시 덕진구 신복로 18 (팔복동1가),전북특별자치도 전주시 덕진구 팔복동1가 197-38번지,5211310800101970038,0,,,2026-07-10
503,(주)창성창호산업,"전북특별자치도 전주시 덕진구 신복로 18-21, 공장동(팔복동1가)",전북특별자치도 전주시 덕진구 팔복동1가 197-3 공장동,5211310800101970003,0,35.8556071,127.1116523,2026-07-10
180,세림기계,전북특별자치도 전주시 덕진구 감수길 30-16 (팔복동4가) 외 1필지,전북특별자치도 전주시덕진구 팔복동4가 170-3 번지 외 1필지,5211313300101700003,1,35.8663486,127.1018624,2026-07-10
505,형일섬유,전북특별자치도 전주시 덕진구 신복로 20 (팔복동1가),전북특별자치도 전주시덕진구 팔복동1가 110-6번지,5211310800101100006,0,35.8539184,127.1109071,2026-07-10
934,삼원기계,전북특별자치도 전주시 덕진구 팔복로 245(여의동),전북특별자치도 전주시 덕진구 여의동 539-55,5211313000105390055,0,35.8576671,127.0815818,2026-07-10
306,농업회사법인 웰앤뷰 주식회사,"전북특별자치도 전주시 덕진구 만성북로 51-25, 4층 4109,4110호(만성동, 스페이스온 지식산업센터) 4층 4109,4110호","전북특별자치도 전주시 덕진구 만성동 1345-3 스페이스온 지식산업센터 4층 4109,4110호 4층 4109,4110호",5211313100113450003,0,35.8490529,127.0826311,2026-07-10
311,주식회사 씨엔와이더스,"전북특별자치도 전주시 덕진구 만성북로 51-25,(만성동, 스페이스온 지식산업센터) 스페이스온동 2층 2072호 외 2필지",전북특별자치도 전주시 덕진구 만성동 1345-3 스페이스온 지식산업센터 스페이스온동 2층 2072호 외 2필지,5211313100113450003,2,35.8490529,127.0826311,2026-07-10
1136,(주)세아조경개발,전북특별자치도 전주시 완산구 월선길 12-7 (삼천동3가),전북특별자치도 전주시 완산구 삼천동3가 490번지,5211113900104900000,0,35.7959682,127.0820270,2026-07-10
892,(유)미래정비공업사,전북특별자치도 전주시 덕진구 추천로 25-9 (팔복동3가),전북특별자치도 전주시덕진구 팔복동3가 38-2번지,5211311000100380002,0,35.8421538,127.1007775,2026-07-10
380,(유)플라테크,전북특별자치도 전주시 덕진구 비석날로 59-17 (여의동),전북특별자치도 전주시덕진구 여의동 660-43번지,5211313000106600043,0,35.8568566,127.0787697,2026-07-10
44,(주)에스알에어텍,"전북특별자치도 전주시 덕진구 상리로 45, 1층 102호, 지하(팔복동2가)","전북특별자치도 전주시 덕진구 팔복동2가 263-1 1층 102호, 지하",5211310900102630001,0,35.8524080,127.1032313,2026-07-10
74,랑컴퍼니,"전북특별자치도 전주시 덕진구 상리로 45, 나동 501호(팔복동2가) 외 1필지",전북특별자치도 전주시 덕진구 팔복동2가 263-1 나동 501호 외 1필지,5211310900102630001,1,35.8524080,127.1032313,2026-07-10
70,드림패션,"전북특별자치도 전주시 덕진구 구렛들3길 48, 103호 (팔복동1가, 신한봉제)",전북특별자치도 전주시 덕진구 팔복동1가 356-4번지 신한봉제 103호,5211310800103560004,0,35.8614948,127.0990740,2026-07-10
496,부영철강(주) 2공장,전북특별자치도 전주시 덕진구 신복로 18-13 (팔복동1가),전북특별자치도 전주시 덕진구 팔복동1가 197-46번지,5211310800101970046,0,35.8549753,127.1107751,2026-07-10
497,부영철강주식회사,전북특별자치도 전주시 덕진구 신복로 18-14 (팔복동1가),전북특별자치도 전주시 덕진구 팔복동1가 197-36번지,5211310800101970036,0,35.8548490,127.1117589,2026-07-10
40,(주)삼호화공기계제작소,"전북특별자치도 전주시 덕진구 구렛들1길 28-20 (팔복동1가, 삼호화공기계제작소)",전북특별자치도 전주시 덕진구 팔복동1가 267-7번지,5211310800102670007,0,35.8571115,127.1015298,2026-07-10
105,제이시바이오텍,"전북특별자치도 전주시 덕진구 구렛들3길 50, 2동 101호 (팔복동4가, (주)대양실업)",전북특별자치도 전주시 덕진구 팔복동4가 244-5번지 (주)대양실업 2동 101호,5211313300102440005,0,35.8627232,127.1003277,2026-07-10
639,미르기계,"전북특별자치도 전주시 덕진구 여산로 88-22, 3동 (여의동)",전북특별자치도 전주시 덕진구 여의동 751-3번지 3동,5211313000107510003,0,35.8607804,127.0775496,2026-07-10
640,주식회사 제이티,"전북특별자치도 전주시 덕진구 여산로 88-22, 4동 (여의동) 외 1필지",전북특별자치도 전주시 덕진구 여의동 751-3 4동 외 1필지,5211313000107510003,1,,,2026-07-10
1271,유진산업,전북특별자치도 전주시덕진구 팔복동4가 960-69번지,전북특별자치도 전주시덕진구 팔복동4가 960-69번지,5211313300109600069,0,35.8688992,127.1014223,2026-07-10
132,호남포장인쇄,전북특별자치도 전주시 덕진구 상리2길 39,전북특별자치도 전주시 덕진구 팔복동2가 353-8,5211310900103530008,0,35.8528844,127.1002424,2026-07-10
1269,주식회사 엔아이비,전북특별자치도 전주시덕진구 팔복동2가 750번지 첨단벤처단지8동,전북특별자치도 전주시덕진구 팔복동2가 750번지 첨단벤처단지8동,,0,,,2026-07-10
60,경동흥업(주)전주제2공장,전북특별자치도 전주시 덕진구 신복천변로 23-11 (팔복동1가) 외 1필지,전북특별자치도 전주시 덕진구 팔복동1가 266-3 외 1필지,5211310800102660003,1,,,2026-07-10
187,주식회사 광진기계,전북특별자치도 전주시 덕진구 감수길 30-44 (팔복동4가),전북특별자치도 전주시덕진구 팔복동4가 180-13번지,5211313300101800013,0,35.8684107,127.1016811,2026-07-10
399,(유)전라창호,전북특별자치도 전주시 덕진구 삼례로 124 (고랑동),전북특별자치도 전주시 덕진구 고랑동 967-17번지,5211312900109670017,0,35.8887782,127.0778193,2026-07-10
617,천일제지(주),전북특별자치도 전주시 덕진구 야전1길 27 (팔복동4가) (총 11 필지) 외 10필지,전북특별자치도 전주시 덕진구 팔복동4가 215-33번지 외 10필지,5211313300102150033,10,35.8647443,127.1025649,2026-07-10
530,중앙창호,전북특별자치도 전주시 덕진구 신복천변1길 31 (팔복동1가),전북특별자치도 전주시 덕진구 팔복동1가 204-9번지,5211310800102040009,0,35.8576265,127.1102176,2026-07-10
22,(유)전북가설,전북특별자치도 전주시 덕진구 기린대로 752 (팔복동1가),전북특별자치도 전주시 덕진구 팔복동1가 316-4번지,5211310800103160004,0,35.8566725,127.1008047,2026-07-10
890,국제중기정비공업사,전북특별자치도 전주시 덕진구 추천로 25-15 (팔복동3가),전북특별자치도 전주시덕진구 팔복동3가 38-3번지,5211311000100380003,0,35.8428756,127.1012450,2026-07-10
895,(주)대성나염,전북특별자치도 전주시 덕진구 추천로 349 (팔복동4가),전북특별자치도 전주시 덕진구 팔복동4가 215-64번지,5211313300102150064,0,35.8619732,127.1053802,2026-07-10
129,하이트맥주(주)전주지점,전북특별자치도 전주시 덕진구 신복천변로 39 (팔복동1가) (총 2 필지) 외 1필지,전북특별자치도 전주시 덕진구 팔복동1가 269-11번지 외 1필지,5211310800102690011,1,35.8581552,127.1045858,2026-07-10
845,윈체어,전북특별자치도 전주시 덕진구 쪽구름로 100-7 (반월동) 3동,전북특별자치도 전주시 덕진구 반월동 238-8 3동,5211312300102380008,0,35.8745038,127.0739137,2026-07-10
746,대양물산(주),전북특별자치도 전주시 덕진구 원화전1길 57-98 (반월동),전북특별자치도 전주시 덕진구 반월동 30-6번지,5211312300100300006,0,35.8880724,127.0737725,2026-07-10
674,주식회사 에이엠에스,"전북특별자치도 전주시 덕진구 용덕길 5-9, 제1동 (용정동)",전북특별자치도 전주시 덕진구 용정동 592-7 제1동,5211312500105920007,0,35.8763737,127.0483895,2026-07-10
34,(주)명인이엔지,전북특별자치도 전주시 덕진구 구렛들3길 50 (팔복동1가),전북특별자치도 전주시 덕진구 팔복동1가 356-1번지,5211310800103560001,0,35.8620318,127.0997683,2026-07-10
23,(유)전주지관,전북특별자치도 전주시 덕진구 신복천변로 23-10 (팔복동1가),전북특별자치도 전주시덕진구 팔복동1가 268-3번지,5211310800102680003,0,35.8575603,127.1032212,2026-07-10
933,BJTEK,전북특별자치도 전주시 덕진구 팔복로 241 (여의동),전북특별자치도 전주시 덕진구 여의동 539-19번지,5211313000105390019,0,35.8576802,127.0817805,2026-07-10
323,농업회사법인 유한회사 전주이강주,"전북특별자치도 전주시 덕진구 매암길 28 (원동, 전주이강주) 외 1필지",전북특별자치도 전주시덕진구 원동 617-5번지 외 1필지,5211312700106170005,1,35.8735363,127.0269710,2026-07-10
82,반석빌딩,전북특별자치도 전주시 덕진구 기린대로 719 (팔복동2가),전북특별자치도 전주시 덕진구 팔복동2가 290-1번지,5211310900102900001,0,35.8543063,127.1029240,2026-07-10
210,농업회사법인 주식회사 옥전농산,전북특별자치도 전주시 덕진구 굴신길 13 (화전동),전북특별자치도 전주시 덕진구 화전동 686-6,5211312400106860006,0,35.8910720,127.0459791,2026-07-10
114,주식회사 오피체,전북특별자치도 전주시 덕진구 상리2길 31 (팔복동2가),전북특별자치도 전주시 덕진구 팔복동2가 333-16번지,5211310900103330016,0,35.8534509,127.1004337,2026-07-10
701,두산특장차,전북특별자치도 전주시 덕진구 원동로 258 (장동) (총 2 필지) 외 1필지,전북특별자치도 전주시 덕진구 장동 963-1번지 외 1필지,5211313200109630001,1,35.8685684,127.0479329,2026-07-10
53,(주)피치앤글로비스,전북특별자치도 전주시 덕진구 신복로 121 (팔복동1가),전북특별자치도 전주시 덕진구 신복로 121 (팔복동1가),,0,,,2026-07-10
958,가인금속,전북특별자치도 전주시 덕진구 한내로 17 (팔복동4가),전북특별자치도 전주시 덕진구 팔복동4가 998-6번지,5211313300109980006,0,35.8711644,127.1012863,2026-07-10
628,남성 티피씨,전북특별자치도 전주시 덕진구 양마마을길 34 (여의동),전북특별자치도 전주시 덕진구 여의동 1108-17번지,5211313000111080017,0,35.8583071,127.0705233,2026-07-10
627,(주)티디일렉스,전북특별자치도 전주시 덕진구 양마마을길 23 (여의동),전북특별자치도 전주시 덕진구 여의동 1108-7번지,5211313000111080007,0,35.8591770,127.0703773,2026-07-10
957,호남물류중기,전북특별자치도 전주시 덕진구 학산길 33 (팔복동2가),전북특별자치도 전주시덕진구 팔복동2가 448-1번지,5211310900104480001,0,35.8546272,127.0931535,2026-07-10
72,디케이(DK)산업,전북특별자치도 전주시 덕진구 신복천변로 39 (팔복동1가),전북특별자치도 전주시덕진구 팔복동1가 269-11번지,5211310800102690011,0,35.8581552,127.1045858,2026-07-10
468,태성어패럴,"전북특별자치도 전주시 덕진구 신복1길 11, 2층 (팔복동2가)",전북특별자치도 전주시 덕진구 팔복동2가 10-8번지 2층,5211310900100100008,0,35.8520507,127.1102769,2026-07-10
891,주식회사 진웅,전북특별자치도 전주시 덕진구 추천로 25-7 (팔복동3가),전북특별자치도 전주시 덕진구 팔복동3가 43번지,5211311000100430000,0,35.8417304,127.1006725,2026-07-10
159,전라북도합성수지공업협동조합,"전북특별자치도 전주시 덕진구 팔과정로 20, 501동 5층 1 (팔복동3가, 덕진아파트형공장)",전북특별자치도 전주시 덕진구 팔복동3가 422번지 덕진아파트형공장 501동 5층 1,5211311000104220000,0,35.8504409,127.0865238,2026-07-10
608,유한회사 동우솔루션,"전북특별자치도 전주시 덕진구 암실길 52, 1동 (반월동)",전북특별자치도 전주시 덕진구 반월동 619-26 1동,5211312300106190026,0,35.8788853,127.0671144,2026-07-10
381,세일석재,전북특별자치도 전주시 덕진구 비석날로 59-21 (여의동) 외 1필지,전북특별자치도 전주시덕진구 여의동 530-11번지 외 1필지,5211313000105300011,1,35.8566015,127.0785224,2026-07-10
669,주식회사 마르페,"전북특별자치도 전주시 덕진구 용덕길 3-30, 1동(용정동)",전북특별자치도 전주시 덕진구 용정동 281-35 1동,5211312500102810035,0,35.8764173,127.0474057,2026-07-10
447,진산화학,전북특별자치도 전주시 덕진구 서귀로 183 (여의동),전북특별자치도 전주시덕진구 여의동 532-1번지,5211313000105320001,0,35.8548857,127.0794185,2026-07-10
590,푸른시스템창호,전북특별자치도 전주시 덕진구 실리1길 13-3 (반월동),전북특별자치도 전주시 덕진구 반월동 755-24,5211312300107550024,0,35.8716947,127.0675724,2026-07-10
333,(유)우전케이블,전북특별자치도 전주시 덕진구 반룡로 158-1 (여의동),전북특별자치도 전주시덕진구 여의동 544-2번지,5211313000105440002,0,35.8620557,127.0786820,2026-07-10
21,(유)영창철강,전북특별자치도 전주시 덕진구 상리1길 21 (팔복동2가),전북특별자치도 전주시 덕진구 팔복동2가 267-1번지,5211310900102670001,0,35.8529360,127.1022265,2026-07-10
135,(재)자연환경연구소,"전북특별자치도 전주시 덕진구 팔과정로 20,(팔복동3가, 아파트형공장) 1동 4층 402-2호 외 1필지",전북특별자치도 전주시 덕진구 팔복동3가 422 아파트형공장 1동 4층 402-2호 외 1필지,5211311000104220000,1,35.8504409,127.0865238,2026-07-10
376,(주)명도실업,전북특별자치도 전주시 덕진구 비석날로 59-1 (여의동),전북특별자치도 전주시덕진구 여의동 660-41번지,5211313000106600041,0,35.8570343,127.0794687,2026-07-10
1257,(유)종합테크,전북특별자치도 전주시덕진구 고랑동 611-41 번지,전북특별자치도 전주시덕진구 고랑동 611-41 번지,5211312900106110041,0,35.8787234,127.0773458,2026-07-10
844,종합샤링,"전북특별자치도 전주시 덕진구 쪽구름2길 41, 외1필지 (반월동)",전북특별자치도 전주시덕진구 반월동 223-4번지 외1필지,5211312300102230004,1,35.8764872,127.0764417,2026-07-10
798,제일벤딩,전북특별자치도 전주시 덕진구 전미로 211 (전미동2가),전북특별자치도 전주시 덕진구 전미동2가 85-8번지,5211312000100850008,0,35.8867354,127.1058570,2026-07-10
152,대한통운(주)전주지점,"전북특별자치도 전주시 덕진구 팔복로 173 (팔복동3가, 대한통운(주)/ 한국암웨이IBO프라자) 외 2필지",전북특별자치도 전주시덕진구 팔복동3가 400 번지 외 2필지,5211311000104000000,2,35.8541344,127.0879364,2026-07-10
528,(유)검창금속,전북특별자치도 전주시 덕진구 신복천변1길 28 (팔복동1가),전북특별자치도 전주시 덕진구 팔복동1가 200-1번지,5211310800102000001,0,35.8566496,127.1107134,2026-07-10
560,주식회사 휴먼텍,"전북특별자치도 전주시 덕진구 신흥마을길 143, 1층 (고랑동)",전북특별자치도 전주시 덕진구 고랑동 332-1번지 1층,5211312900103320001,0,35.8775745,127.0902556,2026-07-10
642,(주)케미드,전북특별자치도 전주시 덕진구 여산로 88-8 (여의동),전북특별자치도 전주시덕진구 여의동 751번지,5211313000107510000,0,35.8608865,127.0771433,2026-07-10
19,(유)송림지류산업,전북특별자치도 전주시 덕진구 기린대로 746 (팔복동1가),전북특별자치도 전주시 덕진구 팔복동1가 316-10번지,5211310800103160010,0,35.8564052,127.1013185,2026-07-10
1266,(주)대아화공,전북특별자치도 전주시덕진구 팔복동1가 22-7번지,전북특별자치도 전주시덕진구 팔복동1가 22-7번지,5211310800100220007,0,35.8575324,127.1124289,2026-07-10
923,주식회사 엠파워,"전북특별자치도 전주시 덕진구 팔복로 17-20, H동 일부(팔복동2가)",전북특별자치도 전주시 덕진구 팔복동2가 108-1 H동 일부,5211310900101080001,0,35.8463988,127.1026953,2026-07-10
174,(유)고양산업,전북특별자치도 전주시 덕진구 감수길 10-42 (팔복동4가),전북특별자치도 전주시덕진구 팔복동4가 180-11번지,5211313300101800011,0,35.8671273,127.1034304,2026-07-10
897,유한회사 우신주방산업,전북특별자치도 전주시 덕진구 추천로 443-8 (팔복동4가),전북특별자치도 전주시 덕진구 팔복동4가 960-8,5211313300109600008,0,35.8696350,127.1024318,2026-07-10
409,미래테크,전북특별자치도 전주시 덕진구 삼례로 77 (반월동),전북특별자치도 전주시덕진구 반월동 612-53 번지,5211312300106120053,0,35.8849484,127.0765429,2026-07-10
188,원일수지,전북특별자치도 전주시 덕진구 감수길 30-54 (팔복동4가),전북특별자치도 전주시덕진구 팔복동4가 960-30번지,5211313300109600030,0,35.8688337,127.1021337,2026-07-10
968,(주)금천,전북특별자치도 전주시 덕진구 혁신로 616 (여의동),전북특별자치도 전주시 덕진구 여의동 1210-1번지,5211313000112100001,0,35.8666234,127.0720108,2026-07-10
743,(유)거상이엔지,"전북특별자치도 전주시 덕진구 원화전1길 57-62, 외2필지 (반월동)",전북특별자치도 전주시 덕진구 반월동 31-1번지,5211312300100310001,0,35.8894895,127.0726172,2026-07-10
1258,에스지테크,전북특별자치도 전주시덕진구 반월동 31-11,전북특별자치도 전주시덕진구 반월동 31-11,5211312300100310011,0,35.8894895,127.0728929,2026-07-10
757,(주)바로텍시너지,"전북특별자치도 전주시 덕진구 유상로 67, 첨단벤처단지 4동 (팔복동2가)",전북특별자치도 전주시 덕진구 팔복동2가 750-1번지 첨단벤처단지 4동,5211310900107500001,0,35.8619276,127.0804317,2026-07-10
382,진성정밀(주)제2공장,전북특별자치도 전주시 덕진구 비석날로 59-24 (여의동) 외 1필지,전북특별자치도 전주시덕진구 여의동 530-9번지 외 1필지,5211313000105300009,1,35.8563705,127.0780129,2026-07-10
878,주식회사 일신씨앤피,"전북특별자치도 전주시 덕진구 추천로 19, 1동 2층, 2동1층 일부(팔복동3가)","전북특별자치도 전주시 덕진구 팔복동3가 45 1동 2층, 2동1층 일부",5211311000100450000,0,35.8408579,127.1006875,2026-07-10
64,다온 주식회사 농업회사법인,전북특별자치도 전주시 덕진구 신복로 113 (팔복동1가),전북특별자치도 전주시 덕진구 팔복동1가 238-4,5211310800102380004,0,35.8594444,127.1032403,2026-07-10
284,진성산업,전북특별자치도 전주시 덕진구 만경강남로 31-23 (화전동),전북특별자치도 전주시 덕진구 화전동 66-8번지,5211312400100660008,0,35.8925061,127.0721667,2026-07-10
335,제이스케이블,전북특별자치도 전주시 덕진구 반룡로 161 (여의동),전북특별자치도 전주시 덕진구 여의동 544-20,5211313000105440020,0,35.8615879,127.0784723,2026-07-10
802,주식회사 수호전력,"전북특별자치도 전주시 덕진구 전미중앙로 141-82, 2동 1층(전미동2가)",전북특별자치도 전주시 덕진구 전미동2가 65-2 2동 1층,5211312000100650002,0,35.8899181,127.1078893,2026-07-10
474,(주)올그린텍,전북특별자치도 전주시 덕진구 신복2길 8-2 (팔복동1가),전북특별자치도 전주시 덕진구 팔복동1가 102-1,5211310800101020001,0,35.8533793,127.1099326,2026-07-10
506,(주)올그린텍,전북특별자치도 전주시 덕진구 신복로 21 (팔복동1가) (총 3 필지),전북특별자치도 전주시덕진구 팔복동1가 113-9,5211310800101130009,0,35.8535925,127.1103418,2026-07-10
124,키친파트너,전북특별자치도 전주시 덕진구 상리2길 29 (팔복동2가),전북특별자치도 전주시 덕진구 팔복동2가 333-12번지,5211310900103330012,0,35.8536935,127.1004392,2026-07-10
12,(유)금호주방,전북특별자치도 전주시 덕진구 상리2길 25 (팔복동2가),전북특별자치도 전주시 덕진구 팔복동2가 333-15번지,5211310900103330015,0,35.8540364,127.1004962,2026-07-10
557,(유)전주중기공업사,전북특별자치도 전주시 덕진구 신행로 56 (팔복동3가),전북특별자치도 전주시덕진구 팔복동3가 223-17번지,5211311000102230017,0,35.8501222,127.0935660,2026-07-10
653,(주)천년미소전통식품,전북특별자치도 전주시 덕진구 오신2길 46-18 (성덕동) 외 5필지,전북특별자치도 전주시 덕진구 성덕동 176-7번지 외 5필지,,5,,,2026-07-10
551,미동체어,전북특별자치도 전주시 덕진구 신성길 59 (성덕동),전북특별자치도 전주시 덕진구 성덕동 173-54번지,5211312600101730054,0,35.8824548,127.0358437,2026-07-10
65,대건벤딩산업,전북특별자치도 전주시덕진구 팔복동1가번지 279-11,전북특별자치도 전주시덕진구 팔복동1가번지 279-11,,0,,,2026-07-10
537,대한시앤시,전북특별자치도 전주시 덕진구 신복천변3길 38 (팔복동1가),전북특별자치도 전주시 덕진구 팔복동1가 218-6번지,,0,,,2026-07-10
736,(주)티엔티리써치,전북특별자치도 전주시 덕진구 원장동길 102 (장동),전북특별자치도 전주시 덕진구 장동 101-1번지,5211313200101010001,0,35.8499372,127.0625990,2026-07-10
500,유한회사 대건산업,전북특별자치도 전주시 덕진구 신복로 18-19 (팔복동1가),전북특별자치도 전주시 덕진구 팔복동1가 197-5번지,,0,,,2026-07-10
175,(주)태일기계,전북특별자치도 전주시 덕진구 감수길 30-12 (팔복동4가),전북특별자치도 전주시 덕진구 팔복동4가 170-5번지,5211313300101700005,0,35.8657328,127.1017840,2026-07-10
545,(주)전주주조,"전북특별자치도 전주시 덕진구 신성길 25-31 (성덕동, 주식회사 전주주조)",전북특별자치도 전주시덕진구 성덕동 175-19번지,5211312600101750019,0,35.8810328,127.0336121,2026-07-10
346,제이라이텍,전북특별자치도 전주시 덕진구 반월동 620-28번지,전북특별자치도 전주시 덕진구 반월동 620-28,5211312300106200028,0,35.8832232,127.0660171,2026-07-10
875,한국특수가스 주식회사,전북특별자치도 전주시 덕진구 추천로 177-8 (팔복동1가),전북특별자치도 전주시 덕진구 팔복동1가 93,5211310800100930000,0,35.8519794,127.1114269,2026-07-10
404,천광테크,전북특별자치도 전주시 덕진구 삼례로 145-3 (화전동),전북특별자치도 전주시 덕진구 화전동 54-7번지,5211312400100540007,0,35.8911992,127.0757968,2026-07-10
397,유한회사 제일주방,전북특별자치도 전주시 덕진구 삼례로 120 (고랑동),전북특별자치도 전주시 덕진구 고랑동 967-42,5211312900109670042,0,35.8884662,127.0775650,2026-07-10
928,이솔,"전북특별자치도 전주시 덕진구 팔복로 217, 1층(팔복동3가)",전북특별자치도 전주시 덕진구 팔복동3가 529-3 1층,5211311000105290003,0,35.8566327,127.0842028,2026-07-10
45,(주)엔씨케이산업,"전북특별자치도 전주시 덕진구 구렛들3길 48 (팔복동1가, 신한봉제)",전북특별자치도 전주시 덕진구 팔복동1가 356-4번지 신한봉제,5211310800103560004,0,35.8614948,127.0990740,2026-07-10
510,창무산업,전북특별자치도 전주시 덕진구 신복로 31 (팔복동1가),전북특별자치도 전주시 덕진구 팔복동1가 116-4번지,5211310800101160004,0,35.8541545,127.1095916,2026-07-10
662,(주)경원통신건설,전북특별자치도 전주시 덕진구 온고을로 485 (여의동),전북특별자치도 전주시덕진구 여의동 893-2번지,5211313000108930002,0,35.8519334,127.0757761,2026-07-10
634,유한회사 에이케이,전북특별자치도 전주시 덕진구 여산로 130-16(여의동),전북특별자치도 전주시 덕진구 여의동 551-4,5211313000105510004,0,35.8632492,127.0791377,2026-07-10
245,(유)건우창호건설,전북특별자치도 전주시 덕진구 기린대로 959 (여의동),전북특별자치도 전주시 덕진구 여의동 562-7번지,,0,,,2026-07-10
849,주식회사 시너시스,전북특별자치도 전주시 덕진구 청복길 360 -2(성덕동) 1층,전북특별자치도 전주시 덕진구 성덕동 산 28-0 1층,,0,,,2026-07-10
623,티앤씨,전북특별자치도 전주시 덕진구 야전2길 34-5 (팔복동4가),전북특별자치도 전주시 덕진구 팔복동4가 224-2번지,5211313300102240002,0,35.8608922,127.1048569,2026-07-10
282,석면관리키트,"전북특별자치도 전주시 덕진구 들사평로 41-2, 304호 (덕진동1가)",전북특별자치도 전주시 덕진구 덕진동1가 1268-9 304호,5211310500112680009,0,35.8400795,127.1241576,2026-07-10
538,(주) 백제중공업,전북특별자치도 전주시 덕진구 신복천변3길 44 (팔복동1가),전북특별자치도 전주시 덕진구 팔복동1가 166-1번지,5211310800101660001,0,35.8581279,127.1079663,2026-07-10
398,전라금속,전북특별자치도 전주시 덕진구 삼례로 122 (고랑동),전북특별자치도 전주시 덕진구 고랑동 967-18번지,5211312900109670018,0,35.8885386,127.0780658,2026-07-10
305,주식회사 이디에스원,"전북특별자치도 전주시 덕진구 만성북로 51-25, 4층 4048호(만성동, 스페이스온 지식산업센터) 4층 4048호",전북특별자치도 전주시 덕진구 만성동 1345-3 스페이스온 지식산업센터 4층 4048호 4층 4048호,5211313100113450003,0,35.8490529,127.0826311,2026-07-10
577,(유)성원엘리베이터,전북특별자치도 전주시 덕진구 신흥안길 39-7 (고랑동),전북특별자치도 전주시 덕진구 고랑동 317,5211312900103170000,0,35.8754549,127.0942920,2026-07-10
579,(유)성원엘리베이터,전북특별자치도 전주시 덕진구 신흥안길 52 (고랑동),전북특별자치도 전주시 덕진구 고랑동 288-11번지,5211312900102880011,0,35.8746583,127.0920444,2026-07-10
613,(유)태성엔지니어링,전북특별자치도 전주시 덕진구 암실길 8-22 (반월동),전북특별자치도 전주시 덕진구 반월동 617-32,5211312300106170032,0,35.8780188,127.0696074,2026-07-10
740,주식회사 디엔,전북특별자치도 전주시 덕진구 원장동길 111-8 (장동),전북특별자치도 전주시 덕진구 장동 102-13,5211313200101020013,0,35.8508812,127.0617580,2026-07-10
775,주식회사 디엔,전북특별자치도 전주시 덕진구 장동 102-13번지,전북특별자치도 전주시 덕진구 장동 102-13번지,5211313200101020013,0,35.8508812,127.0617580,2026-07-10
666,(유)삼성인슈판넬,전북특별자치도 전주시 덕진구 온고을로 570-11 (여의동) (총 3 필지) 외 2필지,전북특별자치도 전주시 덕진구 여의동 1258-1번지 외 2필지,5211313000112580001,2,35.8572565,127.0675315,2026-07-10
879,중앙전기,"전북특별자치도 전주시 덕진구 추천로 19, 2동 1층 일부, 2층 (팔복동3가)","전북특별자치도 전주시 덕진구 팔복동3가 45 2동 1층 일부, 2층",5211311000100450000,0,35.8408579,127.1006875,2026-07-10
847,주식회사 코엔,"전북특별자치도 전주시 덕진구 쪽구름로 186, 3동(반월동)",전북특별자치도 전주시 덕진구 반월동 626-13 3동,5211312300106260013,0,35.8747167,127.0647103,2026-07-10
516,(주)빛드림,전북특별자치도 전주시 덕진구 신복로 54 (팔복동1가),전북특별자치도 전주시덕진구 팔복동1가 177-3번지,5211310800101770003,0,35.8558749,127.1082726,2026-07-10
609,제이에스이엔지(주),"전북특별자치도 전주시 덕진구 암실길 52, 제이에스이엔지(주) (반월동)",전북특별자치도 전주시 덕진구 반월동 619-26 제이에스이엔지(주),5211312300106190026,0,35.8788853,127.0671144,2026-07-10
99,유한회사 서울창호,전북특별자치도 전주시 덕진구 상리1길 28 (팔복동2가),전북특별자치도 전주시 덕진구 팔복동2가 276-1,5211310900102760001,0,35.8529279,127.1007255,2026-07-10
27,(유)현대특수금속,"전북특별자치도 전주시 덕진구 상리1길 9, (290-5번지, 290-6번지) (팔복동2가)","전북특별자치도 전주시 덕진구 팔복동2가 290-5번지 (290-5번지, 290-6번지)",5211310900102900005,0,35.8541247,127.1024643,2026-07-10
233,현대특수금속,전북특별자치도 전주시 덕진구 기린대로 851 (팔복동2가),전북특별자치도 전주시 덕진구 기린대로 851 (팔복동2가),,0,,,2026-07-10
41,(주)세우테크윈,전북특별자치도 전주시 덕진구 상리2길 17 (팔복동2가),전북특별자치도 전주시 덕진구 팔복동2가 333-1번지,5211310900103330001,0,35.8544659,127.1005462,2026-07-10
660,(유)청명개발,전북특별자치도 전주시 덕진구 온고을로 439 (만성동),전북특별자치도 전주시덕진구 만성동 361-5번지,,0,,,2026-07-10
63,나눔정밀,전북특별자치도 전주시 덕진구 상리1길 51 (팔복동2가),전북특별자치도 전주시 덕진구 팔복동2가 231-4,5211310900102310004,0,35.8517815,127.1027445,2026-07-10
687,엠테크,전북특별자치도 전주시 덕진구 용정동 281-37번지,전북특별자치도 전주시 덕진구 용정동 281-37번지,5211312500102810037,0,35.8760665,127.0478784,2026-07-10
479,유한회사 늘숲,전북특별자치도 전주시 덕진구 신복로 102 (팔복동4가),전북특별자치도 전주시 덕진구 팔복동4가 238-0,5211313300102380000,0,35.8592524,127.1045051,2026-07-10
373,유한회사 더숲공조산업,전북특별자치도 전주시 덕진구 비석날로 45(여의동),전북특별자치도 전주시 덕진구 여의동 530-36,5211313000105300036,0,35.8562304,127.0789538,2026-07-10
309,주식회사 안전한길,"전북특별자치도 전주시 덕진구 만성북로 51-25,(만성동, 스페이스온 지식산업센터) 1동 2층 2059호",전북특별자치도 전주시 덕진구 만성동 1345-3 스페이스온 지식산업센터 1동 2층 2059호,5211313100113450003,0,35.8490529,127.0826311,2026-07-10
254,(주)엘텍인터내셔날,전북특별자치도 전주시 덕진구 덕촌길 62 (팔복동3가),전북특별자치도 전주시 덕진구 팔복동3가 148-1번지,5211311000101480001,0,35.8455673,127.0993701,2026-07-10
756,(주)에이스 터보,"전북특별자치도 전주시 덕진구 유상로 67, 전주첨던벤처단지9동 (팔복동2가)",전북특별자치도 전주시 덕진구 팔복동2가 750-1번지 전주첨던벤처단지9동,5211310900107500001,0,35.8619276,127.0804317,2026-07-10
331,주식회사 광역중기,"전북특별자치도 전주시 덕진구 반룡로 143 (여의동, (주)광역중기)",전북특별자치도 전주시덕진구 여의동 543-11번지,5211313000105430011,0,35.8607445,127.0797078,2026-07-10
363,(주)와이엠푸드,"전북특별자치도 전주시 덕진구 번영로 202-8, . (원동)",전북특별자치도 전주시 덕진구 원동 582-4 .,5211312700105820004,0,35.8755639,127.0298777,2026-07-10
610,농업회사법인주식회사 자연앤미,전북특별자치도 전주시 덕진구 암실길 52-2 (반월동),전북특별자치도 전주시 덕진구 반월동 619-29,5211312300106190029,0,35.8785901,127.0665580,2026-07-10
632,(주)라파프로폴리스,전북특별자치도 전주시 덕진구 여산로 130-15 (여의동),전북특별자치도 전주시 덕진구 여의동 553-4번지,5211313000105530004,0,35.8634539,127.0796225,2026-07-10
1,(유)엘림이엔,전북특별자치도 전주시 완산구 정여립로 655-20(상림동),전북특별자치도 전주시 완산구 상림동 762-4,5211114500107620004,0,35.8097108,127.0696321,2026-07-10
924,비티에스 주식회사,전북특별자치도 전주시 덕진구 팔복로 17-6 (팔복동2가),전북특별자치도 전주시 덕진구 팔복동2가 106-1,5211310900101060001,0,35.8472315,127.1031360,2026-07-10
434,대수바이오테크,전북특별자치도 전주시 덕진구 상리6길 18 (팔복동2가),전북특별자치도 전주시덕진구 팔복동2가 177-8번지,5211310900101770008,0,35.8497809,127.1016511,2026-07-10
511,주식회사 더에스,"전북특별자치도 전주시 덕진구 신복로 34-16, 주식회사 더에스 부2동 (팔복동1가)",전북특별자치도 전주시 덕진구 팔복동1가 197-22 주식회사 더에스 부2동,5211310800101970022,0,35.8544986,127.1107245,2026-07-10
645,유한회사 금남프라스틱,전북특별자치도 전주시 덕진구 여의동 750-82번지 외 3필지,전북특별자치도 전주시 덕진구 여의동 750-82번지 외 3필지,5211313000107500082,3,35.8585893,127.0795823,2026-07-10
969,(주)동방,전북특별자치도 전주시 덕진구 혁신로 616 (여의동),전북특별자치도 전주시덕진구 여의동 1210-1번지,5211313000112100001,0,35.8666234,127.0720108,2026-07-10
385,지에이산업 주식회사,"전북특별자치도 전주시 덕진구 비석날로 99, 4동 (팔복동2가)",전북특별자치도 전주시 덕진구 팔복동2가 738번지 4동,5211310900107380000,0,35.8602353,127.0819570,2026-07-10
907,세신정공,전북특별자치도 전주시 덕진구 팔과정로 155-1 (동산동),전북특별자치도 전주시덕진구 동산동 405-9번지,,0,,,2026-07-10
95,엠아이비(주),전북특별자치도 전주시 덕진구 상리1길 46 (팔복동2가),전북특별자치도 전주시덕진구 팔복동2가 170-2 번지,5211310900101700002,0,35.8512151,127.1020605,2026-07-10
657,일진하우징주식회사,전북특별자치도 전주시 덕진구 온고을로 255 (팔복동3가),전북특별자치도 전주시 덕진구 팔복동3가 81-1번지,5211311000100810001,0,35.8409081,127.0975344,2026-07-10
521,(주)와우,"전북특별자치도 전주시 덕진구 신복로 69, 일부호 (팔복동1가)",전북특별자치도 전주시 덕진구 팔복동1가 150 일부호,5211310800101500000,0,35.8566498,127.1066328,2026-07-10
451,더불어삶,"전북특별자치도 전주시 덕진구 서당길 39, 2동(용정동)",전북특별자치도 전주시 덕진구 용정동 124-4 2동,5211312500101240004,0,35.8769095,127.0580221,2026-07-10
752,(주)레오포즈,"전북특별자치도 전주시 덕진구 유상로 67, 기계산업리서치센타210호 (팔복동2가)",전북특별자치도 전주시덕진구 팔복동2가 750-1번지 기계산업리서치센타210호,5211310900107500001,0,35.8619276,127.0804317,2026-07-10
1106,케이라이트,"전북특별자치도 전주시 완산구 아중로 33, 402호 (중노송동, 전주정보문화산업진흥원) 402호",전북특별자치도 전주시 완산구 중노송동 470-4 전주정보문화산업진흥원 402호 402호,5211112000104700004,0,35.8239230,127.1537858,2026-07-10
644,전주비빔밥(주),전북특별자치도 전주시 덕진구 여실길 34 (여의동),전북특별자치도 전주시덕진구 여의동 1170-3번지,5211313000111700003,0,35.8656487,127.0681318,2026-07-10
102,자은태양광발전소,"전북특별자치도 전주시 덕진구 구렛들3길 36, 자은태양광발전소 (팔복동1가)",전북특별자치도 전주시 덕진구 팔복동1가 349-1 자은태양광발전소,5211310800103490001,0,35.8608444,127.0987236,2026-07-10
679,태양기전 주식회사,"전북특별자치도 전주시 덕진구 용신길 26-5, 2동 (반월동)",전북특별자치도 전주시 덕진구 반월동 623-13번지 2동,5211312300106230013,0,35.8770053,127.0617129,2026-07-10
143,(주)시영테크,"전북특별자치도 전주시 덕진구 팔과정로 20, 5층 502-3호 (팔복동3가, 덕진아파트형공장)",전북특별자치도 전주시 덕진구 팔복동3가 422번지 덕진아파트형공장 5층 502-3호,5211311000104220000,0,35.8504409,127.0865238,2026-07-10
427,(주)헬스뱅카,"전북특별자치도 전주시 덕진구 상리1길 34, 희망전북창업보육센터 205호 (팔복동2가)",전북특별자치도 전주시 덕진구 팔복동2가 270번지,5211310900102700000,0,35.8521482,127.1006716,2026-07-10
884,코운스스포츠,전북특별자치도 전주시 덕진구 추천로 217-24 (팔복동1가),전북특별자치도 전주시덕진구 팔복동1가 31-4번지,5211310800100310004,0,35.8561138,127.1132056,2026-07-10
517,현대기전,전북특별자치도 전주시 덕진구 신복로 54 (팔복동1가),전북특별자치도 전주시덕진구 팔복동1가 177-3 번지,5211310800101770003,0,35.8558749,127.1082726,2026-07-10
67,대흥포장주식회사,전북특별자치도 전주시 덕진구 신복천변로 29 (팔복동1가) 외 2필지,전북특별자치도 전주시 덕진구 팔복동1가 279-9번지 외 2필지,5211310800102790009,2,35.8578108,127.1037188,2026-07-10
249,대흥포장(주),전북특별자치도 전주시 덕진구 덕촌길 25 (팔복동3가),전북특별자치도 전주시덕진구 팔복동3가 132-1번지,5211311000101320001,0,35.8437270,127.0972753,2026-07-10
961,(주)캐비젠,"전북특별자치도 전주시 덕진구 혁신로 399, 전북특별자치도생물산업진흥원 205호 (장동)",전북특별자치도 전주시 덕진구 장동 452-32번지,5211313200104520032,0,35.8505982,127.0603508,2026-07-10
544,(유)케이씨엘,"전북특별자치도 전주시 덕진구 신성길 21, 2동 (성덕동)",전북특별자치도 전주시 덕진구 성덕동 173-28번지 2동,5211312600101730028,0,35.8791910,127.0364017,2026-07-10
507,주식회사 올그린텍코리아,"전북특별자치도 전주시 덕진구 신복로 21, 올그린텍코리아 (팔복동1가)",전북특별자치도 전주시 덕진구 팔복동1가 113-9 올그린텍코리아,5211310800101130009,0,35.8535925,127.1103418,2026-07-10
138,(주)미래페이퍼,"전북특별자치도 전주시 덕진구 온고을로 384 (팔복동3가, (주)미래페이퍼) 외 1필지",전북특별자치도 전주시 덕진구 팔복동3가 403번지 (주)미래페이퍼 외 1필지,5211311000104030000,1,35.8492287,127.0859913,2026-07-10
656,(유)한국종합주방,전북특별자치도 전주시 덕진구 온고을로 241 (팔복동3가),전북특별자치도 전주시덕진구 팔복동3가 53-1번지,5211311000100530001,0,35.8403250,127.0984938,2026-07-10
25,(유)평화스테인레스,전북특별자치도 전주시 덕진구 구렛들3길 36(팔복동1가),전북특별자치도 전주시 덕진구 팔복동1가 349-1,5211310800103490001,0,35.8608444,127.0987236,2026-07-10
956,코리아테크,전북특별자치도 전주시 덕진구 학산길 30 (팔복동2가),전북특별자치도 전주시 덕진구 팔복동2가 509-2번지,5211310900105090002,0,35.8548341,127.0930013,2026-07-10
490,신한테크(주),전북특별자치도 전주시 덕진구 신복로 18 (팔복동1가),전북특별자치도 전주시덕진구 팔복동1가 197-38번지,5211310800101970038,0,35.8536452,127.1113259,2026-07-10
1265,신한테크(주) 제2공장,전북특별자치도 전주시덕진구 팔복동1가 197-4번지 외 2필지 외 2필지,전북특별자치도 전주시덕진구 팔복동1가 197-4번지 외 2필지 외 2필지,5211310800101970004,2,35.8560559,127.1111177,2026-07-10
943,르네건설 주식회사,"전북특별자치도 전주시 덕진구 팔복로 252-9, 1층 (여의동)",전북특별자치도 전주시 덕진구 여의동 751-24번지 1층,5211313000107510024,0,35.8593870,127.0802944,2026-07-10
15,(유)두원코리아,전북특별자치도 전주시 덕진구 신복로 103 (팔복동1가),전북특별자치도 전주시 덕진구 팔복동1가 238-6,5211310800102380006,0,35.8584990,127.1041145,2026-07-10
66,대성실업,"전북특별자치도 전주시 덕진구 구렛들3길 48, 301호 (팔복동1가, 신한봉제)",전북특별자치도 전주시 덕진구 팔복동1가 356-4번지 신한봉제 301호,5211310800103560004,0,35.8614948,127.0990740,2026-07-10
749,주식회사 엘티씨,전북특별자치도 전주시 덕진구 유상로 67 (팔복동2가),전북특별자치도 전주시덕진구 팔복동2가 750-1번지,5211310900107500001,0,35.8619276,127.0804317,2026-07-10
916,황방NCT산업,전북특별자치도 전주시 덕진구 팔복동2가 95-2번지,전북특별자치도 전주시 덕진구 팔복동2가 95-2번지,5211310900100950002,0,35.8465502,127.1044158,2026-07-10
633,보현,전북특별자치도 전주시 덕진구 여산로 130-16 (여의동),전북특별자치도 전주시 덕진구 여의동 551-4번지,5211313000105510004,0,35.8632492,127.0791377,2026-07-10
936,대신기계,"전북특별자치도 전주시 덕진구 팔복로 247, 3동(여의동)",전북특별자치도 전주시 덕진구 여의동 539-2 3동,5211313000105390002,0,35.8578230,127.0813881,2026-07-10
714,엔지니어스(주),전북특별자치도 전주시 덕진구 원만성로 21-28 (여의동),전북특별자치도 전주시 덕진구 여의동 817-3번지,5211313000108170003,0,35.8533821,127.0831949,2026-07-10
142,(주)세기종합환경,"전북특별자치도 전주시 덕진구 팔과정로 20, 4층 403-4 (팔복동3가, 덕진아파트형공장)",전북특별자치도 전주시 덕진구 팔복동3가 422번지 덕진아파트형공장 4층 403-4,5211311000104220000,0,35.8504409,127.0865238,2026-07-10
461,주식회사 아이버스,전북특별자치도 전주시 덕진구 성덕동 78-4번지,전북특별자치도 전주시 덕진구 성덕동 78-4번지,,0,,,2026-07-10
542,성역ENG,전북특별자치도 전주시 덕진구 신성길 19 (성덕동),전북특별자치도 전주시 덕진구 성덕동 173-56번지,5211312600101730056,0,35.8791581,127.0357392,2026-07-10
491,(주)동신이에이,전북특별자치도 전주시 덕진구 신복로 18-12 (팔복동1가),전북특별자치도 전주시 덕진구 팔복동1가 197-37번지,5211310800101970037,0,35.8543874,127.1116292,2026-07-10
131,현대스텐레스철강(주),전북특별자치도 전주시 덕진구 상리1길 15 (팔복동2가),전북특별자치도 전주시 덕진구 팔복동2가 267번지,5211310900102670000,0,35.8533879,127.1025023,2026-07-10
357,(주)금강이엔씨,"전북특별자치도 전주시 덕진구 백제대로 567, 창업보육2센터 306호 (금암동)",전북특별자치도 전주시 덕진구 금암동 663번지 전북대학교 창업보육2센터 306호,5211310700106630000,0,35.8452237,127.1329771,2026-07-10
411,유한회사 드림씨앤에스,전북특별자치도 전주시 덕진구 삼례로 9 (반월동),전북특별자치도 전주시 덕진구 반월동 612-44,5211312300106120044,0,35.8785989,127.0758345,2026-07-10
782,(유)드림씨앤에스,전북특별자치도 전주시 덕진구 장동길 43 (장동),전북특별자치도 전주시덕진구 장동 607-3번지,5211313200106070003,0,35.8526353,127.0657738,2026-07-10
755,안전정밀,"전북특별자치도 전주시 덕진구 유상로 67, 전주첨단벤처단지7동 (팔복동2가)",전북특별자치도 전주시 덕진구 여의동 542-24번지,5211313000105420024,0,35.8614787,127.0798862,2026-07-10
937,주식회사 엘텍신소재,전북특별자치도 전주시 덕진구 팔복로 251-10 (여의동),전북특별자치도 전주시 덕진구 여의동 530-29번지,5211313000105300029,0,35.8571821,127.0806267,2026-07-10
185,주식회사 건국,전북특별자치도 전주시 덕진구 감수길 30-26 (팔복동4가),전북특별자치도 전주시 덕진구 팔복동4가 172-1번지,5211313300101720001,0,35.8675443,127.1012419,2026-07-10
475,(유)태강전기,전북특별자치도 전주시 덕진구 신복3길 7 (팔복동1가),전북특별자치도 전주시덕진구 팔복동1가 134-16번지,5211310800101340016,0,35.8536170,127.1076497,2026-07-10
621,풀빛이엔씨,전북특별자치도 전주시 덕진구 야전2길 26 (팔복동4가),전북특별자치도 전주시덕진구 팔복동4가 219-5번지,5211313300102190005,0,35.8618660,127.1039099,2026-07-10
410,검상전력,전북특별자치도 전주시 덕진구 삼례로 77-14 (반월동),전북특별자치도 전주시 덕진구 반월동 612-12번지,5211312300106120012,0,35.8854040,127.0755254,2026-07-10
39,(주)삼우냉동,전북특별자치도 전주시 덕진구 상리로 29 (팔복동2가),전북특별자치도 전주시덕진구 팔복동2가 166-4번지,5211310900101660004,0,35.8508478,127.1025387,2026-07-10
374,(주)이오렉스,전북특별자치도 전주시 덕진구 비석날로 51 (여의동),전북특별자치도 전주시 덕진구 여의동 530-23번지,5211313000105300023,0,35.8565740,127.0793626,2026-07-10
349,주식회사 전주판넬,전북특별자치도 전주시 덕진구 반월로 11 (반월동),전북특별자치도 전주시덕진구 반월동 626-4번지,5211312300106260004,0,35.8752369,127.0668722,2026-07-10
675,카스전주점,전북특별자치도 전주시 덕진구 용덕길 65-4(용정동),전북특별자치도 전주시 덕진구 용정동 262-28,5211312500102620028,0,35.8805918,127.0522780,2026-07-10
781,(유)웅밸브,전북특별자치도 전주시 덕진구 장동길 34 (장동),전북특별자치도 전주시 덕진구 장동 605-1번지,5211313200106050001,0,35.8535612,127.0664806,2026-07-10
17,(유)서희산업개발,전북특별자치도 전주시 덕진구 구렛들3길 51 (팔복동4가),전북특별자치도 전주시 덕진구 팔복동4가 249-64번지,5211313300102490064,0,35.8629984,127.0983464,2026-07-10
881,(주)동남중공업,전북특별자치도 전주시 덕진구 추천로 195 (팔복동1가),전북특별자치도 전주시 덕진구 팔복동1가 79-1번지,5211310800100790001,0,35.8532171,127.1128413,2026-07-10
706,(주)창해이엔지,전북특별자치도 전주시 덕진구 원만성로 15 (팔복동3가),전북특별자치도 전주시 덕진구 팔복동3가 829번지,5211311000108290000,0,35.8519617,127.0819076,2026-07-10
707,(주)엠제이비,"전북특별자치도 전주시 덕진구 원만성로 15 (팔복동3가, (주)창해에탄올)",전북특별자치도 전주시덕진구 팔복동3가 829번지,5211311000108290000,0,35.8519617,127.0819076,2026-07-10
722,(주)제일출판,전북특별자치도 전주시 덕진구 원만성로 87 (팔복동2가),전북특별자치도 전주시덕진구 팔복동2가 686-3번지,5211310900106860003,0,35.8568269,127.0876614,2026-07-10
708,(주)창해에탄올,"전북특별자치도 전주시 덕진구 원만성로 15, 여의동815-2,807-1,834번지 (팔복동3가)","전북특별자치도 전주시덕진구 팔복동3가 829번지 여의동815-2,807-1,834번지",5211311000108290000,0,35.8519617,127.0819076,2026-07-10
719,(유)서광종합자동차공업사,전북특별자치도 전주시 덕진구 원만성로 37-4 (팔복동3가),전북특별자치도 전주시덕진구 팔복동3가 467번지,5211311000104670000,0,35.8535810,127.0844206,2026-07-10
330,주식회사 코스테크,"전북특별자치도 전주시 덕진구 반룡로 135, 제2동(팔복동2가)",전북특별자치도 전주시 덕진구 팔복동2가 747-1 제2동,5211310900107470001,0,35.8599998,127.0808921,2026-07-10
502,일동공조산업주식회사,전북특별자치도 전주시 덕진구 신복로 18-21 (팔복동1가) (총 2 필지) 외 1필지,전북특별자치도 전주시 덕진구 팔복동1가 197-3번지 외 1필지,5211310800101970003,1,35.8556071,127.1116523,2026-07-10
68,동서콘트롤(주),전북특별자치도 전주시 덕진구 구렛들1길 20 (팔복동1가),전북특별자치도 전주시 덕진구 팔복동1가 261-1번지,5211310800102610001,0,35.8580803,127.1010230,2026-07-10
269,(유)위너애드컴,전북특별자치도 전주시 덕진구 동부대로 1546 (고랑동),전북특별자치도 전주시 덕진구 고랑동 608-49번지,5211312900106080049,0,35.8773582,127.0792465,2026-07-10
848,유한회사 선우,전북특별자치도 전주시 덕진구 청복길 360 (성덕동),전북특별자치도 전주시 덕진구 성덕동 661-3번지,5211312600106610003,0,35.8688074,127.0441866,2026-07-10
428,(주)큐컴아이,"전북특별자치도 전주시 덕진구 상리1길 34, 희망전북창업보육센터 209호 (팔복동2가)",전북특별자치도 전주시 덕진구 팔복동2가 270번지 희망전북창업보육센터 209호,5211310900102700000,0,35.8521482,127.1006716,2026-07-10
476,은성전기제작소,"전북특별자치도 전주시 덕진구 신복3길 7, 다동 (팔복동1가)",전북특별자치도 전주시덕진구 팔복동1가 134-16번지 다동,5211310800101340016,0,35.8536170,127.1076497,2026-07-10
1262,하나종합주방설비,전북특별자치도 전주시덕진구 여의동 871-1번지,전북특별자치도 전주시덕진구 여의동 871-1번지,5211313000108710001,0,35.8538761,127.0743521,2026-07-10
318,비케이시(BKC),"전북특별자치도 전주시 덕진구 만성북로 51-25,(만성동, 스페이스온 지식산업센터) 스페이스온동 4층 4107호 외 1필지",전북특별자치도 전주시 덕진구 만성동 1345-3 스페이스온 지식산업센터 스페이스온동 4층 4107호 외 1필지,5211313100113450003,1,35.8490529,127.0826311,2026-07-10
753,비케이시(BKC),"전북특별자치도 전주시 덕진구 유상로 67, 전주첨단벤처단지 12동 (팔복동2가)",전북특별자치도 전주시 덕진구 팔복동2가 750-1번지 전주첨단벤처단지 12동,5211310900107500001,0,35.8619276,127.0804317,2026-07-10
93,신기전선(주),전북특별자치도 전주시 덕진구 구렛들1길 28 (팔복동1가),전북특별자치도 전주시 덕진구 팔복동1가 254-1번지,5211310800102540001,0,35.8590323,127.1014416,2026-07-10
375,태양기계(주),"전북특별자치도 전주시 덕진구 비석날로 54 (여의동, 태양기계(주))",전북특별자치도 전주시덕진구 여의동 530-42번지,5211313000105300042,0,35.8565519,127.0804416,2026-07-10
100,유한회사 화이트산업,"전북특별자치도 전주시 덕진구 신복천변로 23-11, 5호 (팔복동1가)",전북특별자치도 전주시 덕진구 팔복동1가 266-6번지 5호,5211310800102660006,0,35.8569391,127.1026205,2026-07-10
133,화이트유리,"전북특별자치도 전주시 덕진구 신복천변로 23-11, 팔복동1가 267-5 (팔복동1가)",전북특별자치도 전주시 덕진구 팔복동1가 266-6번지 팔복동1가 267-5,5211310800102660006,0,35.8569391,127.1026205,2026-07-10
554,(유)거동건설,전북특별자치도 전주시 덕진구 신성길 82 (성덕동),전북특별자치도 전주시 덕진구 성덕동 172-10번지,5211312600101720010,0,35.8847658,127.0374523,2026-07-10
160,제논전장(주),"전북특별자치도 전주시 덕진구 팔과정로 20 (팔복동3가, 덕진아파트형공장) 2층 201호 외 1필지",전북특별자치도 전주시 덕진구 팔복동3가 422-0 2층 201호 외 1필지,5211311000104220000,1,35.8504409,127.0865238,2026-07-10
508,(주)와이엔케이,"전북특별자치도 전주시 덕진구 신복로 26, 2동 (팔복동1가)",전북특별자치도 전주시 덕진구 팔복동1가 110-7 2동,5211310800101100007,0,35.8541008,127.1106148,2026-07-10
509,(주)대경산전,"전북특별자치도 전주시 덕진구 신복로 26, 전력설비동 (팔복동1가) 외 2필지",전북특별자치도 전주시 덕진구 팔복동1가 110-7번지 전력설비동 외 2필지,5211310800101100007,2,35.8541008,127.1106148,2026-07-10
999,주식회사 디자인밸리,"전북특별자치도 전주시 완산구 경기전길 8, (주)디자인밸리 (경원동2가)",전북특별자치도 전주시 완산구 경원동2가 1번지 (주)디자인밸리,5211110600100010000,0,35.8190000,127.1499879,2026-07-10
488,대연재단,전북특별자치도 전주시 덕진구 신복로 118 (팔복동4가),전북특별자치도 전주시 덕진구 팔복동4가 241-11,5211313300102410011,0,35.8603279,127.1032906,2026-07-10
754,(사)캠틱종합기술원,"전북특별자치도 전주시 덕진구 유상로 67, 전주첨단벤처단지 6 (팔복동2가)",전북특별자치도 전주시덕진구 팔복동2가 750-1번지 전주첨단벤처단지 6동,5211310900107500001,0,35.8619276,127.0804317,2026-07-10
193,주식회사 업스트림바이오,"전북특별자치도 전주시 덕진구 건지로 20, 전북대학교 의과대학 생명과학관 203호 (인후동2가)",전북특별자치도 전주시 덕진구 인후동2가 산 2-19번지 전북대학교 의과대학 생명과학관 203호,,0,,,2026-07-10
1029,(유)다일,전북특별자치도 전주시 완산구 능안자구길 82 (삼천동3가),전북특별자치도 전주시 완산구 삼천동3가 321-11번지,5211113900103210011,0,35.8036006,127.0846352,2026-07-10
1184,주식회사 다올아이엔지,전북특별자치도 전주시 완산구 천잠로 235 (효자동2가) 전주비전대학교 실습동 204호,전북특별자치도 전주시 완산구 효자동2가 1070-0 전주비전대학교 실습동 204호,5211114100110700000,0,35.8092009,127.0905589,2026-07-10
13,(유)대림건영,"전북특별자치도 전주시 덕진구 구렛들3길 50, 전주시 덕진구 팔복동1가356-1(유)대림건영) (팔복동1가, (주)대양실업)",전북특별자치도 전주시 덕진구 팔복동1가 356-1번지 (주)대양실업 전주시 덕진구 팔복동1가356-1(유)대림건영),5211310800103560001,0,35.8620318,127.0997683,2026-07-10
315,(주)케이룩수,"전북특별자치도 전주시 덕진구 만성북로 51-25,(만성동, 스페이스온 지식산업센터) 스페이스온동 4층 4025호 외 1필지",전북특별자치도 전주시 덕진구 만성동 1345-3 스페이스온 지식산업센터 스페이스온동 4층 4025호 외 1필지,5211313100113450003,1,35.8490529,127.0826311,2026-07-10
1038,유한회사 동창씨앤티,전북특별자치도 전주시 완산구 맏내2길 13-6 (평화동2가),전북특별자치도 전주시 완산구 평화동2가 853-5번지,5211113300108530005,0,35.7915110,127.1298021,2026-07-10
1092,진안명품포크가나안영농조합법인,전북특별자치도 전주시 완산구 쑥고개로 196-42 (삼천동3가),전북특별자치도 전주시완산구 삼천동3가 272 번지,5211113900102720000,0,35.7951199,127.0890321,2026-07-10
2,(주)동우TMC,전북특별자치도 전주시 완산구 정여립로 655-41 (상림동),전북특별자치도 전주시 완산구 상림동 765-2번지,5211114500107650002,0,35.8086394,127.0694493,2026-07-10
994,유한회사 데코블라인드,"전북특별자치도 전주시 완산구 거마평로 104, 2층, 지하1층 (삼천동1가)","전북특별자치도 전주시 완산구 삼천동1가 559-3번지 2층, 지하1층",5211113700105590003,0,35.8016615,127.1170262,2026-07-10
1183,농업회사법인(유)에브라임코리아,전북특별자치도 전주시 완산구 천잠로 185 (효자동2가),전북특별자치도 전주시 완산구 효자동2가 734-1번지,5211114100107340001,0,35.8034947,127.0971989,2026-07-10
556,농업회사법인(주)케이푸드,전북특별자치도 전주시 덕진구 신성길 88 (성덕동),전북특별자치도 전주시 덕진구 성덕동 172-9번지,5211312600101720009,0,35.8850283,127.0374528,2026-07-10
362,한빛영농조합법인,전북특별자치도 전주시 덕진구 번영로 200 (원동) 외 7필지,전북특별자치도 전주시덕진구 원동 570번지 외 7필지,5211312700105700000,7,35.8743800,127.0306025,2026-07-10
850,JB한라유통,전북특별자치도 전주시 덕진구 초당길 38 (호성동1가),전북특별자치도 전주시 덕진구 호성동1가 516-5번지,5211311600105160005,0,35.8668504,127.1521590,2026-07-10
742,사단법인 다올장애인협회 디오텍,"전북특별자치도 전주시 덕진구 원화전1길 57-132 (반월동) 1동,2동","전북특별자치도 전주시 덕진구 반월동 27-8 1동,2동",5211312300100270008,0,35.8879644,127.0745188,2026-07-10
1274,금강,전북특별자치도 전주시완산구 삼천동3가 3-6번지,전북특별자치도 전주시완산구 삼천동3가 3-6번지,5211113900100030006,0,35.7975734,127.0895935,2026-07-10
332,(주)석환산업,전북특별자치도 전주시 덕진구 반룡로 143-12 (여의동),전북특별자치도 전주시 덕진구 여의동 542-35번지,5211313000105420035,0,35.8598271,127.0804103,2026-07-10
512,주식회사 코리아이엔지,전북특별자치도 전주시 덕진구 신복로 34-5 (팔복동1가),전북특별자치도 전주시 덕진구 팔복동1가 200-3번지,5211310800102000003,0,35.8554336,127.1098268,2026-07-10
1044,종합광고기획 대원,전북특별자치도 전주시 완산구 메너머2길 20-1 (중화산동2가),전북특별자치도 전주시완산구 중화산동2가 703-11번지,5211112800107030011,0,35.8225172,127.1206162,2026-07-10
955,신진에너텍,전북특별자치도 전주시 덕진구 하오용흥길 18-7 (호성동3가),전북특별자치도 전주시 덕진구 호성동3가 821-2번지,5211311800108210002,0,35.8962554,127.1311951,2026-07-10
1244,주식회사 에프엠에스,"전북특별자치도 전주시 완산구 홍산남로 30, 501호 (효자동2가)",전북특별자치도 전주시 완산구 효자동2가 1242-8번지 501호,5211114100112420008,0,35.8155344,127.1049867,2026-07-10
464,썬메디텍(주),"전북특별자치도 전주시 덕진구 송천로 23, 3층 제조소 (송천동1가)",전북특별자치도 전주시 덕진구 송천동1가 347-22 3층 제조소,5211312100103470022,0,35.8553752,127.1188352,2026-07-10
1252,라이트온(주),"전북특별자치도 전주시 완산구 효자로 335, 1층 (중화산동2가)",전북특별자치도 전주시 완산구 중화산동2가 579-6 1층,5211112800105790006,0,35.8192984,127.1221483,2026-07-10
1253,비전솔루션(주),"전북특별자치도 전주시 완산구 효자로 335, 3층 (중화산동2가)",전북특별자치도 전주시 완산구 중화산동2가 579-6 3층,5211112800105790006,0,35.8192984,127.1221483,2026-07-10
1276,해동기계산업,전북특별자치도 전주시완산구 상림동 87번지,전북특별자치도 전주시완산구 상림동 87번지,5211114500100870000,0,35.8255374,127.0730215,2026-07-10
954,(주)신진에너텍,전북특별자치도 전주시 덕진구 하오용흥길 18-7 (호성동3가),전북특별자치도 전주시덕진구 호성동3가 821-2 번지,5211311800108210002,0,35.8962554,127.1311951,2026-07-10
1046,(주)캐리어플랜트,전북특별자치도 전주시 완산구 메너머3길 29-4 (중화산동2가),전북특별자치도 전주시 완산구 중화산동2가 690-3번지,5211112800106900003,0,35.8235686,127.1193323,2026-07-10
1048,유한회사 코리아냉동기상사,전북특별자치도 전주시 완산구 메너머3길 37 (중화산동2가),전북특별자치도 전주시 완산구 중화산동2가 689-1,5211112800106890001,0,35.8237225,127.1186935,2026-07-10
870,태림 에스엔에프,전북특별자치도 전주시 덕진구 추천로 137 (팔복동2가),전북특별자치도 전주시 덕진구 팔복동2가 64-3번지,5211310900100640003,0,35.8495943,127.1079494,2026-07-10
1182,새한커텐상사,전북특별자치도 전주시 완산구 중화산로 111 (중화산동2가),전북특별자치도 전주시완산구 중화산동2가 755-3번지,5211112800107550003,0,35.8204362,127.1179251,2026-07-10
1117,한일자수,전북특별자치도 전주시 완산구 영경2길 13 (중화산동2가),전북특별자치도 전주시 완산구 중화산동2가 653-1번지,5211112800106530001,0,35.8176331,127.1238213,2026-07-10
1112,G.D 사인,전북특별자치도 전주시 완산구 안행로 75 (효자동1가),전북특별자치도 전주시완산구 효자동1가 692-2번지,5211114000106920002,0,35.8032337,127.1352028,2026-07-10
1011,유한회사 스쿨웍스,전북특별자치도 전주시 완산구 구이로 1967 (석구동),전북특별자치도 전주시 완산구 석구동 632-1,5211113000106320001,0,35.7738140,127.1275262,2026-07-10
1066,주식회사 바이오글루칸,"전북특별자치도 전주시 완산구 백제대로 10, 2층(평화동1가, 전주롯데시네마 평화점 )",전북특별자치도 전주시 완산구 평화동1가 604-1 전주롯데시네마 평화점2층,5211113200106040001,0,35.7962193,127.1324978,2026-07-10
1090,창영기획,전북특별자치도 전주시 완산구 송정4길 22 (삼천동1가),전북특별자치도 전주시 완산구 삼천동1가 571번지,5211113700105710000,0,35.8021115,127.1219368,2026-07-10
1137,엠비헬스케어주식회사,"전북특별자치도 전주시 완산구 유연로 282, 3층 4층 (중화산동2가)",전북특별자치도 전주시 완산구 중화산동2가 744-2 3층 4층,5211112800107440002,0,35.8251415,127.1162563,2026-07-10
1073,주식회사 삼경테크 이엔지,"전북특별자치도 전주시 완산구 산월2길 28, 2층 (중화산동2가)",전북특별자치도 전주시 완산구 중화산동2가 635-7번지 2층,5211112800106350007,0,35.8142083,127.1200483,2026-07-10
1099,(유)전주송원가구백화점,전북특별자치도 전주시 완산구 쑥고개로 242-18 (효자동2가),전북특별자치도 전주시완산구 효자동2가 845-1번지,5211114100108450001,0,35.7983915,127.0922229,2026-07-10
894,(주)폴리켐코리아,전북특별자치도 전주시 덕진구 추천로 293 (팔복동1가),전북특별자치도 전주시 덕진구 팔복동1가 205-2,5211310800102050002,0,35.8580971,127.1093267,2026-07-10
1098,주식회사 드림테크,"전북특별자치도 전주시 완산구 쑥고개로 21, 103호 (용복동)",전북특별자치도 전주시 완산구 용복동 233-1번지 103호,5211113600102330001,0,35.7911595,127.0704158,2026-07-10
1129,유한회사 드림티앤아이,"전북특별자치도 전주시 완산구 우전2길 44, 402호 (효자동2가)",전북특별자치도 전주시 완산구 효자동2가 129-14번지 402호,,0,,,2026-07-10
240,(주)매클린,"전북특별자치도 전주시 덕진구 기린대로 929, 1층 (팔복동2가)",전북특별자치도 전주시 덕진구 팔복동2가 774-42번지 1층,5211310900107740042,0,35.8636779,127.0830675,2026-07-10
1210,남선알미늄전북총판,전북특별자치도 전주시 완산구 콩쥐팥쥐로 1704 (효자동3가),전북특별자치도 전주시완산구 효자동3가 1051-2번지,5211114200110510002,0,35.8210610,127.0844059,2026-07-10
1161,미락외식산업,전북특별자치도 전주시 완산구 정동길 13 (삼천동2가),전북특별자치도 전주시 완산구 삼천동2가 483-2번지,5211113800104830002,0,35.7831333,127.1022268,2026-07-10
1051,유한회사 디앤디 (D&D),"전북특별자치도 전주시 완산구 모악로 4651-12, 101호, 지하 (평화동2가)","전북특별자치도 전주시 완산구 평화동2가 457-4번지 101호, 지하",5211113300104570004,0,35.7858039,127.1277201,2026-07-10
1067,(유)신양물산,"전북특별자치도 전주시 완산구 백제대로 160, 거성소라아파트 상가동 지하1층 (효자동1가)",전북특별자치도 전주시완산구 효자동1가 639 번지 거성소라아파트 상가동 지하1층,5211114000106390000,0,35.8069166,127.1238566,2026-07-10
1247,(유)일오삼광고기획 전주지점,전북특별자치도 전주시 완산구 화산천변3길 19-6 (중화산동2가),전북특별자치도 전주시 완산구 중화산동2가 765-3번지,5211112800107650003,0,35.8199797,127.1140767,2026-07-10
1248,일오삼광고공사,전북특별자치도 전주시 완산구 화산천변3길 19-6 (중화산동2가),전북특별자치도 전주시 완산구 중화산동2가 765-3번지,5211112800107650003,0,35.8199797,127.1140767,2026-07-10
658,삼강컨벤션시스템,전북특별자치도 전주시 덕진구 온고을로 286 (팔복동3가),전북특별자치도 전주시 덕진구 팔복동3가 112번지,5211311000101120000,0,35.8431253,127.0953486,2026-07-10
1049,(주)조이에프앤비,"전북특별자치도 전주시 완산구 메너머4길 47 (중화산동2가, (유)남노프렌차이즈)",전북특별자치도 전주시 완산구 중화산동2가 732-2번지,5211112800107320002,0,35.8248320,127.1178799,2026-07-10
1116,대건인쇄문화사,"전북특별자치도 전주시 완산구 영경1길 25, 우성근영아파트상가 2 105호 (중화산동2가)",전북특별자치도 전주시 완산구 중화산동2가 256번지,5211112800102560000,0,35.8185700,127.1260775,2026-07-10
1008,(주)동서엔지니어링,전북특별자치도 전주시 완산구 구덕마을길 7 (용복동),전북특별자치도 전주시 완산구 용복동 452-3번지,5211113600104520003,0,35.7698718,127.0781625,2026-07-10
1015,주식회사 엠알,전북특별자치도 전주시 완산구 기린대로 240-10 (서노송동),전북특별자치도 전주시 완산구 서노송동 666-32번지,5211114700106660032,0,35.8281188,127.1449897,2026-07-10
1043,대광출판사,전북특별자치도 전주시 완산구 메너머1길 22 (중화산동2가),전북특별자치도 전주시완산구 중화산동2가 574-10번지,5211112800105740010,0,35.8210984,127.1204599,2026-07-10
487,봄을고하다,"전북특별자치도 전주시 덕진구 신복로 114, 주 1동 (103동) (팔복동4가)",전북특별자치도 전주시 덕진구 팔복동4가 237-4 주 1동 (103동),5211313300102370004,0,35.8597206,127.1041929,2026-07-10
996,(사)성원근로장애인협회 중앙사업단,전북특별자치도 전주시 완산구 거마평로 236 (효자동3가),전북특별자치도 전주시 완산구 효자동3가 37-47번지,5211114200100370047,0,35.8130705,127.1138468,2026-07-10
780,명품버스 인테리어,전북특별자치도 전주시 덕진구 장동 961번지,전북특별자치도 전주시 덕진구 장동 961번지,5211313200109610000,0,35.8685349,127.0488109,2026-07-10
1146,주식회사 리텍,전북특별자치도 전주시 완산구 장교마을길 48-16(평화동3가),전북특별자치도 전주시 완산구 평화동3가 242-3,5211113400102420003,0,35.7830860,127.1141315,2026-07-10
989,주식회사 광일실업,"전북특별자치도 전주시 완산구 강변로 176 (효자동1가, 광일실업)",전북특별자치도 전주시완산구 효자동1가 409번지,5211114000104090000,0,35.8064133,127.1107178,2026-07-10
1113,좋은어패럴,"전북특별자치도 전주시 완산구 양지2길 21 (평화동2가, 주님의교회)",전북특별자치도 전주시완산구 평화동2가 584번지,5211113300105840000,0,35.7917991,127.1238060,2026-07-10
1277,현대콘크리트,전북특별자치도 전주시완산구 효자동2가 368번지,전북특별자치도 전주시완산구 효자동2가 368번지,,0,,,2026-07-10
1102,엘이디융합기술협동조합,전북특별자치도 전주시 완산구 쑥고개로 363(효자동2가),전북특별자치도 전주시 완산구 효자동2가 364-1,5211114100103640001,0,35.8039241,127.1046554,2026-07-10
912,(주)엘가현상소,전북특별자치도 전주시 덕진구 팔달로 375-7 (금암동),전북특별자치도 전주시 덕진구 금암동 453-2번지,5211310700104530002,0,35.8331893,127.1364694,2026-07-10
1074,송원액자,전북특별자치도 전주시 완산구 산월2길 38 (중화산동2가),전북특별자치도 전주시 완산구 중화산동2가 636-7번지,5211112800106360007,0,35.8142205,127.1189728,2026-07-10
1197,(주)경일산업,"전북특별자치도 전주시 완산구 천잠로 235, 봉사관 4층 3407호(창업보육센터) (효자동2가, 전주비전대학)",전북특별자치도 전주시 완산구 효자동2가 1070번지 전주비전대학 봉사관 4층 3407호(창업보육센터),5211114100110700000,0,35.8092009,127.0905589,2026-07-10
248,유토피아,전북특별자치도 전주시 덕진구 덕촌길 21 (팔복동3가),전북특별자치도 전주시 덕진구 팔복동3가 108-3번지,5211311000101080003,0,35.8432299,127.0970726,2026-07-10
1101,유명창호,전북특별자치도 전주시 완산구 쑥고개로 284-61 (효자동2가),전북특별자치도 전주시 완산구 효자동2가 808번지,5211114100108080000,0,35.7996091,127.0977012,2026-07-10
1135,주식회사 온누리산전,"전북특별자치도 전주시 완산구 원신덕길 85, 주2동 2층 (용복동)",전북특별자치도 전주시 완산구 용복동 271번지 주2동 2층,5211113600102710000,0,35.7855032,127.0715374,2026-07-10
1144,코인브라인드,"전북특별자치도 전주시 완산구 인정4길 20-6, 외 (중화산동2가)",전북특별자치도 전주시완산구 중화산동2가 580-2번지 외,5211112800105800002,0,35.8201944,127.1221232,2026-07-10
750,주식회사 팔복인더스트리,"전북특별자치도 전주시 덕진구 유상로 67 (팔복동2가) 전주첨단벤처단지, 4동","전북특별자치도 전주시 덕진구 팔복동2가 750-1 전주첨단벤처단지, 4동",5211310900107500001,0,35.8619276,127.0804317,2026-07-10
219,농업회사법인(유)소양,전북특별자치도 전주시 덕진구 금상동 1288-3번지 외 1필지,전북특별자치도 전주시 덕진구 금상동 1288-3번지 외 1필지,5211311200112880003,1,35.8452038,127.1821656,2026-07-10
115,주식회사 케이피엘산업,전북특별자치도 전주시 덕진구 신복로 141 (팔복동1가),전북특별자치도 전주시 덕진구 팔복동1가 243-69,5211310800102430069,0,35.8615112,127.1013243,2026-07-10
872,(주)멀티,전북특별자치도 전주시 덕진구 추천로 177-10 (팔복동1가),전북특별자치도 전주시 덕진구 팔복동1가 97-3번지,5211310800100970003,0,35.8524738,127.1108669,2026-07-10
8,유한회사 지구코리아,전북특별자치도 전주시 완산구 정여립로 655-23(상림동),전북특별자치도 전주시 완산구 상림동 765-1,5211114500107650001,0,35.8090537,127.0701441,2026-07-10
1280,(주)정일테크,전북특별자치도 전주시완산구 효자동3가 1352번지,전북특별자치도 전주시완산구 효자동3가 1352번지,5211114200113520000,0,35.8230616,127.0830848,2026-07-10
7,유한회사 신진환경산업,전북특별자치도 전주시 완산구 상림동 762-8번지,전북특별자치도 전주시 완산구 상림동 762-8번지,5211114500107620008,0,35.8084903,127.0685003,2026-07-10
1110,자연푸드(유),전북특별자치도 전주시 완산구 안행1길 14-3 (삼천동1가),전북특별자치도 전주시 완산구 삼천동1가 733-6번지,5211113700107330006,0,35.8006850,127.1288022,2026-07-10
533,다인종합안전,전북특별자치도 전주시 덕진구 신복천변2길 17 (팔복동1가) 외 1필지,전북특별자치도 전주시 덕진구 팔복동1가 167-5 외 1필지,5211310800101670005,1,35.8576048,127.1087145,2026-07-10
1199,동암자활자립장,"전북특별자치도 전주시 완산구 천잠로 275, 2층 (효자동3가, 동암재활원)",전북특별자치도 전주시 완산구 효자동3가 1215-5번지 동암재활원 2층,5211114200112150005,0,35.8108070,127.0932281,2026-07-10
1243,주식회사 시스젠,"전북특별자치도 전주시 완산구 홍산남로 16, 301호 (효자동2가)",전북특별자치도 전주시 완산구 효자동2가 1242-2번지 301호,5211114100112420002,0,35.8155390,127.1035143,2026-07-10
1019,(주)오셰푸드,전북특별자치도 전주시 완산구 난전들로 156-25 (평화동3가),전북특별자치도 전주시 완산구 평화동3가 244-12번지,5211113400102440012,0,35.7831986,127.1196818,2026-07-10
1195,글로벌메디컬주식회사,"전북특별자치도 전주시 완산구 천잠로 235, 봉사관 3309호 (효자동2가, 전주비전대학)",전북특별자치도 전주시 완산구 효자동2가 1070번지 전주비전대학 봉사관 3309호,5211114100110700000,0,35.8092009,127.0905589,2026-07-10
455,천지연농업회사법인(유),전북특별자치도 전주시 덕진구 성덕동 173-19번지,전북특별자치도 전주시 덕진구 성덕동 173-19번지,5211312600101730019,0,35.8818146,127.0361556,2026-07-10
549,농업회사법인 유한회사 다산,전북특별자치도 전주시 덕진구 신성길 51 (성덕동),전북특별자치도 전주시 덕진구 성덕동 173-19번지,5211312600101730019,0,35.8818146,127.0361556,2026-07-10
403,(유)가안인싸이트,전북특별자치도 전주시 덕진구 삼례로 145-3 (화전동),전북특별자치도 전주시 덕진구 화전동 54-7번지,5211312400100540007,0,35.8911992,127.0757968,2026-07-10
600,라인광고산업,전북특별자치도 전주시 덕진구 안덕원로 26 (진북동),전북특별자치도 전주시덕진구 진북동 1034-11번지,5211310200110340011,0,35.8272807,127.1331978,2026-07-10
1173,(유)건일시앤시,전북특별자치도 전주시 완산구 중산9길 3-7 (중화산동2가),전북특별자치도 전주시완산구 중화산동2가 607-4번지,5211112800106070004,0,35.8181224,127.1199473,2026-07-10
289,(유)대성정보기술,"전북특별자치도 전주시 덕진구 만성북로 51-25, (만성동, 스페이스온 지식산업센터) 스페이스온동 2층 2060호",전북특별자치도 전주시 덕진구 만성동 1345-3 스페이스온 지식산업센터 스페이스온동 2층 2060호,5211313100113450003,0,35.8490529,127.0826311,2026-07-10
1196,(주)나노,"전북특별자치도 전주시 완산구 천잠로 235, 봉사관 3415호 (효자동2가, 전주비전대학)",전북특별자치도 전주시 완산구 효자동2가 1070번지 전주비전대학 봉사관 3415호,5211114100110700000,0,35.8092009,127.0905589,2026-07-10
1185,유한회사 우주무인항공산업,"전북특별자치도 전주시 완산구 천잠로 235, 2층 4209호(효자동2가)",전북특별자치도 전주시 완산구 효자동2가 1070 2층 4209호,5211114100110700000,0,35.8092009,127.0905589,2026-07-10
10,주식회사 제이앤이메탈,"전북특별자치도 전주시 완산구 정여립로 655-11, (상림동 764-1) (상림동)",전북특별자치도 전주시 완산구 상림동 764-1번지 (상림동 764-1),5211114500107640001,0,35.8097545,127.0712097,2026-07-10
680,봉유통,전북특별자치도 전주시 덕진구 용신길 60 (용정동),전북특별자치도 전주시덕진구 용정동 109-1번지,5211312500101090001,0,35.8789824,127.0598721,2026-07-10
673,네오캠핑카,전북특별자치도 전주시 덕진구 용덕길 5-13 (용정동),전북특별자치도 전주시 덕진구 용정동 591-7번지,5211312500105910007,0,35.8766668,127.0484938,2026-07-10
1138,순아트 (Soon Art),"전북특별자치도 전주시 완산구 유연로 32, 1층 1호 (효자동3가)",전북특별자치도 전주시 완산구 효자동3가 1019-3 1층 1호,5211114200110190003,0,35.8224310,127.0902708,2026-07-10
1027,주식회사 에버미라클,"전북특별자치도 전주시 완산구 능안자구길 134-44 (삼천동3가, 에버미라클)",전북특별자치도 전주시 완산구 삼천동3가 339번지 에버미라클,5211113900103390000,0,35.8068270,127.0860291,2026-07-10
237,지벤은혜상사 주식회사,"전북특별자치도 전주시 덕진구 기린대로 903, 2층, 일부(제2종 근린생활시설 제조업소)(팔복동2가)","전북특별자치도 전주시 덕진구 팔복동2가 616-20 2층, 일부(제2종 근린생활시설 제조업소)",5211310900106160020,0,35.8626184,127.0858639,2026-07-10
685,흙뿌리,전북특별자치도 전주시 덕진구 용정길 61 (여의동),전북특별자치도 전주시 덕진구 여의동 877-6번지,5211313000108770006,0,35.8514442,127.0722667,2026-07-10
5,(주)인덱스코리아,전북특별자치도 전주시 완산구 정여립로 655-42 (상림동),전북특별자치도 전주시 완산구 상림동 762-9번지,5211114500107620009,0,35.8080679,127.0688358,2026-07-10
1208,(유)동남산업,전북특별자치도 전주시 완산구 콩쥐팥쥐로 1693 (효자동3가),전북특별자치도 전주시 완산구 효자동3가 1046-11번지,5211114200110460011,0,35.8223824,127.0838661,2026-07-10
1209,(유)동남산업,전북특별자치도 전주시 완산구 콩쥐팥쥐로 1693 (효자동3가),전북특별자치도 전주시 완산구 효자동3가 1046-11번지,5211114200110460011,0,35.8223824,127.0838661,2026-07-10
1045,주식회사 다정웰푸드,전북특별자치도 전주시 완산구 메너머3길 13-12 (중화산동2가),전북특별자치도 전주시 완산구 중화산동2가 694-8,5211112800106940008,0,35.8228935,127.1210543,2026-07-10
1018,유한회사 지호 농업회사법인,전북특별자치도 전주시 완산구 난전들로 140-12 (평화동3가),전북특별자치도 전주시 완산구 평화동3가 252-5번지,5211113400102520005,0,35.7802231,127.1180755,2026-07-10
1192,주식회사 그린탑,"전북특별자치도 전주시 완산구 천잠로 235, 미래관 9107호 (효자동2가, 전주비전대학)",전북특별자치도 전주시 완산구 효자동2가 1070번지 전주비전대학 미래관 9107호,5211114100110700000,0,35.8092009,127.0905589,2026-07-10
478,주식회사 인터다임,전북특별자치도 전주시 덕진구 신복7길 19 (팔복동1가),전북특별자치도 전주시 덕진구 팔복동1가 284-1,5211310800102840001,0,35.8571293,127.1056682,2026-07-10
835,(유)영생기업,"전북특별자치도 전주시 덕진구 진버들3길 27-6, 1층(인후동1가)",전북특별자치도 전주시 덕진구 인후동1가 411-3 1층,5211310300104110003,0,35.8362428,127.1609334,2026-07-10
1128,매클리어,"전북특별자치도 전주시 완산구 우전2길 44, 3층 (효자동2가)",전북특별자치도 전주시 완산구 효자동2가 129-7번지 3층,5211114100101290007,0,35.8082650,127.1072966,2026-07-10
1037,제이피썸 주식회사,전북특별자치도 전주시 완산구 맏내1길 20-5 (평화동2가),전북특별자치도 전주시 완산구 평화동2가 855-5,5211113300108550005,0,35.7913831,127.1292584,2026-07-10
1041,미진 LED 광고,전북특별자치도 전주시 완산구 맏내2길 6-7 (평화동2가),전북특별자치도 전주시 완산구 평화동2가 848-5번지,5211113300108480005,0,35.7922750,127.1310792,2026-07-10
1226,완전정보통신(주),전북특별자치도 전주시 완산구 하거마2길 22-4 (삼천동1가),전북특별자치도 전주시 완산구 삼천동1가 673-8번지,5211113700106730008,0,35.7935514,127.1184315,2026-07-10
647,(주)파로스,"전북특별자치도 전주시 덕진구 오공로 132, 502호 (만성동)",전북특별자치도 전주시 덕진구 만성동 1166-5번지 502호,5211313100111660005,0,35.8351884,127.0698141,2026-07-10
1207,주식회사 파로스,"전북특별자치도 전주시 완산구 콩쥐팥쥐로 1584-10, 4층 (상림동)",전북특별자치도 전주시 완산구 상림동 63-7 4층,5211114500100630007,0,35.8239965,127.0734445,2026-07-10
553,(주)찬드림,전북특별자치도 전주시 덕진구 신성길 80 (성덕동),전북특별자치도 전주시 덕진구 성덕동 172-11번지,5211312600101720011,0,35.8844394,127.0374523,2026-07-10
1062,주식회사 첫눈,"전북특별자치도 전주시 완산구 바우배기2길 23, 3층 이지빌딩 (효자동2가)",전북특별자치도 전주시 완산구 효자동2가 1236-4번지 3층 이지빌딩,5211114100112360004,0,35.8169929,127.1043054,2026-07-10
1124,다솜미트,전북특별자치도 전주시 완산구 용와길 4-28 (평화동3가),전북특별자치도 전주시 완산구 평화동3가 632번지,5211113400106320000,0,35.7800415,127.1147403,2026-07-10
4,(주)유림,전북특별자치도 전주시 완산구 상림동 762-3번지,전북특별자치도 전주시 완산구 상림동 762-3번지,5211114500107620003,0,35.8099813,127.0701114,2026-07-10
650,(주)리텍코리아,"전북특별자치도 전주시 덕진구 오신2길 23-5, 1동(성덕동)",전북특별자치도 전주시 덕진구 성덕동 174-16 1동,5211312600101740016,0,35.8827999,127.0349353,2026-07-10
1088,원창주식회사,"전북특별자치도 전주시 완산구 선너머로 36, 3층 (중화산동2가)",전북특별자치도 전주시완산구 중화산동2가 20-10번지 3층,5211112800100200010,0,35.8157178,127.1283844,2026-07-10
1100,건일정보통신,"전북특별자치도 전주시 완산구 쑥고개로 284-112, 1층(효자동2가, 건일정보통신)",전북특별자치도 전주시 완산구 효자동2가 798 건일정보통신 1층,5211114100107980000,0,35.7982788,127.0973453,2026-07-10
1171,주식회사 나인미디아,"전북특별자치도 전주시 완산구 중산3길 11-1, 1층 101호 (중화산동2가)",전북특별자치도 전주시 완산구 중화산동2가 620-16번지 1층 101호,5211112800106200016,0,35.8154665,127.1192394,2026-07-10
1130,유한회사 함께하는사람들,"전북특별자치도 전주시 완산구 원당길 3-75, 1층 (원당동)",전북특별자치도 전주시 완산구 원당동 696-1번지 1층,5211113100106960001,0,35.7584825,127.1138391,2026-07-10
1039,(유)동건홀딩스,전북특별자치도 전주시 완산구 맏내2길 19-6 (평화동2가),전북특별자치도 전주시완산구 평화동2가 855-2번지,5211113300108550002,0,35.7918784,127.1293700,2026-07-10
84,사방향산업,"전북특별자치도 전주시 덕진구 구렛들3길 50, 1층(팔복동1가, (주)대양실업)",전북특별자치도 전주시 덕진구 팔복동1가 356-1 (주)대양실업 1층,5211310800103560001,0,35.8620318,127.0997683,2026-07-10
783,제이피에스(JPS),전북특별자치도 전주시 덕진구 장동길 47 (장동),전북특별자치도 전주시 덕진구 장동 607-4,5211313200106070004,0,35.8523729,127.0654112,2026-07-10
1203,(유) 맛디자인,전북특별자치도 전주시 완산구 춘향로 5237 (대성동),전북특별자치도 전주시완산구 대성동 224-1번지,5211114300102240001,0,35.7997242,127.1750301,2026-07-10
1202,태림전자(주),"전북특별자치도 전주시 완산구 춘향로 5234 (대성동, 태림전자)",전북특별자치도 전주시완산구 대성동 271-1번지,5211114300102710001,0,35.8001874,127.1760133,2026-07-10
1234,이노아트,"전북특별자치도 전주시 완산구 현무3길 53, 1층 (경원동3가)",전북특별자치도 전주시 완산구 경원동3가 98번지 1층,5211110700100980000,0,35.8219737,127.1501666,2026-07-10
1040,(주)농업회사법인 온드림,전북특별자치도 전주시 완산구 맏내2길 19-8 (평화동2가),전북특별자치도 전주시 완산구 평화동2가 855-2번지,5211113300108550002,0,35.7918784,127.1293700,2026-07-10
1191,유한회사 셋토퍼,"전북특별자치도 전주시 완산구 천잠로 235, 미래관 9106호 (효자동2가, 전주비전대학)",전북특별자치도 전주시 완산구 효자동2가 1070번지 전주비전대학 미래관 9106호,5211114100110700000,0,35.8092009,127.0905589,2026-07-10
1013,(주)글로벌백,전북특별자치도 전주시 완산구 구이로 2034 (평화동3가),전북특별자치도 전주시 완산구 평화동3가 99번지,5211113400100990000,0,35.7796019,127.1307100,2026-07-10
1148,유한회사 아가페테크,"전북특별자치도 전주시 완산구 장승배기로 341, 지하1층 (서서학동)",전북특별자치도 전주시 완산구 서서학동 362-18 지하1층,5211112600103620018,0,35.8026173,127.1475242,2026-07-10
1205,전북인쇄산업,전북특별자치도 전주시 완산구 충경로 125-14 (경원동3가),전북특별자치도 전주시 완산구 경원동3가 3-5번지,5211110700100030005,0,35.8209478,127.1519477,2026-07-10
899,현성테크,전북특별자치도 전주시 덕진구 추천로 47 (팔복동3가),전북특별자치도 전주시 덕진구 팔복동3가 27번지,5211311000100270000,0,35.8444216,127.1016526,2026-07-10
772,탑,전북특별자치도 전주시 덕진구 인후4길 6 (인후동1가),전북특별자치도 전주시 덕진구 인후동1가 202-43번지,5211310300102020043,0,35.8300702,127.1554701,2026-07-10
1233,줌인디자인,전북특별자치도 전주시 완산구 현무3길 46 (중노송동),전북특별자치도 전주시 완산구 중노송동 551-1번지,5211112000105510001,0,35.8218101,127.1508138,2026-07-10
274,주식회사 제이엘(JL),전북특별자치도 전주시 덕진구 동부대로 722-19 (우아동3가),전북특별자치도 전주시 덕진구 우아동3가 551-5번지,5211311500105510005,0,35.8533675,127.1594260,2026-07-10
303,주식회사 넥스트에너지,"전북특별자치도 전주시 덕진구 만성북로 51-25, 4119호 (만성동, 스페이스온 지식산업센터) 4119호",전북특별자치도 전주시 덕진구 만성동 1345-3 스페이스온 지식산업센터 4119호 4119호,5211313100113450003,0,35.8490529,127.0826311,2026-07-10
1246,(주) 아람솔루션,"전북특별자치도 전주시 완산구 홍산북로 60-10, 다옴빌딩 2층 (효자동3가)",전북특별자치도 전주시 완산구 효자동3가 1533-5번지 다옴빌딩 2층,5211114200115330005,0,35.8167453,127.1081588,2026-07-10
873,(주)태승산전,"전북특별자치도 전주시 덕진구 추천로 177-12, 1층 (팔복동1가)",전북특별자치도 전주시 덕진구 팔복동1가 101-4 1층,5211310800101010004,0,35.8526169,127.1106199,2026-07-10
1239,엘엘기업,전북특별자치도 전주시 완산구 호동길 49-14 (삼천동3가),전북특별자치도 전주시완산구 삼천동3가 595-1번지,5211113900105950001,0,35.7904337,127.0831744,2026-07-10
654,주식회사 엔티아이,"전북특별자치도 전주시 덕진구 오신2길 5, 1동 (성덕동)",전북특별자치도 전주시 덕진구 성덕동 173-15 1동,5211312600101730015,0,35.8831265,127.0357782,2026-07-10
865,미래신재생에너지 주식회사,"전북특별자치도 전주시 덕진구 초포로 251, 3층 301호 (호성동2가)",전북특별자치도 전주시 덕진구 호성동2가 470-15 3층 301호,5211311700104700015,0,35.8745566,127.1483234,2026-07-10
1188,주식회사 해건,"전북특별자치도 전주시 완산구 천잠로 235, 미래관 1층 9104호(창업보육센타) (효자동2가, 전주비전대학)",전북특별자치도 전주시 완산구 효자동2가 1070번지 전주비전대학 미래관 1층 9104호(창업보육센타),5211114100110700000,0,35.8092009,127.0905589,2026-07-10
1178,(주)비젼웨이브,전북특별자치도 전주시 완산구 중인3길 10 (중인동),전북특별자치도 전주시 완산구 중인동 541-1번지,5211113500105410001,0,35.7663982,127.0949720,2026-07-10
860,주식회사 두산,"전북특별자치도 전주시 덕진구 초포다리로 51, 2동 2층 일부 (호성동1가)",전북특별자치도 전주시 덕진구 호성동1가 650 2동 2층 일부,5211311600106500000,0,35.8609628,127.1586825,2026-07-10
1249,주식회사 두산,"전북특별자치도 전주시 완산구 효동3길 23, 지하1층 (효자동1가, 전주새삶교회)",전북특별자치도 전주시 완산구 효자동1가 104-23번지 전주새삶교회 지하1층,5211114000101040023,0,35.8045314,127.1294030,2026-07-10
1123,(유)제이비이노베이션,전북특별자치도 전주시 완산구 용산마을길 53-21 (삼천동2가),전북특별자치도 전주시 완산구 삼천동2가 177-1번지,5211113800101770001,0,35.7926139,127.0994493,2026-07-10
319,주식회사 위에너지,"전북특별자치도 전주시 덕진구 만성북로 51-25,(만성동, 스페이스온 지식산업센터) 스페이스온동동 4층 4115호 외 3필지",전북특별자치도 전주시 덕진구 만성동 1345-3 스페이스온 지식산업센터 스페이스온동동 4층 4115호 외 3필지,5211313100113450003,3,35.8490529,127.0826311,2026-07-10
584,(주)가온ENC,전북특별자치도 전주시 덕진구 신흥안길 55-55(고랑동),전북특별자치도 전주시 덕진구 고랑동 290-1,5211312900102900001,0,35.8741248,127.0948011,2026-07-10
1012,(유)바움,전북특별자치도 전주시 완산구 구이로 1999 (평화동3가),전북특별자치도 전주시 완산구 평화동3가 118-20번지,5211113400101180020,0,35.7763736,127.1282412,2026-07-10
340,고감한지&페이퍼,전북특별자치도 전주시 덕진구 반암3길 31-1 (우아동3가),전북특별자치도 전주시 덕진구 우아동3가 272번지,5211311500102720000,0,35.8458498,127.1646436,2026-07-10
144,(주)오르테크,"전북특별자치도 전주시 덕진구 팔과정로 20, 전주아파트형공장 302-1 (팔복동3가)",전북특별자치도 전주시덕진구 팔복동3가 422번지 전주아파트형공장 302-1,5211311000104220000,0,35.8504409,127.0865238,2026-07-10
871,(주)도우이앤이,전북특별자치도 전주시 덕진구 추천로 15 (팔복동3가),전북특별자치도 전주시 덕진구 팔복동3가 45-12,5211311000100450012,0,35.8403897,127.1008087,2026-07-10
1187,(주)디에스티홀릭,"전북특별자치도 전주시 완산구 천잠로 235, 미래관 1층 9103호 (효자동2가, 전주비전대학)",전북특별자치도 전주시 완산구 효자동2가 1070번지 전주비전대학 미래관 1층 9103호,5211114100110700000,0,35.8092009,127.0905589,2026-07-10
3,(주)석청코리아,전북특별자치도 전주시 완산구 상림동 762-1번지,전북특별자치도 전주시 완산구 상림동 762-1번지,5211114500107620001,0,35.8107381,127.0712758,2026-07-10
1175,구성,전북특별자치도 전주시 완산구 중앙반길 35(삼천동3가),전북특별자치도 전주시 완산구 삼천동3가 252-7,5211113900102520007,0,35.7945995,127.0845250,2026-07-10
938,유한회사 그린,전북특별자치도 전주시 덕진구 팔복로 251-21 (여의동),전북특별자치도 전주시 덕진구 여의동 539-29,5211313000105390029,0,35.8564788,127.0821184,2026-07-10
1042,주식회사 엘림엘이디조명,"전북특별자치도 전주시 완산구 맏내로 157-5, 3층 301호(평화동2가)",전북특별자치도 전주시 완산구 평화동2가 844-1 3층 301호,5211113300108440001,0,35.7936308,127.1279359,2026-07-10
469,삼성자동문,전북특별자치도 전주시 덕진구 신복1길 16-1 (팔복동1가),전북특별자치도 전주시 덕진구 팔복동1가 101-3번지,5211310800101010003,0,35.8526339,127.1103673,2026-07-10
259,금성하이테크,전북특별자치도 전주시 덕진구 도당산로 31 (우아동3가),전북특별자치도 전주시 덕진구 우아동3가 751-69번지,5211311500107510069,0,35.8452323,127.1567786,2026-07-10
727,M산업,전북특별자치도 전주시 덕진구 원산정길 123 (산정동),전북특별자치도 전주시 덕진구 산정동 143-0번지,5211311100101430000,0,35.8522907,127.1733775,2026-07-10
1069,유한회사 지에이시스템,"전북특별자치도 전주시 완산구 백제대로 305, 3층 (중화산동2가)",전북특별자치도 전주시 완산구 중화산동2가 578-7번지 3층,5211112800105780007,0,35.8204401,127.1224162,2026-07-10
276,(유)대현물산,전북특별자치도 전주시 덕진구 동부대로 804 (호성동1가),전북특별자치도 전주시 덕진구 호성동1가 782-3번지,5211311600107820003,0,35.8599196,127.1547129,2026-07-10
1118,제이에스엔 주식회사,전북특별자치도 전주시 완산구 영경2길 13 (중화산동2가) 2층,전북특별자치도 전주시 완산구 중화산동2가 653-1 2층,5211112800106530001,0,35.8176331,127.1238213,2026-07-10
214,(주)정웅테크원,전북특별자치도 전주시 덕진구 금상길 124 (금상동),전북특별자치도 전주시 덕진구 금상동 1282-1,5211311200112820001,0,35.8463437,127.1842025,2026-07-10
112,주식회사 에스디씨,전북특별자치도 전주시 덕진구 상리1길 51 (팔복동2가),전북특별자치도 전주시 덕진구 팔복동2가 231-1번지,5211310900102310001,0,35.8520202,127.1030707,2026-07-10
767,(주)하서방식품,전북특별자치도 전주시 덕진구 인교9길 5 (우아동1가),전북특별자치도 전주시 덕진구 우아동1가 1109-3번지,5211311300111090003,0,,,2026-07-10
786,(유)삼원섬유,전북특별자치도 전주시 덕진구 장재안길 10 (우아동3가),전북특별자치도 전주시 덕진구 우아동3가 550-12번지,5211311500105500012,0,35.8518291,127.1604644,2026-07-10
370,주식회사 캔두에이피,"전북특별자치도 전주시 덕진구 붓내3길 18-9, 4층 (송천동2가)",전북특별자치도 전주시 덕진구 송천동2가 196번지,5211312200101960000,0,35.8659798,127.1236512,2026-07-10
834,주현 어패럴,전북특별자치도 전주시 덕진구 진버들3길 21 (인후동1가),전북특별자치도 전주시덕진구 인후동1가 411-4번지,5211310300104110004,0,35.8357526,127.1612433,2026-07-10
1017,(유)까치종합광고디자인기획,전북특별자치도 전주시 완산구 난전들로 139-47 (평화동3가) 외 2필지,전북특별자치도 전주시 완산구 평화동3가 249-3번지 외 2필지,5211113400102490003,2,35.7803947,127.1132757,2026-07-10
116,주식회사 케이피엠,"전북특별자치도 전주시 덕진구 상리1길 7, B동 2층(팔복동2가)",전북특별자치도 전주시 덕진구 팔복동2가 290-4 B동 2층,5211310900102900004,0,35.8540090,127.1029109,2026-07-10
692,(주)손짱,"전북특별자치도 전주시 덕진구 우아4길 14, 1층 (우아동3가)",전북특별자치도 전주시 덕진구 우아동3가 746-9번지 1층,5211311500107460009,0,35.8495992,127.1580533,2026-07-10
1200,대신네트웍스주식회사,"전북특별자치도 전주시 완산구 천잠로 472, 201호 (효자동3가)",전북특별자치도 전주시 완산구 효자동3가 1588-7번지 201호,5211114200115880007,0,35.8278762,127.0978871,2026-07-10
1206,주식회사 더가람,"전북특별자치도 전주시 완산구 충경로 26-6, 2층(중앙동1가, 신원빌딩)",전북특별자치도 전주시 완산구 중앙동1가 43-1 신원빌딩 2층,5211110100100430001,0,35.8166737,127.1421472,2026-07-10
534,미성산업,전북특별자치도 전주시 덕진구 신복천변3길 12 (팔복동1가),전북특별자치도 전주시 덕진구 팔복동1가 157-4번지,5211310800101570004,0,35.8574566,127.1069167,2026-07-10
710,(유)한샘기업,전북특별자치도 전주시 덕진구 원만성로 21-25 (여의동),전북특별자치도 전주시덕진구 여의동 818-2번지,5211313000108180002,0,35.8534681,127.0824096,2026-07-10
595,명신섬유,전북특별자치도 전주시 덕진구 안골1길 17 (인후동1가),전북특별자치도 전주시덕진구 인후동1가 762-18번지,5211310300107620018,0,35.8382877,127.1579718,2026-07-10
764,만보컴퍼니,전북특별자치도 전주시 덕진구 인교6길 4-1 (우아동1가),전북특별자치도 전주시 덕진구 우아동1가 1099-13번지,5211311300110990013,0,35.8260171,127.1722968,2026-07-10
765,뉴에너지 주식회사,전북특별자치도 전주시 덕진구 인교7길 23 (우아동1가),전북특별자치도 전주시 덕진구 우아동1가 916-6번지,5211311300109160006,0,35.8273480,127.1745064,2026-07-10
693,(주)한스시스템,"전북특별자치도 전주시 덕진구 우아5길 8, 1층 101호 (우아동3가)",전북특별자치도 전주시 덕진구 우아동3가 747-99 1층 101호,5211311500107470099,0,35.8499783,127.1554633,2026-07-10
774,전주어망,전북특별자치도 전주시 덕진구 인후6길 25 (인후동1가),전북특별자치도 전주시덕진구 인후동1가 225-3번지,5211310300102250003,0,35.8314688,127.1559590,2026-07-10
20,(유)영창철강,전북특별자치도 전주시 덕진구 신복로 135 (팔복동1가) 외 3필지,전북특별자치도 전주시덕진구 팔복동1가 243-71번지 외 3필지,5211310800102430071,3,35.8610367,127.1017337,2026-07-10
725,(유)대한기와강판,전북특별자치도 전주시 덕진구 원산정길 115 (산정동),전북특별자치도 전주시 덕진구 산정동 138번지,5211311100101380000,0,35.8515043,127.1725646,2026-07-10
694,꿈나무식품,전북특별자치도 전주시 덕진구 우아8길 17 (우아동3가),전북특별자치도 전주시 덕진구 우아동3가 744-19번지,5211311500107440019,0,35.8511111,127.1575122,2026-07-10
766,진미외식산업,전북특별자치도 전주시 덕진구 인교9길 27-1 (우아동1가),전북특별자치도 전주시덕진구 우아동1가 1119-3번지,5211311300111190003,0,35.8260878,127.1757235,2026-07-10
734,(유)찬미산업개발,전북특별자치도 전주시 덕진구 원산정길 98 (산정동),전북특별자치도 전주시 덕진구 산정동 70-15번지,5211311100100700015,0,35.8499513,127.1736784,2026-07-10
730,대창목재,전북특별자치도 전주시 덕진구 원산정길 18 (산정동),전북특별자치도 전주시덕진구 산정동 767-3번지,5211311100107670003,0,35.8421089,127.1717838,2026-07-10
769,(주)디아이텍,전북특별자치도 전주시 덕진구 인봉3길 51-1 (인후동1가),전북특별자치도 전주시덕진구 인후동1가 863-4번지,5211310300108630004,0,35.8292625,127.1589974,2026-07-10
773,대림흑판,전북특별자치도 전주시 덕진구 인후5길 6-31 (인후동1가),전북특별자치도 전주시 덕진구 인후동1가 812-8번지,5211310300108120008,0,,,2026-07-10
801,가을,전북특별자치도 전주시 덕진구 전미월평2길 6 (전미동2가),전북특별자치도 전주시 덕진구 전미동2가 91-10번지,5211312000100910010,0,35.8831962,127.1076697,2026-07-10
570,(주)대도,전북특별자치도 전주시 덕진구 신흥안길 39-18 (고랑동),전북특별자치도 전주시 덕진구 고랑동 11-119,5211312900100110119,0,35.8750817,127.0954809,2026-07-10
677,두지프로바이오틱스(주),전북특별자치도 전주시 덕진구 용신길 26-5 (반월동) 2동,전북특별자치도 전주시 덕진구 반월동 623-13 2동,5211312300106230013,0,35.8770053,127.0617129,2026-07-10
339,21세기산업개발,전북특별자치도 전주시 덕진구 반암3길 24 (우아동3가),전북특별자치도 전주시덕진구 우아동3가 303-2번지,5211311500103030002,0,,,2026-07-10
594,(유)서원정보통신,전북특별자치도 전주시 덕진구 아중천변2길 9 (우아동3가),전북특별자치도 전주시덕진구 우아동3가 295-1번지,5211311500102950001,0,,,2026-07-10
855,유한회사 하이엔진,전북특별자치도 전주시 덕진구 초포다리로 18 (호성동1가),전북특별자치도 전주시 덕진구 호성동1가 714-1번지,5211311600107140001,0,,,2026-07-10
328,성완실업,전북특별자치도 전주시 덕진구 무삼지5길 12-3 (인후동1가),전북특별자치도 전주시 덕진구 인후동1가 902-4번지,5211310300109020004,0,35.8275723,127.1640762,2026-07-10
591,(유)미들텍,"전북특별자치도 전주시 덕진구 아중로 132-1, 2층 (인후동1가)",전북특별자치도 전주시 덕진구 인후동1가 927-4번지 2층,5211310300109270004,0,,,2026-07-10
251,(주)지로드,전북특별자치도 전주시 덕진구 덕촌길 43 (팔복동3가),전북특별자치도 전주시 덕진구 팔복동3가 134-2번지,5211311000101340002,0,35.8447586,127.0981348,2026-07-10
721,바울석재,전북특별자치도 전주시 덕진구 원만성로 83-1 (팔복동2가),전북특별자치도 전주시덕진구 팔복동2가 686-5번지,5211310900106860005,0,35.8564268,127.0873065,2026-07-10
277,유한회사 베코리아,"전북특별자치도 전주시 덕진구 동부대로 885, 301호 (호성동1가)",전북특별자치도 전주시 덕진구 호성동1가 836-42 301호,5211311600108360042,0,35.8648026,127.1485467,2026-07-10
698,(주)소유산업개발,"전북특별자치도 전주시 덕진구 원동로 175, 2층 (원동)",전북특별자치도 전주시 덕진구 원동 170-3 2층,5211312700101700003,0,35.8633467,127.0422436,2026-07-10
622,주식회사 인에코,전북특별자치도 전주시 덕진구 야전2길 27-2 (팔복동4가),전북특별자치도 전주시 덕진구 팔복동4가 225-5번지,5211313300102250005,0,35.8617949,127.1044442,2026-07-10
467,전주콩나물영농조합,전북특별자치도 전주시 덕진구 수리재길 13 (금상동),전북특별자치도 전주시 덕진구 금상동 1288-11,5211311200112880011,0,35.8439233,127.1823081,2026-07-10
194,(주)윈테크보안시스템,전북특별자치도 전주시 덕진구 견훤로 352 (우아동3가),전북특별자치도 전주시덕진구 우아동3가 755-25번지,5211311500107550025,0,35.8426915,127.1545726,2026-07-10
275,고려기획,전북특별자치도 전주시 덕진구 동부대로 744-19 (우아동3가),전북특별자치도 전주시 덕진구 우아동3가 578-3번지,5211311500105780003,0,35.8556988,127.1596896,2026-07-10
821,신세계광고기획,전북특별자치도 전주시 덕진구 정언신로 37 (인후동1가),전북특별자치도 전주시덕진구 인후동1가 817-1번지,5211310300108170001,0,35.8301949,127.1581029,2026-07-10
295,(주)제이데이터솔루션,"전북특별자치도 전주시 덕진구 만성북로 51-25, 2112~2113호 (만성동, 스페이스온 지식산업센터) 2112~2113호",전북특별자치도 전주시 덕진구 만성동 1345-3 스페이스온 지식산업센터 2112~2113호 2112~2113호,5211313100113450003,0,35.8490529,127.0826311,2026-07-10
378,(주)천호산업,전북특별자치도 전주시 덕진구 비석날로 59-11 (여의동),전북특별자치도 전주시 덕진구 여의동 660-34번지,5211313000106600034,0,35.8571568,127.0788694,2026-07-10
107,주식회사 디자인공감,"전북특별자치도 전주시 덕진구 구렛들3길 48, 팔복동1가 356-4, 356-6, 356-7 (팔복동1가)","전북특별자치도 전주시 덕진구 팔복동1가 356-4 팔복동1가 356-4, 356-6, 356-7",5211310800103560004,0,35.8614948,127.0990740,2026-07-10
826,유한회사 유엔에스테크,전북특별자치도 전주시 덕진구 조경단로 90 (금암동),전북특별자치도 전주시 덕진구 금암동 1587-5,5211310700115870005,0,35.8420750,127.1393834,2026-07-10
520,가원종합주방,전북특별자치도 전주시 덕진구 신복로 68-3 (팔복동1가),전북특별자치도 전주시 덕진구 팔복동1가 160-2번지,5211310800101600002,0,35.8570193,127.1075062,2026-07-10
1154,유한회사 린캔들라이트,전북특별자치도 전주시 완산구 전룡로 8 (서신동),전북특별자치도 전주시 완산구 서신동 851-1번지,5211112900108510001,0,35.8258913,127.1138631,2026-07-10
392,(유)대명하우징,전북특별자치도 전주시 덕진구 산정동 770-1번지 외 2필지,전북특별자치도 전주시 덕진구 산정동 770-1번지 외 2필지,5211311100107700001,2,35.8426683,127.1710374,2026-07-10
601,파라웰코리아,전북특별자치도 전주시 덕진구 안덕원로 383 (산정동),전북특별자치도 전주시 덕진구 산정동 855-3번지,5211311100108550003,0,35.8400524,127.1681267,2026-07-10
800,(주)웰정보통신,전북특별자치도 전주시 덕진구 전미로 269 (전미동2가),전북특별자치도 전주시 덕진구 전미동2가 76-1번지,5211312000100760001,0,35.8914750,127.1028050,2026-07-10
167,강인목재,전북특별자치도 전주시 덕진구 가소길 11-2 (금상동),전북특별자치도 전주시 덕진구 금상동 501-4번지,5211311200105010004,0,35.8513042,127.1921487,2026-07-10
170,(주)강인목재,전북특별자치도 전주시 덕진구 가소길 6 (금상동),전북특별자치도 전주시 덕진구 금상동 1268-4,5211311200112680004,0,35.8514417,127.1909912,2026-07-10
1263,웹프라이스(주),전북특별자치도 전주시덕진구 우아동3가 285-1번지 4.5층,전북특별자치도 전주시덕진구 우아동3가 285-1번지 4.5층,5211311500102850001,0,35.8449884,127.1627906,2026-07-10
440,(유)꽃탑월드,전북특별자치도 전주시 덕진구 새논밭길 14 (호성동1가),전북특별자치도 전주시 덕진구 호성동1가 683번지,5211311600106830000,0,35.8598759,127.1601765,2026-07-10
216,(주)썬더테크놀로지,전북특별자치도 전주시 덕진구 금상길 176-12 (금상동),전북특별자치도 전주시 덕진구 금상동 1271-3번지,5211311200112710003,0,35.8497934,127.1873363,2026-07-10
527,화산실업,전북특별자치도 전주시 덕진구 신복천변1길 17 (팔복동1가),전북특별자치도 전주시 덕진구 팔복동1가 172-4번지,5211310800101720004,0,35.8568254,127.1093992,2026-07-10
483,광현시스템,전북특별자치도 전주시 덕진구 신복로 114 (팔복동4가),전북특별자치도 전주시 덕진구 팔복동4가 237-4번지,5211313300102370004,0,35.8597206,127.1041929,2026-07-10
1065,오감기획,전북특별자치도 전주시 완산구 배학4길 3-3 (효자동3가),전북특별자치도 전주시완산구 효자동3가 1673-5 번지,5211114200116730005,0,35.8200881,127.0972217,2026-07-10
337,(주) 컴필,"전북특별자치도 전주시 덕진구 반암1길 11, 1~2층 (우아동3가)",전북특별자치도 전주시 덕진구 우아동3가 262-6 1~2층,5211311500102620006,0,35.8465767,127.1640756,2026-07-10
394,(주) 본테크,전북특별자치도 전주시 덕진구 삼거1길 18-39 (금상동),전북특별자치도 전주시 덕진구 금상동 224-2번지,5211311200102240002,0,35.8530864,127.1939084,2026-07-10
393,기영산업,전북특별자치도 전주시 덕진구 삼거1길 18-35 (금상동),전북특별자치도 전주시 덕진구 금상동 523-6번지,5211311200105230006,0,,,2026-07-10
326,두인기획,전북특별자치도 전주시 덕진구 무삼지2길 10-3 (인후동1가),전북특별자치도 전주시덕진구 인후동1가 898-4 번지,5211310300108980004,0,35.8266311,127.1620156,2026-07-10
974,우림이엔지,전북특별자치도 전주시 덕진구 호성동1가 472-2번지,전북특별자치도 전주시 덕진구 호성동1가 472-2번지,5211311600104720002,0,,,2026-07-10
723,주식회사 교차로,전북특별자치도 전주시 덕진구 원만성로 87 (팔복동2가),전북특별자치도 전주시 덕진구 팔복동2가 686-3,5211310900106860003,0,35.8568269,127.0876614,2026-07-10
1003,이고장식품,전북특별자치도 전주시 완산구 고사평7길 17 (서신동),전북특별자치도 전주시 완산구 서신동 1015-1번지,5211112900110150001,0,,,2026-07-10
250,(유) 전주건업,전북특별자치도 전주시 덕진구 덕촌길 29 (팔복동3가),전북특별자치도 전주시 덕진구 팔복동3가 132-2번지,5211311000101320002,0,35.8442376,127.0977214,2026-07-10
1068,디프,전북특별자치도 전주시 완산구 백제대로 225 (중화산동2가) 외 1필지,전북특별자치도 전주시완산구 중화산동2가 646-20번지 외 1필지,5211112800106460020,1,35.8133448,127.1223709,2026-07-10
199,금원주식회사,"전북특별자치도 전주시 덕진구 고내천변로 24-93, 1층,2층 (송천동2가)","전북특별자치도 전주시 덕진구 송천동2가 1122-3 1층,2층",5211312200111220003,0,,,2026-07-10
1142,청정LSF 사업본부,전북특별자치도 전주시 완산구 인정1길 19-5 (중화산동2가),전북특별자치도 전주시 완산구 중화산동2가 580-4번지,5211112800105800004,0,35.8199535,127.1221313,2026-07-10
1063,(유) 드림테크,"전북특별자치도 전주시 완산구 밤나무1길 15-3, 2층 (효자동1가)",전북특별자치도 전주시 완산구 효자동1가 383-4 2층,5211114000103830004,0,35.8088706,127.1167992,2026-07-10
1081,(유)드림테크,"전북특별자치도 전주시 완산구 서곡3길 4-31 (효자동3가, 화승빌라)",전북특별자치도 전주시 완산구 효자동3가 1416-5번지,5211114200114160005,0,35.8365028,127.1018170,2026-07-10
457,(주)선이앤씨,전북특별자치도 전주시 덕진구 성덕동 509-18번지,전북특별자치도 전주시 덕진구 성덕동 509-18번지,5211312600105090018,0,35.8767022,127.0314454,2026-07-10
953,(주)청송스틸,전북특별자치도 전주시 덕진구 하오리길 10 (전미동1가),전북특별자치도 전주시 덕진구 전미동1가 1096-3번지,5211311900110960003,0,35.8943168,127.1278406,2026-07-10
162,주식회사 보라,"전북특별자치도 전주시 덕진구 팔과정로 20, 5층 501-1 (팔복동3가, 덕진아파트형공장) 5층 501-1호",전북특별자치도 전주시 덕진구 팔복동3가 422번지 덕진아파트형공장 5층 501-1 5층 501-1호,5211311000104220000,0,35.8504409,127.0865238,2026-07-10
598,마운틴,전북특별자치도 전주시 덕진구 안덕원로 107 (진북동),전북특별자치도 전주시덕진구 진북동 320-18번지,5211310200103200018,0,,,2026-07-10
1240,농업회사법인 유한회사 농정심,전북특별자치도 전주시 완산구 호동길 49-15 (삼천동3가),전북특별자치도 전주시 완산구 삼천동3가 577-2번지,5211113900105770002,0,35.7909294,127.0827812,2026-07-10
413,대학문화사,전북특별자치도 전주시 덕진구 삼송3길 46 (금암동),전북특별자치도 전주시 덕진구 금암동 1544-11번지,5211310700115440011,0,35.8438460,127.1373643,2026-07-10
1036,(주) 해일정보,전북특별자치도 전주시 완산구 마전중앙로 21 (효자동3가),전북특별자치도 전주시 완산구 효자동3가 1633-7번지,5211114200116330007,0,35.8235345,127.1040693,2026-07-10
1204,유한회사 금성기업,"전북특별자치도 전주시 완산구 춘향로 5309, (유)금성기업 (대성동)",전북특별자치도 전주시 완산구 대성동 348-3번지 (유)금성기업,5211114300103480003,0,35.8013691,127.1675795,2026-07-10
716,유한회사 제이알앤테크,"전북특별자치도 전주시 덕진구 원만성로 23, 1층 B호(팔복동3가)",전북특별자치도 전주시 덕진구 팔복동3가 465 1층 B호,5211311000104650000,0,35.8519080,127.0839547,2026-07-10
808,(주) 광호엔지니어링,전북특별자치도 전주시 덕진구 전미중앙로 49 (전미동2가),전북특별자치도 전주시 덕진구 전미동2가 530-2번지,5211312000105300002,0,35.8804883,127.1029486,2026-07-10
1072,(주) 문화인쇄산업,전북특별자치도 전주시 완산구 산월2길 13 (중화산동2가),전북특별자치도 전주시 완산구 중화산동2가 642-2,5211112800106420002,0,,,2026-07-10
832,(유)천지이앤씨,전북특별자치도 전주시 덕진구 지행당길 128-6(호성동1가),전북특별자치도 전주시 덕진구 호성동1가 472-3,5211311600104720003,0,35.8709842,127.1555887,2026-07-10
526,(주)천우에스엔씨,전북특별자치도 전주시 덕진구 신복천변1길 16 (팔복동1가),전북특별자치도 전주시덕진구 팔복동1가 187번지,5211310800101870000,0,35.8564466,127.1096127,2026-07-10
235,주식회사 성경실업,"전북특별자치도 전주시 덕진구 기린대로 868-2, 1층, 2층 (여의동2가)","전북특별자치도 전주시 덕진구 여의동2가 404-2 1층, 2층",5211313900104040002,0,35.8616462,127.0902200,2026-07-10
279,주식회사 베스트프랜드플러시,전북특별자치도 전주시 덕진구 동산동 404-2번지,전북특별자치도 전주시 덕진구 동산동 404-2번지,,0,,,2026-07-10
271,윤슬홈건축,전북특별자치도 전주시 덕진구 동부대로 190(우아동1가),전북특별자치도 전주시 덕진구 우아동1가 625-8,5211311300106250008,0,35.8112055,127.1861014,2026-07-10
1052,유한회사 한결라이팅,"전북특별자치도 전주시 완산구 모악로 4704, 201호 (평화동2가)",전북특별자치도 전주시 완산구 평화동2가 299-1번지 201호,5211113300102990001,0,35.7893106,127.1315121,2026-07-10
607,주식회사 해리스정원,전북특별자치도 전주시 덕진구 암실길 37-25(반월동),전북특별자치도 전주시 덕진구 반월동 624-9,5211312300106240009,0,35.8766477,127.0637023,2026-07-10
676,(유)정원에스텍,전북특별자치도 전주시 덕진구 용신길 26-21 (반월동),전북특별자치도 전주시 덕진구 반월동 623-8번지,5211312300106230008,0,35.8775871,127.0628149,2026-07-10
1264,동원기업사,전북특별자치도 전주시덕진구 진북동 417-32번지,전북특별자치도 전주시덕진구 진북동 417-32번지,5211310200104170032,0,35.8288664,127.1360163,2026-07-10
223,수도종합광고,전북특별자치도 전주시 덕진구 기린대로 266 (진북동),전북특별자치도 전주시 덕진구 진북동 329-5번지,5211310200103290005,0,35.8294752,127.1429927,2026-07-10
136,(주)리퓨터,"전북특별자치도 전주시 덕진구 팔과정로 20, 301호 (팔복동3가, 덕진아파트형공장)",전북특별자치도 전주시 덕진구 팔복동3가 422번지 덕진아파트형공장 301호,5211311000104220000,0,35.8504409,127.0865238,2026-07-10
543,수테크,전북특별자치도 전주시 덕진구 신성길 19-1 (성덕동),전북특별자치도 전주시 덕진구 성덕동 173-57번지,5211312600101730057,0,35.8791490,127.0361033,2026-07-10
906,효원창호,전북특별자치도 전주시 덕진구 텃골길 9 (호성동1가),전북특별자치도 전주시 덕진구 호성동1가 593-1,5211311600105930001,0,,,2026-07-10
853,동양강철이지폴딩호남지사,전북특별자치도 전주시 덕진구 초포다리로 106-20 (호성동1가),전북특별자치도 전주시 덕진구 호성동1가 868-30번지,5211311600108680030,0,35.8645986,127.1620699,2026-07-10
1272,예성LED채널,전북특별자치도 전주시덕진구 호성동1가 637-5 번지,전북특별자치도 전주시덕진구 호성동1가 637-5 번지,5211311600106370005,0,35.8634690,127.1558641,2026-07-10
665,(주)나노엔지니어링,"전북특별자치도 전주시 덕진구 온고을로 557, 3층 (여의동)",전북특별자치도 전주시 덕진구 여의동 1264-5번지 3층,5211313000112640005,0,,,2026-07-10
814,(주)라인인포,전북특별자치도 전주시 덕진구 전주천동로 422 (진북동),전북특별자치도 전주시덕진구 진북2동 1156-4번지,,0,,,2026-07-10
852,믿음기업,전북특별자치도 전주시 덕진구 초당길 60-43 (호성동1가),전북특별자치도 전주시 덕진구 호성동1가 472-16번지,5211311600104720016,0,35.8705579,127.1558486,2026-07-10
838,주식회사 에스이씨,전북특별자치도 전주시 덕진구 진조리길 79 (전미동1가),전북특별자치도 전주시 덕진구 전미동1가 329-4번지,5211311900103290004,0,35.8955987,127.1175093,2026-07-10
24,(유)주원산업개발,전북특별자치도 전주시 덕진구 신복로 141 (팔복동1가),전북특별자치도 전주시 덕진구 팔복동1가 243-69,5211310800102430069,0,35.8615112,127.1013243,2026-07-10
406,(유)주원산업개발,전북특별자치도 전주시 덕진구 삼례로 53 (반월동),전북특별자치도 전주시 덕진구 반월동 612-25번지,5211312300106120025,0,35.8825410,127.0761833,2026-07-10
18,(유)성주,전북특별자치도 전주시 덕진구 신복로 141 (팔복동1가),전북특별자치도 전주시 덕진구 팔복동1가 243-69,5211310800102430069,0,35.8615112,127.1013243,2026-07-10
322,대흥정판사,전북특별자치도 전주시 덕진구 매봉15길 8 (금암동),전북특별자치도 전주시덕진구 금암동 1574-24번지,5211310700115740024,0,35.8391847,127.1427035,2026-07-10
264,지월아트,전북특별자치도 전주시 덕진구 동부대로 1002 (송천동2가),전북특별자치도 전주시 덕진구 송천동2가 69-27번지,5211312200100690027,0,35.8696771,127.1380473,2026-07-10
816,디지털코리아,"전북특별자치도 전주시 덕진구 전주천동로 475 (금암동, 우리만두)",전북특별자치도 전주시 덕진구 금암동 760-9번지 우리만두,5211310700107600009,0,35.8356270,127.1288807,2026-07-10
205,성진인쇄사,전북특별자치도 전주시 덕진구 공북5길 33-2 (진북동),전북특별자치도 전주시덕진구 진북동 301-35번지,5211310200103010035,0,35.8277952,127.1405548,2026-07-10
281,아침의나라&그린버티컬,전북특별자치도 전주시 덕진구 두간3길 8-9 (송천동1가),전북특별자치도 전주시 덕진구 송천동1가 817-7번지,5211312100108170007,0,35.8643836,127.1192196,2026-07-10
864,제이씨엔(주),전북특별자치도 전주시 덕진구 초포로 249-9 (호성동2가),전북특별자치도 전주시 덕진구 호성동2가 468-22번지,5211311700104680022,0,35.8749998,127.1475337,2026-07-10
1225,(유) 열린커뮤니케이션즈,전북특별자치도 전주시 완산구 하거마1길 5 (삼천동1가),전북특별자치도 전주시 완산구 삼천동1가 698-8번지,5211113700106980008,0,35.7928865,127.1193523,2026-07-10
154,라이콘,"전북특별자치도 전주시 덕진구 팔과정로 20, 5층 503-1 (팔복동3가, 덕진아파트형공장)",전북특별자치도 전주시 덕진구 팔복동3가 422번지 덕진아파트형공장 5층 503-1,5211311000104220000,0,35.8504409,127.0865238,2026-07-10
130,한라종합공업,"전북특별자치도 전주시 덕진구 신복천변로 35, 한라종합공업 (팔복동1가)",전북특별자치도 전주시 덕진구 팔복동1가 279-10번지 한라종합공업,5211310800102790010,0,35.8577459,127.1044381,2026-07-10
952,(유)동신큐비클,전북특별자치도 전주시 덕진구 하가로 84 (덕진동2가),전북특별자치도 전주시덕진구 덕진동2가 120-6번지,5211310600101200006,0,35.8491796,127.1133728,2026-07-10
880,진흥상사,"전북특별자치도 전주시 덕진구 추천로 19-16 (팔복동3가, 제일어패럴)",전북특별자치도 전주시 덕진구 팔복동3가 61-7번지 제일어패럴,5211311000100610007,0,35.8415602,127.1002710,2026-07-10
336,(유)씨엠에스이엔지,전북특별자치도 전주시 덕진구 반룡로 65 (팔복동2가),전북특별자치도 전주시 덕진구 팔복동2가 686-1번지,5211310900106860001,0,35.8568543,127.0871941,2026-07-10
829,주식회사 바이푸드,전북특별자치도 전주시 덕진구 지행당길 128-14 (호성동1가),전북특별자치도 전주시 덕진구 호성동1가 472-10,5211311600104720010,0,,,2026-07-10
1016,주식회사 애플농산,전북특별자치도 전주시 완산구 꽃밭정1길 17-16 (평화동1가),전북특별자치도 전주시완산구 평화동1가 597-19번지,5211113200105970019,0,35.7976329,127.1329800,2026-07-10
213,(유)스마트코리아,"전북특별자치도 전주시 덕진구 권삼득로 379, 승한빌딩 5층(3호 4호) (덕진동1가)",전북특별자치도 전주시 덕진구 덕진동1가 1314-120번지 승한빌딩 5층(3호 4호),5211310500113140120,0,35.8464314,127.1215676,2026-07-10
327,소부당,전북특별자치도 전주시 덕진구 무삼지2길 10-6(인후동1가),전북특별자치도 전주시 덕진구 인후동1가 899-11,5211310300108990011,0,35.8268659,127.1623235,2026-07-10
1211,(유)세계로냉동상사,전북특별자치도 전주시 완산구 태진로 10 (태평동),전북특별자치도 전주시 완산구 태평동 83-44번지,5211111900100830044,0,35.8217594,127.1378791,2026-07-10
987,주식회사 백결,"전북특별자치도 전주시 덕진구 회룡2길 109-16, 1층 2호 (전미동2가)",전북특별자치도 전주시 덕진구 전미동2가 152-4 1층 2호,5211312000101520004,0,35.8871229,127.0963299,2026-07-10
354,농업회사법인(주)에파솔,"전북특별자치도 전주시 덕진구 백제대로 567, 2층 207호(전북대학교 농업생명과학대학 부속농장) (금암동)",전북특별자치도 전주시 덕진구 금암동 663번지 2층 207호(전북대학교 농업생명과학대학 부속농장),5211310700106630000,0,35.8452237,127.1329771,2026-07-10
1221,농업회사법인(주) 장원에프엔씨,전북특별자치도 전주시 완산구 평화동2가 722-2번지,전북특별자치도 전주시 완산구 평화동2가 722-2번지,5211113300107220002,0,35.7860149,127.1173767,2026-07-10
225,주식회사 사운드코리아,전북특별자치도 전주시 덕진구 기린대로 321 (진북동),전북특별자치도 전주시 덕진구 진북동 320-26번지,5211310200103200026,0,35.8325153,127.1383070,2026-07-10
226,(유)엘파워닉스,"전북특별자치도 전주시 덕진구 기린대로 321, 지하1층(진북동)",전북특별자치도 전주시 덕진구 진북동 320-26 지하1층,5211310200103200026,0,35.8325153,127.1383070,2026-07-10
486,(주)와이앤케이,"전북특별자치도 전주시 덕진구 신복로 114, 4동 (팔복동4가)",전북특별자치도 전주시 덕진구 팔복동4가 237-4 4동,5211313300102370004,0,35.8597206,127.1041929,2026-07-10
238,(유)에스티원,전북특별자치도 전주시 덕진구 기린대로 923(팔복동2가),전북특별자치도 전주시 덕진구 팔복동2가 774-103,5211310900107740103,0,35.8635863,127.0837787,2026-07-10
157,씨피에스(주),"전북특별자치도 전주시 덕진구 팔과정로 20, (팔복동3가, 아파트형공장) 1동 1층 102-2호",전북특별자치도 전주시 덕진구 팔복동3가 422 아파트형공장 1동 1층 102-2호,5211311000104220000,0,35.8504409,127.0865238,2026-07-10
518,(유)크린텍,전북특별자치도 전주시 덕진구 신복로 66(팔복동1가),전북특별자치도 전주시 덕진구 팔복동1가 162-1,5211310800101620001,0,35.8566909,127.1076069,2026-07-10
111,주식회사 아이에스티,"전북특별자치도 전주시 덕진구 구렛들2길 53, 101호 (팔복동1가)",전북특별자치도 전주시 덕진구 팔복동1가 356-5 101호,5211310800103560005,0,35.8613795,127.1000631,2026-07-10
127,평화레이져,전북특별자치도 전주시 덕진구 신복로 145 (팔복동1가),전북특별자치도 전주시 덕진구 팔복동1가 243-81번지,5211310800102430081,0,35.8619259,127.1011183,2026-07-10
353,주식회사 디쏠,"전북특별자치도 전주시 덕진구 백제대로 567, 114호(금암동, 전북대학교공대2호관) (금암동, 전북대학교)","전북특별자치도 전주시 덕진구 금암동 663번지 전북대학교 114호(금암동, 전북대학교공대2호관)",5211310700106630000,0,35.8452237,127.1329771,2026-07-10
355,캔유텍,"전북특별자치도 전주시 덕진구 백제대로 567, 308(전북대학교 창업보육센터) (덕진동1가, 전북대학교)",전북특별자치도 전주시 덕진구 덕진동1가 664-14번지,5211310500106640014,0,35.8474354,127.1271035,2026-07-10
212,(유)서은옥푸드,"전북특별자치도 전주시 덕진구 권삼득로 308, 전북대창업보육센터 105호~107호 (덕진동1가)",전북특별자치도 전주시 덕진구 덕진동1가 664-14번지 전북대학교 전북대창업보육센터 105호~107호,5211310500106640014,0,35.8474354,127.1271035,2026-07-10
1212,(유)서은옥푸드,전북특별자치도 전주시 완산구 태진로 44-9 (태평동),전북특별자치도 전주시 완산구 태평동 234-3번지,5211111900102340003,0,35.8250231,127.1376197,2026-07-10
227,삼성씨엔에스(주),전북특별자치도 전주시 덕진구 기린대로 383 (금암동),전북특별자치도 전주시덕진구 금암1동 475-3번지,,0,,,2026-07-10
970,주식회사 성심스페이스,전북특별자치도 전주시 덕진구 호성동1가 150번지,전북특별자치도 전주시 덕진구 호성동1가 150번지,5211311600101500000,0,35.8646057,127.1598511,2026-07-10
308,주식회사 엘티에스챔버,"전북특별자치도 전주시 덕진구 만성북로 51-25, 스페이스온동 4101호(만성동, 스페이스온 지식산업센터) 스페이스온동 4101호 외 1필지",전북특별자치도 전주시 덕진구 만성동 1345-3 스페이스온 지식산업센터 스페이스온동 4101호 스페이스온동 4101호 외 1필지,5211313100113450003,1,35.8490529,127.0826311,2026-07-10
1097,주식회사 제이앤지,전북특별자치도 전주시 완산구 쑥고개로 208 (삼천동3가) 외 1필지,전북특별자치도 전주시 완산구 삼천동3가 3-10번지 외 1필지,5211113900100030010,1,35.7978157,127.0896113,2026-07-10
1014,주식회사 지엔콤,전북특별자치도 전주시 완산구 군자길 17 (평화동3가),전북특별자치도 전주시 완산구 평화동3가 197,5211113400101970000,0,35.7742888,127.1295897,2026-07-10
648,주식회사 비아이티코퍼레이션,"전북특별자치도 전주시 덕진구 오송로 9, 201호 (송천동1가) 외 1필지",전북특별자치도 전주시 덕진구 송천동1가 135-8 201호 외 1필지,5211312100101350008,1,35.8598147,127.1273336,2026-07-10
166,주식회사 아이엠시티,"전북특별자치도 전주시 덕진구 가리내로 52, 2층 (금암동, 한국노총전북본부)",전북특별자치도 전주시 덕진구 금암동 766-8번지 한국노총전북본부 2층,5211310700107660008,0,35.8343097,127.1304446,2026-07-10
604,(유)신두림,전북특별자치도 전주시 덕진구 암실길 135 (반월동),전북특별자치도 전주시 덕진구 반월동 620-1번지,5211312300106200001,0,35.8857789,127.0656989,2026-07-10
229,(주)유엔씨,"전북특별자치도 전주시 덕진구 기린대로 452, 2층 203호 (덕진동1가)",전북특별자치도 전주시 덕진구 덕진동1가 1265-22번지 2층 203호,5211310500112650022,0,35.8411995,127.1279843,2026-07-10
16,(유)백두철강,전북특별자치도 전주시 덕진구 신복천변로 37 (팔복동1가),전북특별자치도 전주시 덕진구 팔복동1가 279-7번지,5211310800102790007,0,35.8578728,127.1045362,2026-07-10
1275,전주파이프,전북특별자치도 전주시완산구 상림동 41 번지 외 1필지,전북특별자치도 전주시완산구 상림동 41 번지 외 1필지,5211114500100410000,1,35.8235898,127.0796387,2026-07-10
667,세환섬유,전북특별자치도 전주시 덕진구 와룡3길 4 (송천동2가),전북특별자치도 전주시 덕진구 송천동2가 553-2번지,5211312200105530002,0,35.8650444,127.1117350,2026-07-10
787,천지지앤텍(주),전북특별자치도 전주시 덕진구 장재안길 10 (우아동3가),전북특별자치도 전주시 덕진구 우아동3가 550-12,5211311500105500012,0,35.8518291,127.1604644,2026-07-10
876,태정세이프도어,전북특별자치도 전주시 덕진구 추천로 181 (팔복동1가),전북특별자치도 전주시 덕진구 팔복동1가 91-3번지,5211310800100910003,0,35.8522359,127.1113149,2026-07-10
222,(주)태광기업,"전북특별자치도 전주시 덕진구 기린대로 254, 2층(진북동) 외 1필지",전북특별자치도 전주시 덕진구 진북동 322-53 2층 외 1필지,5211310200103220053,1,35.8289367,127.1437539,2026-07-10
810,송천정미소,전북특별자치도 전주시 덕진구 전미중앙로 50 (전미동2가),전북특별자치도 전주시덕진구 전미동2가 1493번지,5211312000114930000,0,35.8797470,127.1024687,2026-07-10
1070,(주)씨티정보통신,"전북특별자치도 전주시 완산구 백제대로 413, 3층 서진빌딩 (서신동)",전북특별자치도 전주시 완산구 서신동 40-90번지 3층 서진빌딩,5211112900100400090,0,35.8302008,127.1223867,2026-07-10
630,일신,전북특별자치도 전주시 덕진구 여산로 130-14 (여의동),전북특별자치도 전주시 덕진구 여의동 551-3,5211313000105510003,0,35.8635050,127.0790453,2026-07-10
55,(주)현대철재,전북특별자치도 전주시 덕진구 신복로 145 (팔복동1가),전북특별자치도 전주시 덕진구 팔복동1가 243-81번지,5211310800102430081,0,35.8619259,127.1011183,2026-07-10
171,명성사,전북특별자치도 전주시 덕진구 가재미3길 6-4 (인후동1가),전북특별자치도 전주시덕진구 인후동1가 873-6번지,5211310300108730006,0,35.8296138,127.1616715,2026-07-10
234,(주)성실,전북특별자치도 전주시 덕진구 기린대로 868-1 (동산동),전북특별자치도 전주시 덕진구 동산동 407-2번지,,0,,,2026-07-10
668,(주)타임캐슬,전북특별자치도 전주시 덕진구 와룡로 95-46 (송천동2가),전북특별자치도 전주시 덕진구 송천동2가 1208번지,5211312200112080000,0,35.8688820,127.1097662,2026-07-10
546,(유)유창,전북특별자치도 전주시 덕진구 신성길 25-37 (성덕동),전북특별자치도 전주시 덕진구 성덕동 175-18번지,5211312600101750018,0,35.8814902,127.0332640,2026-07-10
198,유한회사 두리두리,전북특별자치도 전주시 덕진구 고내천변로 24-72 (송천동2가),전북특별자치도 전주시 덕진구 송천동2가 1150번지,5211312200111500000,0,35.8721778,127.1077613,2026-07-10
1241,(주)대원푸드시스템,전북특별자치도 전주시 완산구 호동길 49-2 (삼천동3가),전북특별자치도 전주시 완산구 삼천동3가 589-2번지,5211113900105890002,0,35.7903005,127.0819402,2026-07-10
1093,유한회사 세인,"전북특별자치도 전주시 완산구 쑥고개로 196-42, 1층 102호 (삼천동3가)",전북특별자치도 전주시 완산구 삼천동3가 272번지 1층 102호,5211113900102720000,0,35.7951199,127.0890321,2026-07-10
793,유한회사 하람푸드,전북특별자치도 전주시 덕진구 전미동2가 108-18번지,전북특별자치도 전주시 덕진구 전미동2가 108-18번지,5211312000101080018,0,35.8799433,127.1039093,2026-07-10
1153,주식회사 코리아엘이디,전북특별자치도 전주시 완산구 전룡로 74-3 (서신동),전북특별자치도 전주시 완산구 서신동 295-45번지,5211112900102950045,0,35.8277313,127.1210563,2026-07-10
272,유한회사 남선정보통신,전북특별자치도 전주시 덕진구 동부대로 612 (우아동3가) 1층,전북특별자치도 전주시 덕진구 우아동3가 292-20 1층,5211311500102920020,0,35.8444290,127.1650468,2026-07-10
83,비투엠,전북특별자치도 전주시 덕진구 구렛들2길 53 (팔복동1가),전북특별자치도 전주시 덕진구 팔복동1가 356-5번지,5211310800103560005,0,35.8613795,127.1000631,2026-07-10
119,주식회사 휴버스,"전북특별자치도 전주시 덕진구 구렛들2길 53, 103호 (팔복동1가)",전북특별자치도 전주시 덕진구 팔복동1가 356-5 103호,5211310800103560005,0,35.8613795,127.1000631,2026-07-10
356,(주)아이에스티,"전북특별자치도 전주시 덕진구 백제대로 567, 전북대학교 창업보육센터301,302 (덕진동1가)",전북특별자치도 전주시 덕진구 덕진동1가 664-14번지,5211310500106640014,0,35.8474354,127.1271035,2026-07-10
1094,협신산업,전북특별자치도 전주시 완산구 쑥고개로 196-57 (삼천동3가),전북특별자치도 전주시 완산구 삼천동3가 6-6번지,5211113900100060006,0,35.7962837,127.0890782,2026-07-10
822,(유) 시원,"전북특별자치도 전주시 덕진구 정여립로 1115, 5층, 501호 (만성동)","전북특별자치도 전주시 덕진구 만성동 1345-5번지 5층, 501호",5211313100113450005,0,35.8488183,127.0836013,2026-07-10
465,장한실업,전북특별자치도 전주시 덕진구 송천로 36 (송천동1가) 4층,전북특별자치도 전주시 덕진구 송천동1가 406-1 4층,5211312100104060001,0,35.8565688,127.1189239,2026-07-10
1168,온누리에스엠(주),전북특별자치도 전주시 완산구 정여립로 688-9 (상림동),전북특별자치도 전주시 완산구 상림동 556-0,5211114500105560000,0,35.8138382,127.0717725,2026-07-10
1086,동아산업,전북특별자치도 전주시 완산구 석구동 234-18번지,전북특별자치도 전주시 완산구 석구동 234-18번지,5211113000102340018,0,35.7693554,127.1245454,2026-07-10
244,한신,전북특별자치도 전주시 덕진구 기린대로 949 (여의동) 2층,전북특별자치도 전주시 덕진구 여의동 558-56 2층,5211313000105580056,0,35.8645952,127.0810875,2026-07-10
76,명진비젼,전북특별자치도 전주시 덕진구 신복로 119-8 (팔복동1가),전북특별자치도 전주시 덕진구 팔복동1가 243-77번지,5211310800102430077,0,35.8597743,127.1023335,2026-07-10
1004,신아출판사,전북특별자치도 전주시 완산구 공북1길 16 (태평동),전북특별자치도 전주시완산구 태평동 251-30번지,5211111900102510030,0,35.8269243,127.1375442,2026-07-10
818,극동간판,전북특별자치도 전주시 덕진구 전주천동로 500 (금암동),전북특별자치도 전주시 덕진구 금암동 473-11번지,5211310700104730011,0,35.8365957,127.1311726,2026-07-10
599,대광기획광고,전북특별자치도 전주시 덕진구 안덕원로 19 (진북동),전북특별자치도 전주시 덕진구 진북동 1043-21번지,5211310200110430021,0,35.8275968,127.1323585,2026-07-10
602,전주아크릴,전북특별자치도 전주시 덕진구 안덕원로 42 (진북동),전북특별자치도 전주시 덕진구 진북동 417-41번지,5211310200104170041,0,35.8276212,127.1349142,2026-07-10
247,지리산농산,전북특별자치도 전주시 덕진구 덕진연못1길 3 (덕진동1가),전북특별자치도 전주시덕진구 덕진동1가 1280-16번지,5211310500112800016,0,35.8448517,127.1230245,2026-07-10
840,(주)워터그린,"전북특별자치도 전주시 덕진구 진조리길 81-57, (일부) (전미동1가)",전북특별자치도 전주시 덕진구 전미동1가 331-1 (일부),5211311900103310001,0,35.8968926,127.1144325,2026-07-10
841,(주)매직,"전북특별자치도 전주시 덕진구 진조리길 81-57, 1층 일부 (전미동1가)",전북특별자치도 전주시 덕진구 전미동1가 331-1 1층 일부,5211311900103310001,0,35.8968926,127.1144325,2026-07-10
842,에스제이테크,"전북특별자치도 전주시 덕진구 진조리길 81-57, 일부 (전미동1가)",전북특별자치도 전주시 덕진구 전미동1가 331-1 일부,5211311900103310001,0,35.8968926,127.1144325,2026-07-10
986,(유)믿음공조시스템,전북특별자치도 전주시 덕진구 화전신정길 53-14(화전동),전북특별자치도 전주시 덕진구 화전동 71-5,5211312400100710005,0,35.8909653,127.0712492,2026-07-10
1279,(주)온고을,"전북특별자치도 전주시완산구 효자동3가 1200번지 전주대창업보육센터 105,106호","전북특별자치도 전주시완산구 효자동3가 1200번지 전주대창업보육센터 105,106호",,0,,,2026-07-10
365,하예랑(주),전북특별자치도 전주시 덕진구 번영로 230-7 (성덕동) 외 6필지,전북특별자치도 전주시덕진구 성덕동 482-1번지 외 6필지,5211312600104820001,6,35.8758318,127.0337892,2026-07-10
98,유한회사 다온환경,"전북특별자치도 전주시 덕진구 신복천변로 21, 103호 (팔복동1가)",전북특별자치도 전주시 덕진구 팔복동1가 270-6 103호,5211310800102700006,0,35.8568431,127.1035918,2026-07-10
763,주식회사 그린공간,"전북특별자치도 전주시 덕진구 인교5길 21-5, 101호(우아동1가, 코스모스)",전북특별자치도 전주시 덕진구 우아동1가 916-5 코스모스 101호,5211311300109160005,0,35.8278066,127.1743488,2026-07-10
825,시그마웰,"전북특별자치도 전주시 덕진구 조경단로 44, 2층 (금암동)",전북특별자치도 전주시 덕진구 금암동 526-8번지 2층,5211310700105260008,0,35.8380916,127.1382718,2026-07-10
372,(주)이도패키지,"전북특별자치도 전주시 덕진구 비석날로 31, 비동 (여의동)",전북특별자치도 전주시 덕진구 여의동 532-7 비동,5211313000105320007,0,35.8548886,127.0780251,2026-07-10
824,유일광고,전북특별자치도 전주시 덕진구 조경단로 24 (금암동),전북특별자치도 전주시 덕진구 금암동 523-118번지,5211310700105230118,0,35.8364660,127.1373292,2026-07-10
1273,펀커뮤니케이션컨설팅(주),전북특별자치도 전주시덕진구 호성동1가 637-5 번지,전북특별자치도 전주시덕진구 호성동1가 637-5 번지,5211311600106370005,0,35.8634690,127.1558641,2026-07-10
352,엘펙,"전북특별자치도 전주시 덕진구 백제대로 567 (덕진동1가, 전북대학교)",전북특별자치도 전주시 덕진구 덕진동1가 664-14번지 전북대학교,5211310500106640014,0,35.8474354,127.1271035,2026-07-10
224,에이스베이직학생복,"전북특별자치도 전주시 덕진구 기린대로 273, 2층 (진북동)",전북특별자치도 전주시 덕진구 진북동 320-76번지 2층,5211310200103200076,0,35.8296711,127.1418886,2026-07-10
809,한빛공조닥트,전북특별자치도 전주시 덕진구 전미중앙로 49 (전미동2가),전북특별자치도 전주시 덕진구 전미동2가 530-2번지,5211312000105300002,0,35.8804883,127.1029486,2026-07-10
789,(유)영일산업,전북특별자치도 전주시 덕진구 장재안길 24 (우아동3가),전북특별자치도 전주시 덕진구 우아동3가 59번지,5211311500100590000,0,35.8522602,127.1615340,2026-07-10
1007,아이사랑 안전솔루션,전북특별자치도 전주시 완산구 공북로 74 (태평동),전북특별자치도 전주시완산구 태평동 14-4번지,5211111900100140004,0,35.8259303,127.1399353,2026-07-10
858,주식회사 일광창호,전북특별자치도 전주시 덕진구 초포다리로 41 (호성동1가),전북특별자치도 전주시덕진구 호성동1가 658-8번지,5211311600106580008,0,35.8598807,127.1583202,2026-07-10
1158,현진산업,"전북특별자치도 전주시 완산구 전주객사5길 83, 4층 401호 (고사동)",전북특별자치도 전주시 완산구 고사동 222-1번지 4층 401호,5211111700102220001,0,35.8217945,127.1443365,2026-07-10
1095,보석창호산업,전북특별자치도 전주시 완산구 쑥고개로 196-69 (삼천동3가),전북특별자치도 전주시 완산구 삼천동3가 9-2번지,5211113900100090002,0,35.7951839,127.0897777,2026-07-10
1114,(주) 다빈치광고기획,전북특별자치도 전주시 완산구 어은로 18-7 (중화산동2가),전북특별자치도 전주시 완산구 중화산동2가 186-3번지,5211112800101860003,0,35.8160022,127.1251914,2026-07-10
1002,(유)비에이치바이오,전북특별자치도 전주시 완산구 고사평3길 8 (서신동),전북특별자치도 전주시완산구 서신동 937-5번지,5211112900109370005,0,35.8362638,127.1090465,2026-07-10
1219,전주시장애인단체총연합회인쇄사업단 한들,전북특별자치도 전주시 완산구 평화17길 10-8 (평화동1가),전북특별자치도 전주시 완산구 평화동1가 742-7번지,5211113200107420007,0,35.7933288,127.1373454,2026-07-10
1087,전라북도장애인미술협회인쇄사업단,전북특별자치도 전주시 완산구 석산마을길 11-6 (삼천동3가),전북특별자치도 전주시 완산구 삼천동3가 264-4,5211113900102640004,0,35.7941904,127.0873601,2026-07-10
1215,주식회사 본드나라안전공구,전북특별자치도 전주시 완산구 태평3길 19 (태평동),전북특별자치도 전주시 완산구 태평동 61-8번지,5211111900100610008,0,35.8231203,127.1421952,2026-07-10
358,해냄디자인,"전북특별자치도 전주시 덕진구 백제대로 645 (금암동, 유니베라)",전북특별자치도 전주시 덕진구 금암동 1589-2번지 유니베라,5211310700115890002,0,35.8431296,127.1398351,2026-07-10
1078,주식회사 덕상,"전북특별자치도 전주시 완산구 삼천천변1길 17, 125호, 126호 (삼천동1가)","전북특별자치도 전주시 완산구 삼천동1가 288-9번지 125호, 126호",5211113700102880009,0,35.7955141,127.1126619,2026-07-10
1031,(유)한진엔지니어링,전북특별자치도 전주시 완산구 대동로 26-1 (다가동4가),전북특별자치도 전주시 완산구 다가동4가 19번지,5211111600100190000,0,35.8209968,127.1390736,2026-07-10
1150,한진엔지니어링,전북특별자치도 전주시 완산구 전라감영2길 18 (다가동1가) (총 2 필지) 외 1필지,전북특별자치도 전주시완산구 다가동4가 18 번지 외 1필지,5211111600100180000,1,35.8209664,127.1389411,2026-07-10
597,영재쇼파,"전북특별자치도 전주시 덕진구 안덕원3길 40, 1층 (우아동3가)",전북특별자치도 전주시 덕진구 우아동3가 285-1번지 1층,5211311500102850001,0,35.8449884,127.1627906,2026-07-10
1034,소담디자인,"전북특별자치도 전주시 완산구 동문길 58 (풍남동1가, 덕다방)",전북특별자치도 전주시완산구 풍남동1가 18-3번지,5211110800100180003,0,35.8187712,127.1507030,2026-07-10
1000,(주)디자인가구뚝딱,전북특별자치도 전주시 완산구 고덕산1길 46-54 (대성동),전북특별자치도 전주시 완산구 대성동 181-2,5211114300101810002,0,35.7945698,127.1772280,2026-07-10
1084,평화섬유,전북특별자치도 전주시 완산구 서학2길 47 (서서학동),전북특별자치도 전주시 완산구 서서학동 264번지,5211112600102640000,0,35.8068244,127.1504591,2026-07-10
1149,(주)샤뽀,"전북특별자치도 전주시 완산구 전동성당길 8, 3층 (경원동1가)",전북특별자치도 전주시 완산구 경원동1가 7번지,5211110500100070000,0,35.8185129,127.1484130,2026-07-10
1255,고궁한지,"전북특별자치도 전주시 완산구 흑석1길 48 (서서학동, 궁전한지공장)",전북특별자치도 전주시완산구 서서학동 968-7번지,5211112600109680007,0,35.8002171,127.1492341,2026-07-10
1218,태양사,전북특별자치도 전주시 완산구 팔달로 40-3 (서서학동) 외 1필지,전북특별자치도 전주시 완산구 서서학동 139-1번지 외 1필지,5211112600101390001,1,35.8063195,127.1498310,2026-07-10
690,농업회사법인 자연애 유한회사,"전북특별자치도 전주시 덕진구 용흥길 18-4, 2층 (송천동2가)",전북특별자치도 전주시 덕진구 송천동2가 701-2번지 2층,,0,,,2026-07-10
998,태문사,"전북특별자치도 전주시 완산구 경기전길 32 (경원동2가, 태문사)",전북특별자치도 전주시완산구 경원동2가 28-2번지,5211110600100280002,0,35.8179739,127.1501624,2026-07-10
966,(유)가족회관식품,"전북특별자치도 전주시 덕진구 혁신로 401, 전북생물산업진흥원 바이오식품산업센터 408호 (장동)",전북특별자치도 전주시덕진구 장동 452-79 번지 전북생물산업진흥원 바이오식품산업센터 408호,5211313200104520079,0,35.8515753,127.0590798,2026-07-10
1201,유한회사 제일전기,전북특별자치도 전주시 완산구 춘향로 5100 (색장동),전북특별자치도 전주시 완산구 색장동 419,5211114400104190000,0,35.7992107,127.1794909,2026-07-10
813,(유)광신사,전북특별자치도 전주시 덕진구 전주천동로 422 (진북동),전북특별자치도 전주시 덕진구 진북동 1156-4번지,5211310200111560004,0,35.8313433,127.1284137,2026-07-10
877,유한회사 우신상화,전북특별자치도 전주시 덕진구 추천로 183 (팔복동1가),전북특별자치도 전주시 덕진구 팔복동1가 99-1,5211310800100990001,0,35.8524066,127.1115206,2026-07-10
1235,대성사,전북특별자치도 전주시 완산구 현무3길 67 (경원동3가),전북특별자치도 전주시완산구 경원동3가 185번지,5211110700101850000,0,35.8223079,127.1497181,2026-07-10
592,비전기획 인쇄,전북특별자치도 전주시 덕진구 아중중앙로 41 (우아동2가),전북특별자치도 전주시 덕진구 우아동2가 891-1번지,5211311400108910001,0,35.8318130,127.1710111,2026-07-10
1217,주식회사 파고다,전북특별자치도 전주시 완산구 팔달로 154-8 (전동),전북특별자치도 전주시완산구 전동 24-1번지,5211111100100240001,0,35.8160454,127.1481682,2026-07-10
1237,금화상사,"전북특별자치도 전주시 완산구 현무3길 9-5, 2층 (경원동3가)",전북특별자치도 전주시 완산구 경원동3가 90-12번지 2층,5211110700100900012,0,35.8202629,127.1512011,2026-07-10
990,영진공예,"전북특별자치도 전주시 완산구 객원길 3-1 (대성동, 전주태극선)",전북특별자치도 전주시 완산구 대성동 242번지,5211114300102420000,0,35.7990555,127.1768227,2026-07-10
1156,휴,전북특별자치도 전주시 완산구 전주객사2길 31-3 (다가동3가),전북특별자치도 전주시완산구 다가동3가 9-2번지,5211111500100090002,0,35.8180883,127.1403994,2026-07-10
1152,주리화,"전북특별자치도 전주시 완산구 전라감영5길 17-26, 2층 (중앙동3가)",전북특별자치도 전주시 완산구 중앙동3가 32-5 2층,5211110300100320005,0,35.8171631,127.1454133,2026-07-10
1021,하영이네수제떡갈비,전북특별자치도 전주시 완산구 난전들로 156-60 (평화동3가),전북특별자치도 전주시 완산구 평화동3가 248-9번지,5211113400102480009,0,35.7819411,127.1233874,2026-07-10
1231,디자인닷컴,"전북특별자치도 전주시 완산구 현무2길 40-4 (경원동3가, 다성국악원)",전북특별자치도 전주시완산구 경원동3가 155 번지,5211110700101550000,0,35.8212698,127.1499372,2026-07-10
1236,광진인쇄사,전북특별자치도 전주시 완산구 현무3길 78 (서노송동),전북특별자치도 전주시완산구 서노송동 568-55번지,5211114700105680055,0,35.8228737,127.1494326,2026-07-10
771,유한회사 거동,전북특별자치도 전주시 덕진구 인후4길 6 (인후동1가),전북특별자치도 전주시 덕진구 인후동1가 202-43,5211310300102020043,0,35.8300702,127.1554701,2026-07-10
1091,(주) 유비코스,"전북특별자치도 전주시 완산구 신촌4길 16, 201호 (중화산동2가)",전북특별자치도 전주시 완산구 중화산동2가 774-6번지 201호,5211112800107740006,0,35.8179798,127.1164882,2026-07-10
338,(주)한실어패럴,"전북특별자치도 전주시 덕진구 반암1길 11, 1층 (우아동3가)",전북특별자치도 전주시 덕진구 우아동3가 262-6 1층,5211311500102620006,0,35.8465767,127.1640756,2026-07-10
1035,주식회사 한실어패럴,"전북특별자치도 전주시 완산구 마당재1길 13-3(남노송동, 한실어페럴)",전북특별자치도 전주시 완산구 남노송동 135-5 한실어페럴,5211112100101350005,0,35.8191332,127.1600803,2026-07-10
1140,주식회사 한실어패럴,"전북특별자치도 전주시 완산구 인봉남로 61, 1층 (중노송동)",전북특별자치도 전주시 완산구 중노송동 311-38 1층,5211112000103110038,0,35.8262892,127.1599026,2026-07-10
1216,농업회사법인(유)오갓집김치,전북특별자치도 전주시 완산구 팔달로 143-6 (전동),전북특별자치도 전주시 완산구 전동 125-2번지,5211111100101250002,0,35.8152845,127.1476210,2026-07-10
1256,미즈,전북특별자치도 전주시 완산구 흑석로 19-8 (서서학동),전북특별자치도 전주시 완산구 서서학동 281번지,5211112600102810000,0,35.8023324,127.1507157,2026-07-10
1061,풍남기획,전북특별자치도 전주시 완산구 문화광장로 17 (서노송동),전북특별자치도 전주시완산구 서노송동 614-33번지,,0,,,2026-07-10
1232,명성인쇄사,전북특별자치도 전주시 완산구 현무2길 67 (경원동3가),전북특별자치도 전주시 완산구 경원동3가 199번지,5211110700101990000,0,35.8224560,127.1492296,2026-07-10
1230,마이문화당,전북특별자치도 전주시 완산구 현무2길 24 (경원동3가) (총 2 필지) 외 1필지,전북특별자치도 전주시 완산구 경원동3가 13-8번지 외 1필지,5211110700100130008,1,35.8205417,127.1499935,2026-07-10
395,(유) 세화테크,전북특별자치도 전주시 덕진구 삼거1길 68 (금상동),전북특별자치도 전주시 덕진구 금상동 523-7번지,5211311200105230007,0,35.8538450,127.1949468,2026-07-10
992,대웅공예사,전북특별자치도 전주시 완산구 객원길 3-28 (대성동),전북특별자치도 전주시완산구 대성동 246-1번지,5211114300102460001,0,35.7986681,127.1763304,2026-07-10
1119,주식회사 전북외식산업,전북특별자치도 전주시 완산구 외칠봉1길 27-7 (효자동1가),전북특별자치도 전주시 완산구 효자동1가 697-1번지,5211114000106970001,0,35.8034821,127.1367008,2026-07-10
1071,주식회사 스타앤스타플라워,전북특별자치도 전주시 완산구 산월1길 38 (중화산동2가),전북특별자치도 전주시 완산구 중화산동2가 452-5,5211112800104520005,0,35.8132311,127.1191354,2026-07-10
991,민속공예사,전북특별자치도 전주시 완산구 객원길 3-14 (대성동),전북특별자치도 전주시완산구 대성동 240-9번지,5211114300102400009,0,35.7988932,127.1763806,2026-07-10
1151,도형스카시,전북특별자치도 전주시 완산구 전라감영2길 27 (다가동3가),전북특별자치도 전주시 완산구 다가동3가 103-3번지,5211111500101030003,0,35.8157954,127.1413858,2026-07-10
6,유한회사 그린리사이클링,전북특별자치도 전주시 완산구 정여립로 655-17 (상림동),전북특별자치도 전주시 완산구 상림동 764-2번지,5211114500107640002,0,35.8094440,127.0708521,2026-07-10
997,도서출판 마음,"전북특별자치도 전주시 완산구 견훤왕궁로 15, 1층 (중노송동)",전북특별자치도 전주시 완산구 중노송동 504-13 1층,5211112000105040013,0,35.8220552,127.1525161,2026-07-10
1229,인문사,"전북특별자치도 전주시 완산구 현무1길 12 (경원동3가, 새평화교회)",전북특별자치도 전주시완산구 경원동3가 15-7번지,5211110700100150007,0,35.8199249,127.1481413,2026-07-10
1155,좋은디자인,전북특별자치도 전주시 완산구 전주객사1길 79-6 (다가동4가),전북특별자치도 전주시 완산구 다가동4가 120-1번지,5211111600101200001,0,35.8197516,127.1380257,2026-07-10
582,(유)태성이앤씨,전북특별자치도 전주시 덕진구 신흥안길 55-51 (고랑동),전북특별자치도 전주시 덕진구 고랑동 290-31,5211312900102900031,0,35.8739879,127.0946102,2026-07-10
1181,(유)태성이앤씨,전북특별자치도 전주시 완산구 중평길 36 (평화동3가),전북특별자치도 전주시 완산구 평화동3가 268-4번지,5211113400102680004,0,35.7755501,127.1203443,2026-07-10
283,(유)자연인,"전북특별자치도 전주시 덕진구 떡전4길 8 (금암동, 전주직업전문학교)",전북특별자치도 전주시덕진구 금암동 750-1번지,5211310700107500001,0,35.8382064,127.1286574,2026-07-10
401,주식회사 소리노,전북특별자치도 전주시 덕진구 삼례로 136-36 (고랑동),전북특별자치도 전주시 덕진구 고랑동 965-2번지,,0,,,2026-07-10
470,주식회사 소리노,전북특별자치도 전주시 덕진구 신복1길 18-1 (팔복동1가),전북특별자치도 전주시 덕진구 팔복동1가 102-18번지,5211310800101020018,0,35.8528331,127.1102149,2026-07-10
1001,태양제과,전북특별자치도 전주시 완산구 고덕산1길 46-7 (대성동),전북특별자치도 전주시 완산구 대성동 75,5211114300100750000,0,35.7948254,127.1776907,2026-07-10
927,센추리테크(주),전북특별자치도 전주시 덕진구 팔복로 203 (팔복동3가),전북특별자치도 전주시 덕진구 팔복동3가 522-3번지,5211311000105220003,0,35.8560230,127.0854347,2026-07-10
1224,유한회사 전북지업,전북특별자치도 전주시 완산구 풍남문4길 25-22 (중앙동4가),전북특별자치도 전주시완산구 중앙동4가 31-26번지,5211110400100310026,0,35.8147095,127.1448529,2026-07-10
1157,애드칼라,전북특별자치도 전주시 완산구 전주객사2길 49 (다가동4가),전북특별자치도 전주시완산구 다가동4가 83-4번지,5211111600100830004,0,35.8189346,127.1401164,2026-07-10
541,지앤엠주식회사,전북특별자치도 전주시 덕진구 신성길 17-2(성덕동),전북특별자치도 전주시 덕진구 성덕동 173-29,5211312600101730029,0,35.8787550,127.0357659,2026-07-10
165,유한회사 원탑정보통신건설,"전북특별자치도 전주시 덕진구 가리내로 368, 301호 (덕진동2가)",전북특별자치도 전주시 덕진구 덕진동2가 652-5번지 301호,5211310600106520005,0,35.8478237,127.1094551,2026-07-10
915,형제장갑,전북특별자치도 전주시 덕진구 팔복동1가 197-45번지 외 1필지 외 1필지,전북특별자치도 전주시 덕진구 팔복동1가 197-45번지 외 1필지 외 1필지,5211310800101970045,1,35.8553411,127.1109432,2026-07-10
253,주식회사 한설,"전북특별자치도 전주시 덕진구 덕촌길 43, B-1동(팔복동3가) 외 1필지",전북특별자치도 전주시 덕진구 팔복동3가 134-2 B-1동 외 1필지,5211311000101340002,1,35.8447586,127.0981348,2026-07-10
817,(주)에이피에스,"전북특별자치도 전주시 덕진구 전주천동로 479, 2층 (금암동)",전북특별자치도 전주시 덕진구 금암동 760-6번지 2층,5211310700107600006,0,35.8358652,127.1291656,2026-07-10
494,엠에스건설주식회사,"전북특별자치도 전주시 덕진구 신복로 18-12, 103호 (팔복동1가)",전북특별자치도 전주시 덕진구 팔복동1가 197-37 103호,5211310800101970037,0,35.8543874,127.1116292,2026-07-10
312,주식회사 대유통신,"전북특별자치도 전주시 덕진구 만성북로 51-25,(만성동, 스페이스온 지식산업센터) 스페이스온동 2층 2118호",전북특별자치도 전주시 덕진구 만성동 1345-3 스페이스온 지식산업센터 스페이스온동 2층 2118호,5211313100113450003,0,35.8490529,127.0826311,2026-07-10
1259,연합ENG,전북특별자치도 전주시덕진구 성덕동 175-24번지,전북특별자치도 전주시덕진구 성덕동 175-24번지,5211312600101750024,0,35.8798524,127.0337513,2026-07-10
258,(주)선이앤씨,전북특별자치도 전주시 덕진구 도강길 87-14 (도도동),전북특별자치도 전주시 덕진구 도도동 250,5211313400102500000,0,35.8842387,127.0162757,2026-07-10
256,농업회사법인(주)디자인농부,전북특별자치도 전주시 덕진구 도강길 1-130 (도도동),전북특별자치도 전주시 덕진구 도도동 582-4번지,5211313400105820004,0,35.8762232,127.0108514,2026-07-10
260,(주)전주수산,전북특별자치도 전주시 덕진구 도덕동 228-1번지 외 3필지,전북특별자치도 전주시 덕진구 도덕동 228-1번지 외 3필지,5211313600102280001,3,35.8912817,127.0264607,2026-07-10
261,(주)전주수산,전북특별자치도 전주시 덕진구 도덕동 231-3번지,전북특별자치도 전주시 덕진구 도덕동 231-3번지,5211313600102310003,0,35.8917802,127.0265942,2026-07-10
262,주식회사 전주수산,전북특별자치도 전주시 덕진구 도덕동 231-9번지,전북특별자치도 전주시 덕진구 도덕동 231-9번지,5211313600102310009,0,35.8918391,127.0263312,2026-07-10
902,주식회사 선한바이오,전북특별자치도 전주시 덕진구 추천로 47-31 (팔복동3가),전북특별자치도 전주시 덕진구 팔복동3가 145번지,5211311000101450000,0,35.8446202,127.1000231,2026-07-10
1075,대성전력 주식회사,전북특별자치도 전주시 완산구 삼산길 27 (삼천동3가),전북특별자치도 전주시 완산구 삼천동3가 445-2번지,5211113900104450002,0,35.7991394,127.0797145,2026-07-10
587,주식회사 더엠제이,"전북특별자치도 전주시 덕진구 신흥안길 55-59, 2동 (고랑동)",전북특별자치도 전주시 덕진구 고랑동 291-1 2동,5211312900102910001,0,35.8744251,127.0952922,2026-07-10
273,(주)서인프린텍,전북특별자치도 전주시 덕진구 동부대로 643 (우아동3가),전북특별자치도 전주시 덕진구 우아동3가 257-18번지,5211311500102570018,0,35.8463088,127.1621310,2026-07-10
242,(주) 씨비엔플러스,"전북특별자치도 전주시 덕진구 기린대로 929, 303호(팔복동2가)",전북특별자치도 전주시 덕진구 팔복동2가 774-42 303호,5211310900107740042,0,35.8636779,127.0830675,2026-07-10
239,주식회사 포토천지,전북특별자치도 전주시 덕진구 기린대로 929 (팔복동2가),전북특별자치도 전주시 덕진구 팔복동2가 774-42번지,5211310900107740042,0,35.8636779,127.0830675,2026-07-10
134,훼미리식품(주),"전북특별자치도 전주시 덕진구 팔과정로 216 (팔복동4가, 훼밀리식품(주))",전북특별자치도 전주시덕진구 팔복동4가 249-3번지,5211313300102490003,0,35.8646197,127.0981405,2026-07-10
1024,농업회사법인 한국오가닉 주식회사,전북특별자치도 전주시 완산구 난전들로 220-116 (평화동2가),전북특별자치도 전주시 완산구 평화동2가 492-1번지,5211113300104920001,0,35.7865475,127.1233705,2026-07-10
1025,주식회사 메디휴,"전북특별자치도 전주시 완산구 난전들로 220-116, 생산동 102호 (평화동2가)",전북특별자치도 전주시 완산구 평화동2가 492-1번지 생산동 102호,5211113300104920001,0,35.7865475,127.1233705,2026-07-10
458,세원기계주식회사,전북특별자치도 전주시 덕진구 성덕동 509-18번지,전북특별자치도 전주시 덕진구 성덕동 509-18번지,5211312600105090018,0,35.8767022,127.0314454,2026-07-10
1089,주식회사 모스터일렉,"전북특별자치도 전주시 완산구 소태정로 8, 3층 303호 (효자동2가)",전북특별자치도 전주시 완산구 효자동2가 1196-1 3층 303호,5211114100111960001,0,35.8050458,127.0974338,2026-07-10
603,대승,"전북특별자치도 전주시 덕진구 암실길 115, 1동 (반월동)",전북특별자치도 전주시 덕진구 반월동 620-7번지 1동,5211312300106200007,0,35.8838774,127.0657533,2026-07-10
1079,웰푸트,"전북특별자치도 전주시 완산구 서곡1길 1-6, 1층 (효자동3가, 엄마가)",전북특별자치도 전주시 완산구 효자동3가 1457-4번지 엄마가 1층,5211114200114570004,0,35.8345431,127.1003064,2026-07-10
417,해피플러그,"전북특별자치도 전주시 덕진구 상리1길 34, 101호(전북대학교창업보육센터) (팔복동2가)",전북특별자치도 전주시 덕진구 팔복동2가 270번지 101호(전북대학교창업보육센터),5211310900102700000,0,35.8521482,127.1006716,2026-07-10
492,(주)디자인월드,전북특별자치도 전주시 덕진구 신복로 18-12 (팔복동1가),전북특별자치도 전주시 덕진구 팔복동1가 197-37번지,5211310800101970037,0,35.8543874,127.1116292,2026-07-10
69,드림 태양광발전소,"전북특별자치도 전주시 덕진구 반룡로 16-20, (건물위) (팔복동2가)",전북특별자치도 전주시 덕진구 팔복동2가 501 (건물위),5211310900105010000,0,35.8566607,127.0932055,2026-07-10
861,(주)미라텍스,"전북특별자치도 전주시 덕진구 초포다리로 51, 2층 202호(호성동1가)",전북특별자치도 전주시 덕진구 호성동1가 650 2층 202호,5211311600106500000,0,35.8609628,127.1586825,2026-07-10
300,이노투푸드,"전북특별자치도 전주시 덕진구 만성북로 51-25, 3115호,3116호(만성동, 스페이스온 지식산업센터)","전북특별자치도 전주시 덕진구 만성동 1345-3 스페이스온 지식산업센터 3115호,3116호",5211313100113450003,0,35.8490529,127.0826311,2026-07-10
691,주식회사 이에스테크,"전북특별자치도 전주시 덕진구 우아10길 17-20, 201호 (우아동3가)",전북특별자치도 전주시 덕진구 우아동3가 743-12번지 201호,5211311500107430012,0,35.8535286,127.1565803,2026-07-10
1134,주식회사 엘오티아이,"전북특별자치도 전주시 완산구 원신덕길 85, 주1동 (용복동)",전북특별자치도 전주시 완산구 용복동 271 주1동,5211113600102710000,0,35.7855032,127.0715374,2026-07-10
106,주식회사 디오이앤씨,"전북특별자치도 전주시 덕진구 신복천변로 21, 104호 (팔복동1가)",전북특별자치도 전주시 덕진구 팔복동1가 270-6 104호,5211310800102700006,0,35.8568431,127.1035918,2026-07-10
1268,(주)데크 전주공장,전북특별자치도 전주시덕진구 팔복동2가 638-2번지 첨단산업단지벤처2동,전북특별자치도 전주시덕진구 팔복동2가 638-2번지 첨단산업단지벤처2동,,0,,,2026-07-10
741,(주)큐브텍,전북특별자치도 전주시 덕진구 원화전1길 57-128 (반월동),전북특별자치도 전주시 덕진구 반월동 27-9번지,5211312300100270009,0,35.8876791,127.0744004,2026-07-10
1267,주식회사 유로코리아,전북특별자치도 전주시덕진구 팔복동2가 270번지 4동 외 1필지,전북특별자치도 전주시덕진구 팔복동2가 270번지 4동 외 1필지,5211310900102700000,1,35.8521482,127.1006716,2026-07-10
246,주식회사 일루베이션,"전북특별자치도 전주시 덕진구 기지로 72, 702호 (중동)",전북특별자치도 전주시 덕진구 중동 774-1번지 702호,5211313800107740001,0,35.8380940,127.0599745,2026-07-10
947,주식회사 티앤에스,"전북특별자치도 전주시 덕진구 팔복로 356, 3층 (여의동)",전북특별자치도 전주시 덕진구 여의동 1138-3번지 3층,5211313000111380003,0,35.8628335,127.0707967,2026-07-10
1242,유한회사 팜스워크,전북특별자치도 전주시 완산구 호동길 55 (삼천동3가),전북특별자치도 전주시 완산구 삼천동3가 585-2,5211113900105850002,0,35.7898131,127.0816575,2026-07-10
768,주식회사 서진아이티씨,전북특별자치도 전주시 덕진구 인교로 62-8 (우아동1가),전북특별자치도 전주시 덕진구 우아동1가 1096-1번지,5211311300110960001,0,35.8274015,127.1730652,2026-07-10
1145,(유)비츠,전북특별자치도 전주시 완산구 인정로 8 (중화산동2가),전북특별자치도 전주시 완산구 중화산동2가 584-7번지,5211112800105840007,0,35.8196890,127.1203564,2026-07-10
1032,주식회사 에스엔에스,"전북특별자치도 전주시 완산구 덕적골1길 10, 2층 202호(평화동1가, 극동평화아파트) 외 1필지",전북특별자치도 전주시 완산구 평화동1가 570-15 극동평화아파트 2층 202호 외 1필지,5211113200105700015,1,35.7965081,127.1380459,2026-07-10
123,코튼클럽(주)전주공장,"전북특별자치도 전주시 덕진구 구렛들2길 45, 외 1필지(팔복동1가, 코튼클럽 전주공장) 외 1필지",전북특별자치도 전주시 덕진구 팔복동1가 243-61 코튼클럽 전주공장 외 1필지 외 1필지,5211310800102430061,1,35.8605038,127.0996660,2026-07-10
1251,주식회사 이지아이,전북특별자치도 전주시 완산구 효자로 322 (중화산동2가),전북특별자치도 전주시 완산구 중화산동2가 594-1번지,5211112800105940001,0,35.8189607,127.1206191,2026-07-10
91,슈퍼바이오,전북특별자치도 전주시 덕진구 팔과정로 150 (팔복동1가),전북특별자치도 전주시 덕진구 팔복동1가 383-11,5211310800103830011,0,35.8598493,127.0942226,2026-07-10
97,우리다움,"전북특별자치도 전주시 덕진구 구렛들2길 15, 4동 1층 (팔복동1가)",전북특별자치도 전주시 덕진구 팔복동1가 263-79 4동 1층,5211310800102630079,0,35.8580409,127.0993754,2026-07-10
794,주식회사 성주,전북특별자치도 전주시 덕진구 전미동2가 152-4번지 외 3필지,전북특별자치도 전주시 덕진구 전미동2가 152-4번지 외 3필지,5211312000101520004,3,35.8871229,127.0963299,2026-07-10
1047,제이플랜,"전북특별자치도 전주시 완산구 메너머3길 36, 1층(중화산동2가)",전북특별자치도 전주시 완산구 중화산동2가 735-9 1층,5211112800107350009,0,35.8239857,127.1189383,2026-07-10
1228,JS(제이에스)푸드,"전북특별자치도 전주시 완산구 학전길 6, 1층 (원당동)",전북특별자치도 전주시 완산구 원당동 591-4 1층,5211113100105910004,0,35.7666352,127.1094975,2026-07-10
523,주식회사 네츄라필,전북특별자치도 전주시 덕진구 신복로 75 (팔복동1가),전북특별자치도 전주시 덕진구 팔복동1가 152,5211310800101520000,0,35.8569451,127.1063942,2026-07-10
109,주식회사 씨앤씨어패럴,전북특별자치도 전주시 덕진구 기린대로 739 (팔복동2가),전북특별자치도 전주시 덕진구 팔복동2가 294-2번지,5211310900102940002,0,35.8549368,127.1016334,2026-07-10
1172,농업회사법인 (유)귀농해,전북특별자치도 전주시 완산구 중산5길 8-14 (중화산동2가),전북특별자치도 전주시 완산구 중화산동2가 625-6번지,5211112800106250006,0,35.8149437,127.1210788,2026-07-10
94,엔플케이웍스,전북특별자치도 전주시 덕진구 구렛들2길 15 (팔복동1가),전북특별자치도 전주시 덕진구 팔복동1가 263-79,5211310800102630079,0,35.8580409,127.0993754,2026-07-10
1189,(주)유아이디,"전북특별자치도 전주시 완산구 천잠로 235, 미래관 9101호 창업보육지원센터 (효자동2가, 전주비전대학)",전북특별자치도 전주시 완산구 효자동2가 1070번지 전주비전대학 미래관 9101호 창업보육지원센터,5211114100110700000,0,35.8092009,127.0905589,2026-07-10
1227,유한회사 나눔이,전북특별자치도 전주시 완산구 학전길 27 (원당동),전북특별자치도 전주시 완산구 원당동 537-3,5211113100105370003,0,35.7653300,127.1075851,2026-07-10
1250,블루텍 유한회사,전북특별자치도 전주시 완산구 효자동3가 1639-7번지 1층,전북특별자치도 전주시 완산구 효자동3가 1639-7번지 1층,5211114200116390007,0,35.8237435,127.0984126,2026-07-10
1053,"주식회사 드론메이커(Drone Maker Co., Ltd.)","전북특별자치도 전주시 완산구 모악산자락길 269, 2층 (원당동)",전북특별자치도 전주시 완산구 원당동 72-1 2층,5211113100100720001,0,35.7549783,127.1193666,2026-07-10
419,주식회사 아쿠아파매스,"전북특별자치도 전주시 덕진구 상리1길 34, 103호 (팔복동2가)",전북특별자치도 전주시 덕진구 팔복동2가 270 103호,5211310900102700000,0,35.8521482,127.1006716,2026-07-10
361,금정,"전북특별자치도 전주시 덕진구 백제대로 825, 3층 (우아동3가, 동방여행사)",전북특별자치도 전주시 덕진구 우아동3가 746-35번지 동방여행사 3층,5211311500107460035,0,35.8489368,127.1583024,2026-07-10
637,(유)엠아이알,전북특별자치도 전주시 덕진구 여산로 88-22 (여의동),전북특별자치도 전주시덕진구 여의동 751-3번지,5211313000107510003,0,35.8607804,127.0775496,2026-07-10
785,유한회사 혁신금속창호,전북특별자치도 전주시 덕진구 장재길 31 (우아동3가),전북특별자치도 전주시 덕진구 우아동3가 251-15번지,5211311500102510015,0,35.8489229,127.1642400,2026-07-10
932,제이에스테크,"전북특별자치도 전주시 덕진구 팔복로 239, 2동(여의동)",전북특별자치도 전주시 덕진구 여의동 539-13 2동,5211313000105390013,0,35.8573848,127.0821871,2026-07-10
1190,솔로몬테크놀로지,"전북특별자치도 전주시 완산구 천잠로 235, 미래관 9102호 (1층)(효자동2가, 전주비전대학교)",전북특별자치도 전주시 완산구 효자동2가 1070 전주비전대학교 미래관 9102호 (1층),5211114100110700000,0,35.8092009,127.0905589,2026-07-10
310,주식회사 일렉트릭코리아,"전북특별자치도 전주시 덕진구 만성북로 51-25,(만성동, 스페이스온 지식산업센터) 스페이스온동 2층 2005호",전북특별자치도 전주시 덕진구 만성동 1345-3 스페이스온 지식산업센터 스페이스온동 2층 2005호,5211313100113450003,0,35.8490529,127.0826311,2026-07-10
984,유한회사 엔텍코리아,"전북특별자치도 전주시 덕진구 화전신정길 16, 제1동(화전동)",전북특별자치도 전주시 덕진구 화전동 60-7 제1동,5211312400100600007,0,35.8920159,127.0744206,2026-07-10
985,주식회사 티엠씨,"전북특별자치도 전주시 덕진구 화전신정길 16, 제2동(화전동)",전북특별자치도 전주시 덕진구 화전동 60-7 제2동,5211312400100600007,0,35.8920159,127.0744206,2026-07-10
1059,우림창호,"전북특별자치도 전주시 완산구 모악산자락길 65, 1동 (중인동)",전북특별자치도 전주시 완산구 중인동 303 1동,5211113500103030000,0,35.7686768,127.1052992,2026-07-10
1105,제일농장축산물유통센타,전북특별자치도 전주시 완산구 쑥고개옛길 161-1 (삼천동3가) 외 3필지,전북특별자치도 전주시 완산구 삼천동3가 496-2번지 외 3필지,5211113900104960002,3,35.7949681,127.0813813,2026-07-10
983,주식회사 에스엠전자,"전북특별자치도 전주시 덕진구 화전신정길 10, 주건축물 제1동 및 제2동 (화전동)",전북특별자치도 전주시 덕진구 화전동 60-13 주건축물 제1동 및 제2동,5211312400100600013,0,35.8920401,127.0749780,2026-07-10
195,주식회사 테크원,전북특별자치도 전주시 덕진구 고내로 40-13(송천동2가),전북특별자치도 전주시 덕진구 송천동2가 1120,5211312200111200000,0,35.8749013,127.1084613,2026-07-10
1107,주식회사 엘템,"전북특별자치도 전주시 완산구 아중로 33, 4층 406호(중노송동, 전주정보문화산업진흥원) 4층 406호",전북특별자치도 전주시 완산구 중노송동 470-4 전주정보문화산업진흥원 4층 406호 4층 406호,5211112000104700004,0,35.8239230,127.1537858,2026-07-10
1080,유한회사 만지작,"전북특별자치도 전주시 완산구 서곡2길 24, 101호(효자동3가, 소석빌라)",전북특별자치도 전주시 완산구 효자동3가 1466-2 소석빌라 101호,5211114200114660002,0,35.8335530,127.1028561,2026-07-10
110,주식회사 씨앤씨어패럴,전북특별자치도 전주시 덕진구 구렛들3길 26-5 (팔복동1가),전북특별자치도 전주시 덕진구 팔복동1가 330-1,5211310800103300001,0,35.8595707,127.0990914,2026-07-10
140,(주)비전실업,"전북특별자치도 전주시 덕진구 팔과정로 20, 3층 303 (팔복동3가, 덕진아파트형공장) 3층 303호",전북특별자치도 전주시 덕진구 팔복동3가 422번지 덕진아파트형공장 3층 303 3층 303호,5211311000104220000,0,35.8504409,127.0865238,2026-07-10
1005,(주)비전실업,"전북특별자치도 전주시 완산구 공북4길 15, 2층 (태평동)",전북특별자치도 전주시 완산구 태평동 5-5 2층,5211111900100050005,0,35.8265799,127.1405402,2026-07-10
965,(주)엘더,"전북특별자치도 전주시 덕진구 혁신로 401, 생물산업진흥원 2동 1층 (장동, 전북생물산업진흥원)",전북특별자치도 전주시 덕진구 장동 452-69번지,5211313200104520069,0,35.8515797,127.0606061,2026-07-10
737,(유)천연담아,"전북특별자치도 전주시 덕진구 원장동길 111 -18(장동, 전북생물산업진흥원) 바이오플렉스 창업보육센터 109호",전북특별자치도 전주시 덕진구 장동 452-69 바이오플렉스 창업보육센터 109호,5211313200104520069,0,35.8515797,127.0606061,2026-07-10
776,(주)릴라이언스,전북특별자치도 전주시 덕진구 장동 568-3번지,전북특별자치도 전주시 덕진구 장동 568-3번지,5211313200105680003,0,35.8566400,127.0620891,2026-07-10
548,주식회사 퍼밋,"전북특별자치도 전주시 덕진구 신성길 31-42, 주식회사 퍼밋 (성덕동)",전북특별자치도 전주시 덕진구 성덕동 175-48 주식회사 퍼밋,5211312600101750048,0,35.8827189,127.0332479,2026-07-10
942,주식회사 에스엠이앤지,전북특별자치도 전주시 덕진구 팔복로 252-9 (여의동),전북특별자치도 전주시 덕진구 여의동 751-24,5211313000107510024,0,35.8593870,127.0802944,2026-07-10
718,대성자원개발주식회사 전주지점,전북특별자치도 전주시 덕진구 원만성로 37-10 (여의동),전북특별자치도 전주시 덕진구 여의동 산 19번지,,0,,,2026-07-10
605,주식회사 코엔,전북특별자치도 전주시 덕진구 암실길 146 (반월동),전북특별자치도 전주시 덕진구 반월동 519-11번지,5211312300105190011,0,35.8861910,127.0671659,2026-07-10
1132,(주)로바이오,"전북특별자치도 전주시 완산구 원서곡길 46-22, 102호(효자동3가)",전북특별자치도 전주시 완산구 효자동3가 892 102호,5211114200108920000,0,35.8339160,127.0944902,2026-07-10
738,농업회사법인(주)푸드네이처,"전북특별자치도 전주시 덕진구 원장동길 111-18, 8동110호(전북생물산업진흥원,바이오플렉스) (장동)","전북특별자치도 전주시 덕진구 장동 452-69번지 8동110호(전북생물산업진흥원,바이오플렉스)",5211313200104520069,0,35.8515797,127.0606061,2026-07-10
211,그린나노바이오텍,"전북특별자치도 전주시 덕진구 권삼득로 308, 전북대 창업보육2센터 307 (덕진동1가)",전북특별자치도 전주시덕진구 덕진동1가 664-14 번지 전북대 창업보육2센터 307,5211310500106640014,0,35.8474354,127.1271035,2026-07-10
288,(주)성우이앤씨,전북특별자치도 전주시 덕진구 만성북로 51-25 스페이스온동 4층 4013호,전북특별자치도 전주시 덕진구 만성동 1345-3번지 스페이스온동 4층 4013호,5211313100113450003,0,35.8490529,127.0826311,2026-07-10
913,주식회사 엠아이텍,전북특별자치도 전주시 덕진구 팔복1길 17-3 (팔복동2가),전북특별자치도 전주시 덕진구 팔복동2가 137-60,5211310900101370060,0,35.8489342,127.1049721,2026-07-10
179,(주)뱅크카본정밀,전북특별자치도 전주시 덕진구 감수길 30-14 (팔복동4가),전북특별자치도 전주시 덕진구 팔복동4가 170-4,5211313300101700004,0,35.8660702,127.1017967,2026-07-10
1167,주식회사 제이케이네트웍스,"전북특별자치도 전주시 완산구 정여립로 688-14, 101호 (상림동)",전북특별자치도 전주시 완산구 상림동 555-5 101호,5211114500105550005,0,35.8135914,127.0722048,2026-07-10
29,(주)경원에프엔비,"전북특별자치도 전주시 덕진구 구렛들1길 28-19, 3층 (팔복동1가)",전북특별자치도 전주시 덕진구 팔복동1가 268-2 3층,5211310800102680002,0,35.8580312,127.1023762,2026-07-10
164,에이엔티,"전북특별자치도 전주시 덕진구 가련산로 24-11, 2층(덕진동2가)",전북특별자치도 전주시 덕진구 덕진동2가 406 2층,5211310600104060000,0,35.8405656,127.1128199,2026-07-10
611,에스디테크,"전북특별자치도 전주시 덕진구 암실길 81, 제1-A동 (반월동)",전북특별자치도 전주시 덕진구 반월동 620-18번지 제1-A동,5211312300106200018,0,35.8809815,127.0657285,2026-07-10
1120,주식회사 대원유통,"전북특별자치도 전주시 완산구 용머리로 152, 3층 1호 (효자동1가)",전북특별자치도 전주시 완산구 효자동1가 195-19번지 3층 1호,5211114000101950019,0,35.8057774,127.1269147,2026-07-10
1121,주식회사 신일유통,"전북특별자치도 전주시 완산구 용머리로 152, 3층 2호 (효자동1가)",전북특별자치도 전주시 완산구 효자동1가 195-19번지 3층 2호,5211114000101950019,0,35.8057774,127.1269147,2026-07-10
379,(주)홍시궁,"전북특별자치도 전주시 덕진구 비석날로 59-11, (주)홍시궁 (여의동)",전북특별자치도 전주시 덕진구 여의동 660-34 (주)홍시궁,5211313000106600034,0,35.8571568,127.0788694,2026-07-10
206,(주) 로보다인시스템,"전북특별자치도 전주시 덕진구 과학로 20, 504호(송천동2가, 엘디엠시티)",전북특별자치도 전주시 덕진구 송천동2가 1332-1 엘디엠시티 504호,5211312200113320001,0,35.8719368,127.1227187,2026-07-10
1198,케이모비 씨이앤티,"전북특별자치도 전주시 완산구 천잠로 235, 실습동 1층 4101호(효자동2가, 전주비전대학교)",전북특별자치도 전주시 완산구 효자동2가 1070 전주비전대학교 실습동 1층 4101호,5211114100110700000,0,35.8092009,127.0905589,2026-07-10
1109,(주)엠에이치소프트,"전북특별자치도 전주시 완산구 아중로 33, 5층 507호(중노송동, 전주정보문화산업진흥원) 5층 507호",전북특별자치도 전주시 완산구 중노송동 470-4 전주정보문화산업진흥원 5층 507호 5층 507호,5211112000104700004,0,35.8239230,127.1537858,2026-07-10
1278,인터비타,전북특별자치도 전주시완산구 효자동3가 1200 번지 전주대학교 벤처창업관 314호,전북특별자치도 전주시완산구 효자동3가 1200 번지 전주대학교 벤처창업관 314호,,0,,,2026-07-10
484,핀코,전북특별자치도 전주시 덕진구 신복로 114 (팔복동4가),전북특별자치도 전주시 덕진구 팔복동4가 237-4,5211313300102370004,0,35.8597206,127.1041929,2026-07-10
172,유한회사 위블룸프린트,"전북특별자치도 전주시 덕진구 가재미5길 9-2, 1층 (인후동1가)",전북특별자치도 전주시 덕진구 인후동1가 871-2 1층,5211310300108710002,0,35.8297866,127.1607411,2026-07-10
717,주식회사 뉴씨엠,"전북특별자치도 전주시 덕진구 원만성로 23, 201호 (팔복동3가)",전북특별자치도 전주시 덕진구 팔복동3가 465 201호,5211311000104650000,0,35.8519080,127.0839547,2026-07-10
31,(주)대신냉방,"전북특별자치도 전주시 덕진구 상리1길 47 (팔복동2가, 하이텍스)",전북특별자치도 전주시덕진구 팔복동2가 268-12 번지,5211310900102680012,0,35.8525062,127.1017827,2026-07-10
287,농업회사법인 주식회사 빛뜨락,"전북특별자치도 전주시 덕진구 만성로 88, S타워 401호(만성동)",전북특별자치도 전주시 덕진구 만성동 1288-5 S타워 401호,5211313100112880005,0,35.8392748,127.0744355,2026-07-10
920,(주)엠파워,전북특별자치도 전주시 덕진구 팔복로 17-17 (팔복동2가),전북특별자치도 전주시 덕진구 팔복동2가 99-2,5211310900100990002,0,35.8461920,127.1040785,2026-07-10
1006,(주)인덱스에프앤씨,"전북특별자치도 전주시 완산구 공북4길 15, 지층(태평동)",전북특별자치도 전주시 완산구 태평동 5-5 지층,5211111900100050005,0,35.8265799,127.1405402,2026-07-10
539,광전자정밀(주),전북특별자치도 전주시 덕진구 신성길 133 (화전동),전북특별자치도 전주시 덕진구 화전동 1081번지,5211312400110810000,0,35.8891073,127.0364483,2026-07-10
720,(주)코엔,전북특별자치도 전주시 덕진구 원만성로 59 (팔복동3가),전북특별자치도 전주시 덕진구 팔복동3가 479번지,5211311000104790000,0,35.8543528,127.0861144,2026-07-10
1186,주식회사 리쿱헬스케어,"전북특별자치도 전주시 완산구 천잠로 235, 4202호(효자동2가, 전주비전대학교)",전북특별자치도 전주시 완산구 효자동2가 1070 전주비전대학교 4202호,5211114100110700000,0,35.8092009,127.0905589,2026-07-10
418,알에스티,"전북특별자치도 전주시 덕진구 상리1길 34, 103호 (팔복동2가)",전북특별자치도 전주시 덕진구 팔복동2가 270번지,5211310900102700000,0,35.8521482,127.1006716,2026-07-10
1111,주식회사 고투컴퍼니,"전북특별자치도 전주시 완산구 안행8길 48-4, 주식회사 고투컴퍼니(삼천동1가)",전북특별자치도 전주시 완산구 삼천동1가 747-7 주식회사 고투컴퍼니,5211113700107470007,0,35.7994390,127.1310002,2026-07-10
731,(주)에스솔루션,전북특별자치도 전주시 덕진구 원산정길 37 (산정동),전북특별자치도 전주시 덕진구 산정동 296-2번지,5211311100102960002,0,35.8445982,127.1719920,2026-07-10
758,(주)씨에이피코리아,"전북특별자치도 전주시 덕진구 유상로 67, 한국탄소융합기술원 기계벤처동 306호 (팔복동2가)",전북특별자치도 전주시 덕진구 팔복동2가 750-1번지 한국탄소융합기술원 기계벤처동 306호,5211310900107500001,0,35.8619276,127.0804317,2026-07-10
426,(주)팬포머,"전북특별자치도 전주시 덕진구 상리1길 34, 전북대학교 희망전북창업보육센터 별관3동 (팔복동2가)",전북특별자치도 전주시 덕진구 팔복동2가 270번지 전북대학교 희망전북창업보육센터 별관3동,5211310900102700000,0,35.8521482,127.1006716,2026-07-10
1141,주식회사 캔두에프앤티,"전북특별자치도 전주시 완산구 인봉남로 61, 2층 (중노송동)",전북특별자치도 전주시 완산구 중노송동 311-38 2층,5211112000103110038,0,35.8262892,127.1599026,2026-07-10
739,주식회사 서로바이오,"전북특별자치도 전주시 덕진구 원장동길 111-18, 바이오식품산업화센터 406-2호 (장동)",전북특별자치도 전주시 덕진구 장동 452-79번지 바이오식품산업화센터 406-2호,5211313200104520079,0,35.8515753,127.0590798,2026-07-10
905,농업회사법인 주식회사 유화당,"전북특별자치도 전주시 덕진구 추탄로 48, 1층 (덕진동2가)",전북특별자치도 전주시 덕진구 덕진동2가 667-2번지 1층,5211310600106670002,0,35.8450724,127.1093280,2026-07-10
118,주식회사 코앤컴,전북특별자치도 전주시 덕진구 구렛들3길 26-5 (팔복동1가),전북특별자치도 전주시 덕진구 팔복동1가 330-1,5211310800103300001,0,35.8595707,127.0990914,2026-07-10
324,주식회사 청세,전북특별자치도 전주시 덕진구 명륜2길 7-1 (덕진동1가),전북특별자치도 전주시 덕진구 덕진동1가 1265-17,5211310500112650017,0,35.8413396,127.1278850,2026-07-10
81,바른방음부스,전북특별자치도 전주시 덕진구 상리1길 51 (팔복동2가) 1동,전북특별자치도 전주시 덕진구 팔복동2가 231-1 1동,5211310900102310001,0,35.8520202,127.1030707,2026-07-10
948,이에코 주식회사,전북특별자치도 전주시 덕진구 팔복로 365 (여의동),전북특별자치도 전주시 덕진구 여의동 1140-1,5211313000111400001,0,35.8627861,127.0695831,2026-07-10
1245,(주)지올린,전북특별자치도 전주시 완산구 홍산로 249 (효자동2가) 대신빌딩 602호,전북특별자치도 전주시 완산구 효자동2가 대신빌딩 602호,,0,,,2026-07-10
631,주식회사 베코스,"전북특별자치도 전주시 덕진구 여산로 130-14, 지하층 (여의동)",전북특별자치도 전주시 덕진구 여의동 551-3 지하층,5211313000105510003,0,35.8635050,127.0790453,2026-07-10
28,(주)경원에프엔비,전북특별자치도 전주시 덕진구 구렛들1길 28-13 (팔복동1가),전북특별자치도 전주시 덕진구 팔복동1가 257-10번지,5211310800102570010,0,35.8583421,127.1021313,2026-07-10
515,관광닛블공구,전북특별자치도 전주시 덕진구 신복로 45 (팔복동1가),전북특별자치도 전주시 덕진구 팔복동1가 188-3번지,5211310800101880003,0,35.8549564,127.1087056,2026-07-10
532,미성전기제작소,전북특별자치도 전주시 덕진구 신복천변1길 33 (팔복동1가),전북특별자치도 전주시 덕진구 팔복동1가 204-8번지,5211310800102040008,0,35.8576691,127.1105588,2026-07-10
547,유한회사 유창,전북특별자치도 전주시 덕진구 신성길 25-37 (성덕동),전북특별자치도 전주시덕진구 성덕동 175-18번지,5211312600101750018,0,35.8814902,127.0332640,2026-07-10
830,부영산업개발,전북특별자치도 전주시 덕진구 지행당길 128-4 (호성동1가),전북특별자치도 전주시 덕진구 호성동1가 472-3번지,5211311600104720003,0,35.8709842,127.1555887,2026-07-10
831,부영산업개발,전북특별자치도 전주시 덕진구 지행당길 128-4 (호성동1가),전북특별자치도 전주시 덕진구 호성동1가 472-3번지,5211311600104720003,0,35.8709842,127.1555887,2026-07-10
949,새롬기업,전북특별자치도 전주시 덕진구 편운로 52 (동산동),전북특별자치도 전주시 덕진구 동산동 645-3번지,,0,,,2026-07-10
1147,서동푸드협동조합,전북특별자치도 전주시 완산구 장승배기8길 10-10 (서서학동),전북특별자치도 전주시 완산구 서서학동 311-6번지,5211112600103110006,0,35.8035393,127.1472410,2026-07-10
1180,화인산업,전북특별자치도 전주시 완산구 중인동 750-3번지,전북특별자치도 전주시 완산구 중인동 750-3번지,5211113500107500003,0,35.7725244,127.0897254,2026-07-10
