업소명,업태,주소,원본_위도,원본_경도,VWorld_위도,VWorld_경도,오차_m
바다낚시펜션,숙박업(생활),전북특별자치도 부안군 변산면 격포윗길 26-12,35.6540347,126.4986172,35.6244002,126.4757028,3892
스테이선운(Stay Sunwoon),숙박업 기타,전북특별자치도 고창군 아산면 운곡로 418,35.4921933,126.6466122,35.4896025,126.6396588,692
국민호텔 햇님동,숙박업(생활),전북특별자치도 무주군 설천면 만선로 185,35.8935732,127.7397467,35.8902561,127.7362259,486
가족호텔 해바라기동,숙박업(생활),전북특별자치도 무주군 설천면 만선로 185,35.8940416,127.7345477,35.8902561,127.7362259,447
가족호텔 코스모스동,숙박업(생활),전북특별자치도 무주군 설천면 만선로 185,35.8940416,127.7345477,35.8902561,127.7362259,447
가족호텔 개나리동,숙박업(생활),전북특별자치도 무주군 설천면 만선로 185,35.8940416,127.7345477,35.8902561,127.7362259,447
가족호텔 진달래동,숙박업(생활),전북특별자치도 무주군 설천면 만선로 185,35.8940416,127.7345477,35.8902561,127.7362259,447
가족호텔 백합동,숙박업(생활),전북특별자치도 무주군 설천면 만선로 185,35.8940416,127.7345477,35.8902561,127.7362259,447
가족호텔 들국화동,숙박업(생활),전북특별자치도 무주군 설천면 만선로 185,35.8938819,127.7341840,35.8902561,127.7362259,443
가족호텔 두솔동,숙박업(생활),전북특별자치도 무주군 설천면 만선로 185,35.8894406,127.7317074,35.8902561,127.7362259,417
가족호텔 한솔동,숙박업(생활),전북특별자치도 무주군 설천면 만선로 185,35.8894406,127.7317074,35.8902561,127.7362259,417
가족호텔 네솔동,숙박업(생활),전북특별자치도 무주군 설천면 만선로 185,35.8894406,127.7317074,35.8902561,127.7362259,417
가족호텔 세솔동,숙박업(생활),전북특별자치도 무주군 설천면 만선로 185,35.8894406,127.7317074,35.8902561,127.7362259,417
가족호텔 민들레동,숙박업(생활),전북특별자치도 무주군 설천면 만선로 185,35.8913011,127.7321020,35.8902561,127.7362259,389
유일여인숙,여인숙업,전북특별자치도 익산시 창인동1가 41,35.9427867,126.9486994,35.9417513,126.9525964,369
덕유대풀옵션,숙박업(생활),전북특별자치도 무주군 설천면 백련사길 2 (외 1필지),35.8899573,127.7772670,35.8910595,127.7738852,328
스테이 드래곤,숙박업 기타,전북특별자치도 남원시 대산면 대사로 500,35.4328530,127.3436952,35.4344486,127.3410941,295
가족호텔 금님동,숙박업(생활),전북특별자치도 무주군 설천면 만선로 185,35.8925312,127.7373547,35.8902561,127.7362259,273
가족호텔 은님동,숙박업(생활),전북특별자치도 무주군 설천면 만선로 185,35.8925312,127.7373547,35.8902561,127.7362259,273
자우리,여관업,전북특별자치도 전주시 덕진구 아중4길 13-4 (우아동2가),35.8301175,127.1736794,35.8298275,127.1708419,258
세인자연,숙박업 기타,"전북특별자치도 완주군 경천면 시우동길 70-6, 2,3,4층",36.0479872,127.2859580,36.0479595,127.2832200,246
석정304스테이,숙박업(생활),"전북특별자치도 고창군 고창읍 석정1로 105, 석정힐스 304동",35.4289937,126.7379593,35.4295594,126.7405464,243
그린듯한 뷰(석정힐스 310동),숙박업(생활),"전북특별자치도 고창군 고창읍 석정1로 105, 석정힐스 310동",35.4289937,126.7379593,35.4295594,126.7405464,243
석정힐링하우스306동,숙박업(생활),"전북특별자치도 고창군 고창읍 석정1로 105, 306동",35.4289937,126.7379593,35.4295594,126.7405464,243
고창 독채펜션 연화,숙박업(생활),전북특별자치도 고창군 고창읍 석정1로 105 (석정힐스 301동),35.4289937,126.7379593,35.4295594,126.7405464,243
고창 독채펜션 연,숙박업(생활),전북특별자치도 고창군 고창읍 석정1로 105 (석정힐스 305동),35.4289937,126.7379593,35.4295594,126.7405464,243
나봄리조트,숙박업 기타,전북특별자치도 무주군 설천면 월곡길 45,35.8974305,127.7731296,35.8960081,127.7716498,207
나봄리조트,일반호텔,전북특별자치도 무주군 설천면 월곡길 45,35.8974305,127.7731296,35.8960081,127.7716498,207
임실치즈펜션,숙박업(생활),"전북특별자치도 임실군 성수면 도인2길 50, 임실치즈테마파크",35.6327866,127.3012988,35.6326648,127.3030820,162
방화동가족휴가촌 가족휴양동,숙박업(생활),전북특별자치도 장수군 번암면 방화동로 778,35.5918360,127.5295185,35.5908401,127.5282457,160
황금장여관,여관업,전북특별자치도 장수군 번암면 지지로 553,35.5645440,127.5546739,35.5639665,127.5532267,146
썬웨이 글램핑&펜션,숙박업(생활),"전북특별자치도 순창군 순창읍 장류로 55, 15동",35.3677828,127.1115886,35.3672464,127.1129078,134
여우빛산장,숙박업 기타,전북특별자치도 완주군 비봉면 천호로 235-38,35.9735017,127.1587738,35.9738981,127.1575264,121
파머스빌리지,일반호텔,전북특별자치도 고창군 상하면 상하농원길 6-36,35.4454705,126.4526054,35.4462487,126.4520044,102
유로빌리지 2단지,숙박업(생활),"전북특별자치도 군산시 옥구읍 신장길 26, 유로빌리지 익산,김제동",35.9032991,126.6842272,35.9041054,126.6847111,100
유로빌리지 3단지,숙박업(생활),"전북특별자치도 군산시 옥구읍 신장길 26, 유로빌리지 군산동",35.9032991,126.6842272,35.9041054,126.6847111,100
유로빌리지 1단지,숙박업(생활),"전북특별자치도 군산시 옥구읍 신장길 26, 유로빌리지 순창,남원,부안동",35.9032991,126.6842272,35.9041054,126.6847111,100
(유)타코마장수관광농원,숙박업 기타,전북특별자치도 장수군 계남면 장수로 2662-11,35.6758528,127.5501381,35.6759017,127.5510494,82
내장산골프&리조트,숙박업 기타,전북특별자치도 정읍시 첨단과학로 476 (신정동),35.5025850,126.8665571,35.5027439,126.8674241,80
바다풍경,여관업,전북특별자치도 부안군 변산면 궁항영상길 117-12,35.6091808,126.4690858,35.6097484,126.4686335,75
문화장여관,여관업,전북특별자치도 남원시 용성로 109 (동충동),35.4098834,127.3873805,35.4101011,127.3881188,71
한일여인숙,여인숙업,전북특별자치도 정읍시 연지시장1길 62-13 (연지동),35.5736822,126.8471902,35.5730674,126.8470097,70
스테이 사계,숙박업 기타,전북특별자치도 순창군 복흥면 용지길 51,35.4045926,126.9508525,35.4051736,126.9509138,65
88여인숙,여인숙업,전북특별자치도 정읍시 연지시장1길 62-9 (연지동),35.5736822,126.8471902,35.5731292,126.8470994,62
옥정호 머물다 펜션,숙박업(생활),전북특별자치도 임실군 운암면 구이로 36,35.6118463,127.1056289,35.6123836,127.1055362,60
지리산 밸리팬션,숙박업(생활),전북특별자치도 남원시 산내면 지리산로 1268,35.3988152,127.6023184,35.3988730,127.6029728,60
줄포만 게스트하우스,숙박업 기타,전북특별자치도 부안군 줄포면 생태공원로 38,35.5819761,126.6741907,35.5815598,126.6738339,56
마루아라 하우스,숙박업(생활),전북특별자치도 부안군 줄포면 생태공원로 38,35.5819761,126.6741907,35.5815598,126.6738339,56
숲으로1 모텔,여관업,전북특별자치도 김제시 하정1길 40 (흥사동),35.8361495,126.9064071,35.8365416,126.9060863,52
무주 나봄리조트 별관,숙박업(생활),"전북특별자치도 무주군 설천면 월곡길 84, 지하2-지상4층",35.8951335,127.7722480,35.8951865,127.7727995,50
모악산 아트포레,숙박업(생활),"전북특별자치도 완주군 구이면 모악산길 111-21, 모악산 아트포레",35.7274545,127.1083639,35.7273271,127.1078738,46
고창비치호텔,일반호텔,"전북특별자치도 고창군 심원면 애향갯벌로 70, 고창컨트리클럽",35.5161692,126.5018470,35.5159681,126.5022635,44
달하노피곰 캡슐호텔,숙박업 기타,"전북특별자치도 정읍시 서부산업도로 287, 2동 2층 (연지동)",35.5743695,126.8424314,35.5747114,126.8426642,43
무주글램팬션힐스,숙박업(생활),전북특별자치도 무주군 설천면 구천동1로 30,35.9053470,127.7777372,35.9055570,127.7781432,43
쿡2포레나,여관업,전북특별자치도 김제시 하정로 31 (흥사동),35.8380693,126.9060859,35.8379725,126.9056264,43
칸모텔,숙박업 기타,전북특별자치도 정읍시 송산1길 220 (금붕동),35.5489896,126.8785827,35.5490626,126.8790401,42
희락재,숙박업(생활),"전북특별자치도 무주군 설천면 비례길 49, 1-3층",36.0185491,127.7546757,36.0183215,127.7543156,41
장수온천호텔,일반호텔,전북특별자치도 장수군 번암면 장수로 673-14,35.5375941,127.5238116,35.5379494,127.5237048,41
캐슬,여관업,전북특별자치도 남원시 주천면 원천로 291-19 (외 1필지),35.4054112,127.4227160,35.4057254,127.4224916,40
서울여관,여관업,전북특별자치도 부안군 위도면 파장금안길 23-4,35.6172944,126.3060194,35.6171834,126.3064367,40
현대파크,숙박업(생활),전북특별자치도 군산시 옥도면 선유남길 37-3,35.8081942,126.4123495,35.8081367,126.4127763,39
스테이 피크닉,숙박업(생활),전북특별자치도 완주군 상관면 상관소양로 112,35.7736688,127.2164533,35.7733342,127.2163337,39
매일여인숙,여인숙업,전북특별자치도 정읍시 연지시장1길 65 (연지동),35.5736822,126.8471902,35.5733747,126.8473732,38
히든모텔,여관업,"전북특별자치도 고창군 고창읍 동리로 238, 히든모텔",35.4307826,126.7173569,35.4304482,126.7173003,38
무주펜션 풀빌라 숲빛,숙박업(생활),전북특별자치도 무주군 무풍면 구천동로 379,35.8894460,127.8190139,35.8897074,127.8187513,37
순창군 장류체험관,숙박업 기타,전북특별자치도 순창군 순창읍 민속마을길 55,35.3658322,127.1082311,35.3656726,127.1085899,37
코아모텔,여관업,전북특별자치도 완주군 고산면 대아저수로 410-54,35.9845989,127.2621487,35.9842801,127.2622678,37
힐하우스,여관업,전북특별자치도 정읍시 입암면 정읍남로 331,35.4917549,126.7856909,35.4918746,126.7860687,37
궁모텔,여관업,전북특별자치도 정읍시 연지시장2길 16 (연지동),35.5747219,126.8462846,35.5750124,126.8464360,35
휘목아트리조트,숙박업(생활),전북특별자치도 부안군 진서면 운호길 10,35.5944565,126.5635858,35.5947654,126.5635534,34
바람의언덕,숙박업 기타,전북특별자치도 무주군 무풍면 오두재로 16,35.8890422,127.8218305,35.8891544,127.8214750,34
대둔산 호텔,일반호텔,전북특별자치도 완주군 운주면 대둔산공원길 45,36.1161689,127.3308458,36.1162644,127.3304880,34
무주펜션 선앤문,숙박업 기타,전북특별자치도 무주군 설천면 보안길 48-7,35.9093558,127.7720004,35.9094446,127.7716442,34
모텔 승마,여관업,전북특별자치도 장수군 계남면 장무로 171-28,35.7268298,127.5804347,35.7265508,127.5802968,33
온성장 모텔,여관업,전북특별자치도 익산시 익산대로20길 40 (창인동1가),35.9415911,126.9522023,35.9413136,126.9520612,33
반디펜션,숙박업(생활),전북특별자치도 무주군 부남면 노루재로 302-34,35.8841755,127.6011372,35.8842877,127.6008014,33
씨앤스타,숙박업(생활),"전북특별자치도 부안군 변산면 변산해변로 245, C동",35.6417921,126.4721351,35.6416508,126.4718283,32
오늘은 힐링,숙박업(생활),전북특별자치도 남원시 금지면 금지순환길 633-59,35.3627189,127.2709220,35.3624453,127.2710247,32
라하트,숙박업(생활),"전북특별자치도 정읍시 고부면 고부동서로 231, A,B,C동  1층",35.5859807,126.7460768,35.5860013,126.7457267,32
스테이 80 B,숙박업 기타,전북특별자치도 부안군 변산면 고사길 80,35.6546262,126.5096691,35.6548071,126.5093975,32
모텔 궁,여관업,전북특별자치도 김제시 진봉면 심포6길 89-5,35.8560389,126.7051243,35.8558915,126.7048361,31
춘향가,여관업,"전북특별자치도 남원시 양림길 28-12 (어현동,외1필지)",35.4015829,127.3877301,35.4013117,127.3876859,30
모항레저타운,여관업,전북특별자치도 부안군 변산면 변산로 3554-9,35.5834179,126.5042002,35.5836211,126.5044241,30
운호관광농원여관,여관업,전북특별자치도 부안군 진서면 청자로 445,35.5937059,126.5669435,35.5936516,126.5666147,30
성림장,여관업,전북특별자치도 남원시 의총로 61 (금동),35.4062272,127.3760699,35.4060665,127.3758004,30
필오피스텔,숙박업(생활),전북특별자치도 익산시 중앙로 22-168 (중앙동2가),35.9381942,126.9486345,35.9383067,126.9483375,30
힐링드라이브인무인호텔,일반호텔,전북특별자치도 완주군 상관면 춘향로 4433-6,35.7466026,127.2206089,35.7463553,127.2207235,29
지리산구룡호텔,일반호텔,전북특별자치도 남원시 인월면 천왕봉로 143,35.4533297,127.6095001,35.4531674,127.6097545,29
드라마모텔,여관업,전북특별자치도 남원시 요천로 1529 (죽항동),35.4071431,127.3869318,35.4068857,127.3869352,29
무주펜션 홀리데이,숙박업(생활),전북특별자치도 무주군 설천면 외배방길 12-1,35.9089565,127.7585478,35.9087017,127.7585920,29
게스트하우스,숙박업(생활),전북특별자치도 완주군 고산면 남봉로 75,35.9702850,127.2013291,35.9701053,127.2011019,29
강천산모텔,여관업,전북특별자치도 순창군 팔덕면 강천로 116,35.3789064,127.1107589,35.3786544,127.1107703,28
순창군 쉴랜드,숙박업(생활),전북특별자치도 순창군 인계면 인덕로 427-148,35.4293296,127.1320161,35.4295684,127.1319339,28
무주 모모펜션,숙박업(생활),전북특별자치도 무주군 설천면 원삼공1길 22,35.9080624,127.7818816,35.9083055,127.7818241,28
크크크키즈풀빌라(다),숙박업(생활),"전북특별자치도 고창군 상하면 진암구시포로 361-38, 3동",35.4359463,126.4506102,35.4359173,126.4503095,27
크크크 키즈풀빌라(나),숙박업(생활),"전북특별자치도 고창군 상하면 진암구시포로 361-38, 2동",35.4359463,126.4506102,35.4359173,126.4503095,27
크크크키즈풀빌라(크크크 kidspoolvilla),숙박업(생활),"전북특별자치도 고창군 상하면 진암구시포로 361-38, 4동",35.4359463,126.4506102,35.4359173,126.4503095,27
한솔모텔,여관업,전북특별자치도 임실군 오수면 금암남길 7,35.5300727,127.3397299,35.5302150,127.3394878,27
현대파크장,여관업,전북특별자치도 김제시 동서2길 14 (옥산동),35.7977082,126.8823948,35.7979261,126.8825201,27
오션빌리지 104,숙박업(생활),"전북특별자치도 부안군 변산면 변산해변로 243, B동",35.6418556,126.4715798,35.6416229,126.4716523,27
산자락,숙박업(생활),"전북특별자치도 남원시 산내면 천왕봉로 871-146, 주2~3동 1층",35.4142611,127.6509748,35.4141399,127.6507272,26
(W)더블유 모텔,숙박업(생활),전북특별자치도 무주군 설천면 만선로 46,35.9094166,127.7553499,35.9091815,127.7553480,26
신풍모텔,여관업,전북특별자치도 김제시 두월로 220 (신풍동),35.7942534,126.9041564,35.7943981,126.9043849,26
한증원 stay,숙박업(생활),"전북특별자치도 남원시 주천면 원천로 345-25, 주3동 2층",35.4033044,127.4265364,35.4033904,127.4268033,26
한증원 Stay,여관업,"전북특별자치도 남원시 주천면 원천로 345-25, 주3동 3-4층",35.4033044,127.4265364,35.4033904,127.4268033,26
크레용캠프펜션,숙박업 기타,"전북특별자치도 무주군 설천면 내배방길 15-25, 크레용캠프펜션 A, D동",35.9117194,127.7555950,35.9119518,127.7556180,26
크레용,숙박업 기타,"전북특별자치도 무주군 설천면 내배방길 15-25, 크레용펜션 B, C동",35.9117194,127.7555950,35.9119518,127.7556180,26
헤라신축모텔,여관업,전북특별자치도 남원시 충정로 220-8 (도통동),35.4223454,127.3939412,35.4224871,127.3937160,26
동백호텔,일반호텔,"전북특별자치도 고창군 아산면 중촌길 26, 동백모텔",35.5043924,126.5849829,35.5042211,126.5851705,26
일마레변산리조트(B동),숙박업 기타,전북특별자치도 부안군 변산면 궁항로 91,35.6034337,126.4749747,35.6034045,126.4746954,25
옥수풀빌라,숙박업 기타,전북특별자치도 부안군 변산면 궁항로 113,35.6026467,126.4733905,35.6024373,126.4732776,25
유한회사 해시락,숙박업 기타,전북특별자치도 부안군 변산면 궁항로 113,35.6026467,126.4733905,35.6024373,126.4732776,25
등대여인숙,여인숙업,전북특별자치도 정읍시 연지1길 50 (연지동),35.5732152,126.8447317,35.5729991,126.8446456,25
그랜드장,여관업,전북특별자치도 부안군 행안면 변산로 64,35.7295345,126.7141893,35.7293429,126.7140408,25
궁전모텔,여관업,전북특별자치도 부안군 상서면 노적길 10-10,35.6588309,126.6143849,35.6590560,126.6143957,25
항도장,여관업,전북특별자치도 군산시 구영7길 69 (신창동),35.9869052,126.7102390,35.9867690,126.7104598,25
채석강리조트,여관업,"전북특별자치도 부안군 변산면 채석강길 19-1, 채석강리조트",35.6276097,126.4706065,35.6273888,126.4706350,25
나린 풀빌라,숙박업(생활),전북특별자치도 무주군 설천면 외배방길 7,35.9075820,127.7592948,35.9075440,127.7590316,24
무주펜션 나마스테,숙박업(생활),"전북특별자치도 무주군 설천면 구천동1로 83, B동 1.2층 3,4호",35.9006377,127.7772240,35.9007754,127.7770187,24
힐사이드산장,여관업,전북특별자치도 무주군 설천면 구천동1로 83,35.9006377,127.7772240,35.9007754,127.7770187,24
인월산장,여관업,전북특별자치도 무주군 설천면 구천동1로 83 (B동1층2호.2층2호),35.9006377,127.7772240,35.9007754,127.7770187,24
빌라드 무주,숙박업 기타,"전북특별자치도 무주군 설천면 양지길 92-5, 빌라드 무주",36.0015295,127.7873708,36.0013190,127.7874111,24
보보스,여관업,전북특별자치도 군산시 가도2길 19 (오식도동),35.9481825,126.5695705,35.9481211,126.5693192,24
고리포190펜션,숙박업(생활),전북특별자치도 고창군 상하면 고리포길 192-10,35.4345232,126.4343708,35.4343764,126.4345536,23
강천각여관,여관업,전북특별자치도 순창군 팔덕면 강천산길 85,35.4085976,127.0686950,35.4085574,127.0689467,23
석정힐링카운티 203동,숙박업(생활),전북특별자치도 고창군 고창읍 석정2로 233-25,35.4316818,126.7461550,35.4317339,126.7464026,23
선유도리조트,숙박업(생활),"전북특별자치도 군산시 옥도면 선유북길 129-6, 1, 2동",35.8136675,126.4097554,35.8134624,126.4097889,23
신라파크장,여관업,전북특별자치도 정읍시 중앙2길 6 (수성동),35.5682511,126.8513698,35.5680464,126.8513638,23
투투모텔,여관업,전북특별자치도 군산시 조촌안2길 31 (경장동),35.9713340,126.7342061,35.9711300,126.7341852,23
광산모텔,여관업,전북특별자치도 무주군 설천면 만선로 52 (번지(2-3층)),35.9084306,127.7549561,35.9085103,127.7551884,23
에덴파크텔,여관업,전북특별자치도 진안군 진안읍 마이산로 106,35.7770890,127.4182736,35.7772884,127.4182293,23
필모텔,여관업,전북특별자치도 고창군 흥덕면 잿말길 87-4,35.5278676,126.7064263,35.5279944,126.7066173,22
칼튼힐,일반호텔,전북특별자치도 전주시 덕진구 용산3길 35 (금암동),35.8347440,127.1344822,35.8349308,127.1344007,22
옥수장여관,여관업,"전북특별자치도 고창군 흥덕면 선운대로 3813, 옥수모텔",35.5228332,126.7072584,35.5229392,126.7070533,22
신라장여관,여관업,전북특별자치도 남원시 쑥고개로 25 (노암동),35.3993025,127.3798211,35.3993021,127.3795791,22
동진캐슬,여관업,전북특별자치도 부안군 변산면 궁항로 66 (외2필지),35.6041121,126.4767462,35.6041610,126.4765142,22
에이본호텔군산,일반호텔,전북특별자치도 군산시 해망로 10 (경장동),35.9761794,126.7247530,35.9763506,126.7248658,22
리틀프로방스(작은마을),숙박업 기타,전북특별자치도 무주군 설천면 구천동로 930-17,35.9075169,127.7723107,35.9074281,127.7720979,22
숲속의 정원,여관업,전북특별자치도 부안군 변산면 변산로 3730-45,35.5832990,126.5184028,35.5832040,126.5186105,22
숲무인텔,숙박업 기타,전북특별자치도 김제시 전초암길 15 (서암동),35.8060943,126.8755928,35.8062563,126.8757237,22
문화장여관,여관업,전북특별자치도 군산시 해망로 19 (대명동),35.9772477,126.7236811,35.9771594,126.7238932,21
지리산칸호텔,숙박업(생활),전북특별자치도 남원시 산내면 지리산로 815,35.3751905,127.5801974,35.3750151,127.5801042,21
크리스탈모텔,여관업,전북특별자치도 진안군 진안읍 대광길 104,35.7855349,127.4160148,35.7853695,127.4161313,21
운호관광농원(모텔),여관업,전북특별자치도 부안군 진서면 청자로 447,35.5939647,126.5670234,35.5937753,126.5670238,21
모텔 다빈치,여관업,전북특별자치도 남원시 충정로 88 (향교동),35.4141231,127.3850514,35.4141652,127.3852770,21
오성파크여관,여관업,전북특별자치도 군산시 성산면 오성로 221,36.0074697,126.7726286,36.0073734,126.7724350,20
동호비치호텔,숙박업(생활),"전북특별자치도 고창군 해리면 구동호1길 42, 동호비치호텔",35.5198610,126.4848339,35.5196852,126.4848973,20
레드온 호텔,여관업,전북특별자치도 순창군 순창읍 순창로 222,35.3747780,127.1433670,35.3746235,127.1434858,20
째즈어라운드호텔,일반호텔,전북특별자치도 전주시 덕진구 정언신로 182 (우아동2가),35.8314463,127.1733087,35.8316080,127.1734093,20
보다더 풀빌라 리비 9(VODATHE POOLVILLA-LIVI 09),숙박업(생활),전북특별자치도 고창군 부안면 복분자로 513,35.5086453,126.6442735,35.5088148,126.6441955,20
보다더 풀빌라 준 8(VODATHE POOLVILLA-JUN 08),숙박업(생활),전북특별자치도 고창군 부안면 복분자로 513,35.5086453,126.6442735,35.5088148,126.6441955,20
보다더펜션 가람(1동),숙박업(생활),"전북특별자치도 고창군 부안면 복분자로 513, 국민여가캠핑장",35.5086453,126.6442735,35.5088148,126.6441955,20
보다더펜션 늘봄(2동),숙박업(생활),"전북특별자치도 고창군 부안면 복분자로 513, 국민여가캠핑장",35.5086453,126.6442735,35.5088148,126.6441955,20
보다더펜션 도담(3동),숙박업(생활),"전북특별자치도 고창군 부안면 복분자로 513, 국민여가캠핑장",35.5086453,126.6442735,35.5088148,126.6441955,20
보다더펜션 라온(4동),숙박업(생활),"전북특별자치도 고창군 부안면 복분자로 513, 국민여가캠핑장",35.5086453,126.6442735,35.5088148,126.6441955,20
호텔객사,숙박업 기타,전북특별자치도 전주시 완산구 충경로 49-3 (중앙동3가),35.8183628,127.1444428,35.8181848,127.1444809,20
원탑호텔,숙박업 기타,전북특별자치도 부안군 부안읍 수정길 20,35.7251217,126.7355571,35.7249419,126.7355423,20
엘핀키즈풀빌라,숙박업 기타,"전북특별자치도 완주군 상관면 상관소양로 487, 1~2동 1~2층",35.7990027,127.2398997,35.7991718,127.2398259,20
에덴파크여관,여관업,"전북특별자치도 고창군 성내면 선운대로 3968, 에덴파크",35.5294006,126.7216538,35.5292215,126.7216443,20
골드모텔,여관업,전북특별자치도 순창군 순창읍 대동로 76,35.3686599,127.1489730,35.3686984,127.1491866,20
트윈스A,여관업,전북특별자치도 익산시 인북로6길 9 (인화동1가),35.9309393,126.9508487,35.9309012,126.9510636,20
필방 오피스텔,숙박업(생활),전북특별자치도 익산시 중앙로 12-185 (중앙동2가),35.9380981,126.9483804,35.9380027,126.9481953,20
G펜션,숙박업(생활),전북특별자치도 부안군 변산면 격포로 144,35.6287823,126.4740465,35.6289174,126.4739051,20
와이케이호텔,여관업,전북특별자치도 전주시 덕진구 명륜5길 10-2 (덕진동1가),35.8432943,127.1256509,35.8431619,127.1255064,20
리베라모텔,여관업,전북특별자치도 무주군 적상면 치마재로 8,35.9191125,127.6804892,35.9191735,127.6802845,20
엄지모텔,여관업,전북특별자치도 김제시 금구면 봉두로 49,35.7744360,127.0072152,35.7745939,127.0071193,20
벧엘펜션,여관업,전북특별자치도 무주군 설천면 구천동로 1059,35.9073548,127.7602411,35.9075062,127.7601322,19
선유펜션,숙박업(생활),전북특별자치도 군산시 옥도면 선유북길 125-1,35.8141058,126.4100629,35.8139325,126.4100832,19
해조음,여관업,전북특별자치도 부안군 변산면 성천길 13,35.6546158,126.5001856,35.6545407,126.4999951,19
홍삼빌,여관업,"전북특별자치도 진안군 진안읍 외사양길 16-14, 홍삼빌",35.7766769,127.4167121,35.7768368,127.4167891,19
장수도깨비 한옥&글램핑,숙박업(생활),"전북특별자치도 장수군 장계면 논개생가길 31-13, 의암주논개생가지",35.6779575,127.6214979,35.6778936,127.6216940,19
H(에이치),숙박업 기타,전북특별자치도 완주군 이서면 콩쥐팥쥐로 968-13,35.8190079,127.0054212,35.8191708,127.0054879,19
무인텔 탑,여관업,전북특별자치도 순창군 순창읍 순창로 96,35.3647675,127.1427964,35.3646401,127.1429370,19
호텔사운즈,여관업,전북특별자치도 전주시 완산구 한두평3길 7-6 (중화산동2가),35.8151334,127.1239255,35.8150613,127.1241156,19
리틀프로방스(냇가마을),숙박업 기타,전북특별자치도 무주군 설천면 구천동로 930-18,35.9076456,127.7721556,35.9077562,127.7723151,19
더시티호텔,일반호텔,전북특별자치도 군산시 소룡1길 49 (소룡동),35.9728692,126.6761415,35.9729897,126.6759938,19
관망모텔,여관업,전북특별자치도 김제시 하정1길 40 (흥사동),35.8365695,126.9058811,35.8365416,126.9060863,19
스타팰리스 모텔,여관업,전북특별자치도 김제시 하정1길 9 (흥사동),35.8358452,126.9059571,35.8360102,126.9059983,19
별서담,숙박업(생활),전북특별자치도 무주군 무풍면 구천동로 401,35.8917216,127.8194625,35.8915845,127.8193433,19
명품무인텔,여관업,전북특별자치도 정읍시 내장산로 92 (금붕동),35.5484196,126.8794422,35.5482628,126.8793708,19
랜드파크,여관업,전북특별자치도 익산시 배산로6길 21 (모현동1가),35.9428363,126.9404324,35.9427266,126.9402778,19
리본호텔,여관업,전북특별자치도 군산시 장미1길 21 (장미동),35.9869834,126.7150213,35.9868516,126.7151466,18
거기 무인텔,일반호텔,"전북특별자치도 완주군 이서면 콩쥐팥쥐로 984-31, 1동",35.8180647,127.0081352,35.8181849,127.0082764,18
텐 프로,여관업,전북특별자치도 완주군 삼례읍 삼례역로 90,35.9075246,127.0648067,35.9074362,127.0646335,18
용호장여관,여관업,전북특별자치도 임실군 오수면 오수로 137,35.5374000,127.3294657,35.5373997,127.3296684,18
준 드라이브인 무인텔2,여관업,전북특별자치도 김제시 황산면 풍요로 516-11,35.7884654,126.9559144,35.7883794,126.9557430,18
뜨란채,숙박업 기타,전북특별자치도 순창군 팔덕면 강천로 664-28,35.4161754,127.0779067,35.4160649,127.0777590,18
에코리조트,숙박업 기타,전북특별자치도 남원시 주천면 제바위길 36,35.4069936,127.4118926,35.4068502,127.4119877,18
에꼬빌(개나리동),숙박업(생활),전북특별자치도 무주군 설천면 구천동로 954-14,35.9069898,127.7714367,35.9070575,127.7716194,18
S모텔,여관업,전북특별자치도 김제시 콩쥐팥쥐로 91-15 (순동),35.8088109,126.9145294,35.8089242,126.9143867,18
훼미리하우스콘도,여관업,전북특별자치도 무주군 설천면 관동길 15,35.9069031,127.7539591,35.9067420,127.7539450,18
해넘이타운,여관업,전북특별자치도 부안군 변산면 변산해변로 188,35.6400163,126.4671027,35.6399002,126.4669660,18
브라운도트 완주봉동점,일반호텔,전북특별자치도 완주군 봉동읍 원둔산1길 5,35.9586603,127.1252270,35.9587725,127.1253672,18
군산 라시에스타호텔,여관업,전북특별자치도 군산시 성산면 오성로 225,36.0076681,126.7728734,36.0077055,126.7726823,18
모텔썬,여관업,전북특별자치도 완주군 봉동읍 봉동로 48-4,35.9291294,127.1684403,35.9291679,127.1686307,18
지리산프리방스,숙박업(생활),전북특별자치도 남원시 주천면 원천로 345-34,35.4012301,127.4298542,35.4013356,127.4297093,18
제일장여관,여관업,전북특별자치도 김제시 금산면 모악로 427,35.7194273,127.0372381,35.7195614,127.0371343,18
리틀프로방스(큰마을),숙박업 기타,전북특별자치도 무주군 설천면 구천동로 930-8,35.9083266,127.7735438,35.9082580,127.7733691,17
호텔 모악산,여관업,전북특별자치도 완주군 구이면 모악산길 104-10,35.7303360,127.1087376,35.7301808,127.1087522,17
아리랑여관,여관업,전북특별자치도 김제시 동서로 157 (요촌동),35.7991555,126.8859899,35.7993058,126.8860375,17
아모르 모텔,여관업,전북특별자치도 고창군 고창읍 운동장길 20,35.4313628,126.7220315,35.4314815,126.7219104,17
호텔이븐,여관업,전북특별자치도 군산시 현충로 82 (나운동),35.9625599,126.6892086,35.9624232,126.6891260,17
무주센트럴리조트&스파,숙박업(생활),"전북특별자치도 무주군 설천면 관동길 9, 1-2층",35.9067914,127.7547844,35.9068037,127.7545986,17
브라운도트,여관업,전북특별자치도 완주군 삼례읍 동학로 36-15,35.9105260,127.0758555,35.9103774,127.0758270,17
PGA무인텔,숙박업 기타,전북특별자치도 김제시 아리랑로 1875-28 (상동동),35.8273432,126.9178181,35.8273714,126.9176369,17
브라운도트 호텔 군산터미널점,일반호텔,전북특별자치도 군산시 중앙로 18-5 (대명동),35.9771524,126.7230683,35.9770042,126.7230930,17
비치타운모텔,여관업,"전북특별자치도 고창군 상하면 진암구시포로 477, 비치타운모텔",35.4429468,126.4422835,35.4430762,126.4421918,17
＃(샵),여관업,전북특별자치도 완주군 구이면 덕골길 11-5,35.6557702,127.1097379,35.6556315,127.1096719,17
드라이브인M호텔,여관업,전북특별자치도 김제시 금구면 봉두로 48,35.7739455,127.0075631,35.7740498,127.0076920,16
M7 무인텔,숙박업 기타,전북특별자치도 정읍시 벚꽃로 111-7 (연지동),35.5779891,126.8393365,35.5781015,126.8394541,16
스페이스셔틀 전주,숙박업(생활),전북특별자치도 완주군 상관면 죽림편백길 118-46,35.7443917,127.2064748,35.7442559,127.2065456,16
우리펜션,여관업,전북특별자치도 무주군 설천면 구천동로 1079-11,35.9094872,127.7582761,35.9096256,127.7582133,16
트윈스B,여관업,전북특별자치도 익산시 인북로6길 9 (인화동1가),35.9308249,126.9512188,35.9309012,126.9510636,16
목화장여관,여관업,전북특별자치도 익산시 동서로 216 (남중동),35.9535366,126.9577987,35.9534337,126.9579277,16
선운산호텔,일반호텔,전북특별자치도 고창군 아산면 중촌길 21,35.5038407,126.5849087,35.5037096,126.5849880,16
두바이무인텔,여관업,전북특별자치도 군산시 백릉안5길 47 (경장동),35.9712792,126.7325009,35.9711506,126.7325855,16
Cozy Cove,숙박업 기타,"전북특별자치도 부안군 변산면 변산로 2120-5, [*미고시]",35.6762399,126.5296351,35.6762251,126.5298127,16
나리 모텔,여관업,전북특별자치도 완주군 구이면 덕골길 11-6,35.6554937,127.1095300,35.6553872,127.1094103,16
러브모텔,여관업,전북특별자치도 완주군 고산면 대아저수로 441,35.9910715,127.2623370,35.9912152,127.2623274,16
월성모텔,여관업,전북특별자치도 완주군 봉동읍 하보상길 27,35.9361843,127.1669004,35.9362883,127.1667778,16
일성지리산콘도미니엄,숙박업(생활),전북특별자치도 남원시 산내면 천왕봉로 626-25,35.4230467,127.6209315,35.4230427,127.6207554,16
J 무인텔,여관업,전북특별자치도 정읍시 내장산로 143 (금붕동),35.5453100,126.8836232,35.5451875,126.8835321,16
H드라이브호텔,여관업,전북특별자치도 익산시 인북로2길 38 (인화동2가),35.9286944,126.9531001,35.9286543,126.9532694,16
유황모텔,여관업,전북특별자치도 완주군 구이면 덕골길 9,35.6560277,127.1094969,35.6559119,127.1095998,16
맨션 브릿지,일반호텔,전북특별자치도 군산시 서래내길 28 (경암동),35.9769979,126.7256448,35.9768576,126.7256749,16
소나무무인호텔,여관업,전북특별자치도 고창군 신림면 대포리길 37,35.4767582,126.6962099,35.4766165,126.6962275,16
엠클래스,여관업,전북특별자치도 익산시 인북로1길 5 (인화동1가),35.9299572,126.9486852,35.9299340,126.9488580,16
크로바모텔,여관업,전북특별자치도 무주군 설천면 만선로 12,35.9111905,127.7582190,35.9110725,127.7581223,16
명지각 동관,숙박업(생활),"전북특별자치도 남원시 정문길 6-7, 1층 (쌍교동)",35.4055499,127.3814368,35.4056522,127.3813170,16
현대모텔,여관업,전북특별자치도 완주군 봉동읍 봉동로 463,35.9554021,127.1417580,35.9552854,127.1418566,16
플로르호텔,일반호텔,"전북특별자치도 전주시 덕진구 송천중앙로 12-12, 1동 1-8층 (덕진동2가)",35.8476342,127.1190937,35.8475803,127.1192534,16
부귀파크,여관업,전북특별자치도 무주군 적상면 괴목로 980,35.9810013,127.7004300,35.9811396,127.7004545,16
봉화여관,여관업,전북특별자치도 부안군 변산면 방파제길 5,35.6268756,126.4713565,35.6267443,126.4713007,15
(주)이랜드파크켄싱턴리조트지리산남원,숙박업(생활),전북특별자치도 남원시 소리길 66 (어현동),35.4021850,127.3848174,35.4020615,127.3848891,15
화수목 빌리지 펜션텔,여관업,전북특별자치도 정읍시 순정로 2170 (부전동),35.5295958,126.9011341,35.5295459,126.9009795,15
남원생태관광숙박시설,숙박업(생활),"전북특별자치도 남원시 운봉읍 운봉로 147-11, 2-5동",35.3986269,127.5067856,35.3985323,127.5069016,15
(주)전주시그니처2,숙박업(생활),"전북특별자치도 전주시 덕진구 백제대로 838, 8층801~806,808,810호동 811~815호층 817,821,823,9층901~916호 (우아동3가)",35.8486729,127.1597283,35.8486104,127.1598734,15
전주시그니처호텔,숙박업(생활),"전북특별자치도 전주시 덕진구 백제대로 838, 7층, 8층(807,809,818,819,820,822호),9층(917~923호), 10~16층 (우아동3가)",35.8486729,127.1597283,35.8486104,127.1598734,15
모텔스카이,여관업,전북특별자치도 김제시 콩쥐팥쥐로 93-13 (순동),35.8086700,126.9148430,35.8087953,126.9147882,15
오마래 호텔,숙박업 기타,전북특별자치도 임실군 관촌면 춘향로 3726-4,35.6900620,127.2541168,35.6899411,127.2541837,15
홀리데이,숙박업(생활),전북특별자치도 무주군 설천면 외배방길 11,35.9084650,127.7586418,35.9085114,127.7584888,15
드라이브인무인텔짝,숙박업 기타,"전북특별자치도 전주시 덕진구 산정2길 30, 1,2,3층 (산정동)",35.8388970,127.1682786,35.8387823,127.1683595,15
대성모텔,여관업,"전북특별자치도 고창군 해리면 구동호1길 26-1, 선창모텔",35.5183935,126.4847702,35.5184698,126.4849027,15
이카로스,여관업,전북특별자치도 전주시 덕진구 용산2길 20 (금암동),35.8353563,127.1318701,35.8352642,127.1317537,15
백제호텔,여관업,전북특별자치도 부안군 부안읍 동중1길 18,35.7284722,126.7357137,35.7283513,126.7357777,15
라온펜션호텔,일반호텔,전북특별자치도 군산시 가도안1길 47 (오식도동),35.9465476,126.5618453,35.9464163,126.5618549,15
타임모텔,여관업,전북특별자치도 김제시 콩쥐팥쥐로 103 (순동),35.8092638,126.9156691,35.8091875,126.9155406,14
하나원리조트,숙박업(생활),전북특별자치도 완주군 운주면 금고당로 902,36.0383488,127.3422471,36.0384628,127.3423218,14
호텔와인,숙박업 기타,전북특별자치도 완주군 상관면 춘향로 4357,35.7398954,127.2226898,35.7400090,127.2226156,14
힐링카운티 7동,숙박업(생활),전북특별자치도 고창군 고창읍 석정2로 207-49,35.4312188,126.7445066,35.4310958,126.7445506,14
힐링카운티 1동,숙박업(생활),전북특별자치도 고창군 고창읍 석정2로 207-49,35.4312188,126.7445066,35.4310958,126.7445506,14
서림연가,숙박업(생활),전북특별자치도 무주군 설천면 원삼공2길 25,35.9088143,127.7810873,35.9088834,127.7809540,14
마리호텔,여관업,전북특별자치도 전주시 덕진구 용산3길 21 (금암동),35.8360323,127.1333309,35.8361265,127.1332239,14
럭스모텔,여관업,전북특별자치도 고창군 흥덕면 선운대로 3813-1,35.5226554,126.7076648,35.5227320,126.7075391,14
하운드호텔전주아중지구,여관업,전북특별자치도 전주시 덕진구 산정3길 19-2 (산정동),35.8383757,127.1692311,35.8382675,127.1693130,14
원창해넘이빌리지,여관업,전북특별자치도 부안군 변산면 변산해변로 188,35.6399338,126.4671157,35.6399002,126.4669660,14
글로스터호텔 전주,일반호텔,전북특별자치도 전주시 완산구 팔달로 227 (고사동),35.8223488,127.1449561,35.8222232,127.1449719,14
제일산장,숙박업(생활),전북특별자치도 무주군 설천면 구천동1로 156,35.9000334,127.7756760,35.8999111,127.7757143,14
무주오페라복층펜션&키즈풀빌라,숙박업(생활),전북특별자치도 무주군 설천면 보안길 16-7 (A동 B동 C동 1-2층),35.9099750,127.7762349,35.9100098,127.7760865,14
반딧불이펜션,숙박업 기타,전북특별자치도 무주군 설천면 구천동로 900-19 ((1~2층)),35.9092315,127.7764422,35.9091647,127.7763121,14
모텔심포장,여관업,전북특별자치도 김제시 진봉면 심포6길 89-13,35.8554577,126.7046567,35.8553444,126.7047194,14
링스호텔 장미점,일반호텔,전북특별자치도 군산시 장미1길 23 (장미동),35.9872436,126.7149213,35.9872637,126.7150722,14
모텔은 문화다,여관업,"전북특별자치도 익산시 인북로4길 47, 1~5층 (인화동2가)",35.9295250,126.9545786,35.9295724,126.9547197,14
아리울파크,여관업,전북특별자치도 부안군 변산면 격포항길 5,35.6248196,126.4719094,35.6247586,126.4717773,14
리틀프로방스(아랫마을),숙박업 기타,전북특별자치도 무주군 설천면 구천동로 930-14,35.9078818,127.7726703,35.9079606,127.7727875,14
호텔시그니처,여관업,"전북특별자치도 전주시 완산구 한두평4길 5-4 (중화산동2가,외1필지)",35.8160667,127.1238947,35.8159436,127.1239044,14
썸 드라이브인 호텔,여관업,전북특별자치도 부안군 진서면 곰소항길 22-46,35.5882693,126.6031172,35.5883875,126.6031600,14
남원호텔,일반호텔,전북특별자치도 남원시 주천면 정령치로 122-11,35.3902572,127.4494521,35.3903788,127.4494746,14
CF 모텔,여관업,전북특별자치도 김제시 벽지산로 231-1 (교동),35.7962638,126.8772842,35.7963396,126.8771668,14
(주)엘리스테이,숙박업(생활),전북특별자치도 정읍시 서당길 14 (신정동),35.5058062,126.8599209,35.5056920,126.8599693,13
박카스모텔,여관업,전북특별자치도 군산시 대야면 석화로 8,35.9458496,126.8118164,35.9458555,126.8119654,13
알프스산장,여관업,전북특별자치도 진안군 주천면 동상주천로 1800,35.9797384,127.3968424,35.9796182,127.3968553,13
H 호텔,여관업,전북특별자치도 정읍시 중앙로 199 (시기동),35.5637391,126.8596173,35.5636210,126.8596433,13
낙원모텔,여관업,전북특별자치도 전주시 완산구 전주객사3길 74-38 (고사동),35.8204115,127.1426939,35.8203927,127.1428381,13
Irvine(어바인),숙박업(생활),전북특별자치도 부안군 변산면 채석강길 6-1,35.6276125,126.4722835,35.6277302,126.4722979,13
세원모텔,여관업,전북특별자치도 전주시 완산구 전주객사3길 46-41 (고사동),35.8200187,127.1426928,35.8199051,127.1426555,13
신라여관,여관업,전북특별자치도 김제시 동헌3길 18 (요촌동),35.7998814,126.8837363,35.7998691,126.8838787,13
브라운도트호텔 전주중화산점,여관업,전북특별자치도 전주시 완산구 한두평2길 14-6 (중화산동2가),35.8131645,127.1242992,35.8132805,127.1242952,13
큐드라이브인무인텔1,여관업,전북특별자치도 김제시 진남길 19 (연정동),35.7970008,126.8653881,35.7970116,126.8652459,13
어이 모텔(여관),숙박업 기타,전북특별자치도 완주군 상관면 춘향로 4358,35.7402007,127.2237530,35.7401176,127.2238522,13
그란호텔,일반호텔,전북특별자치도 군산시 대명길 14-5 (대명동),35.9774557,126.7237626,35.9775643,126.7237139,13
호텔석정힐,여관업,전북특별자치도 고창군 고창읍 방장로 12,35.4220809,126.7411855,35.4221910,126.7412264,13
필모텔,여관업,전북특별자치도 군산시 임피면 임피2길 60,35.9851940,126.8524822,35.9851916,126.8523401,13
파라다이스장여관,여관업,전북특별자치도 익산시 익산대로2길 23 (인화동1가),35.9316696,126.9464689,35.9317217,126.9465947,13
옥정호모텔,여관업,전북특별자치도 임실군 운암면 종운로 981,35.6084102,127.1055523,35.6082988,127.1055211,13
부안트리호텔,숙박업 기타,전북특별자치도 부안군 부안읍 동중1길 9-8,35.7292196,126.7359829,35.7292175,126.7361235,13
하운드호텔,일반호텔,전북특별자치도 군산시 평화길 123-5 (장미동),35.9870114,126.7161806,35.9870783,126.7162946,13
고향여인숙,여인숙업,전북특별자치도 부안군 부안읍 매산길 8-9,35.7277993,126.7346292,35.7276952,126.7345722,13
그랜드장,여관업,전북특별자치도 진안군 진안읍 대광길 108,35.7852098,127.4161276,35.7852092,127.4159872,13
산바다펜션,숙박업 기타,전북특별자치도 부안군 변산면 궁항영상길 36,35.6063141,126.4680229,35.6063964,126.4681181,13
모텔 아모르,여관업,"전북특별자치도 정읍시 연지시장1길 22 (연지동, 322-9)",35.5746027,126.8455405,35.5745749,126.8454062,13
별의궁전,여관업,전북특별자치도 군산시 임피면 호원대2길 11-8,35.9587054,126.8709809,35.9586603,126.8708534,13
방장산펜션모텔,숙박업 기타,전북특별자치도 정읍시 입암면 정읍남로 241-12,35.4835926,126.7827002,35.4836085,126.7828370,13
그린파크장,여관업,전북특별자치도 완주군 봉동읍 봉동로 48-12,35.9295281,127.1685820,35.9294878,127.1687113,12
감스테이,일반호텔,전북특별자치도 전주시 덕진구 산정3길 30 (산정동),35.8391868,127.1693988,35.8391433,127.1692712,12
마리호텔 경장점,일반호텔,전북특별자치도 군산시 백릉안5길 58 (경장동),35.9705278,126.7321670,35.9704211,126.7321270,12
제이텔,여관업,전북특별자치도 익산시 익산대로2길 48 (인화동1가),35.9307178,126.9488725,35.9307676,126.9489954,12
꿈속모텔,여관업,전북특별자치도 익산시 배산로6길 15-2 (모현동1가),35.9430085,126.9397589,35.9430406,126.9396279,12
정인모텔,여관업,전북특별자치도 정읍시 정읍사로 480 (신월동),35.5455649,126.8615751,35.5455858,126.8617088,12
명동파크,여관업,전북특별자치도 순창군 복흥면 추령로 1792-19,35.4786276,126.9279538,35.4785906,126.9280818,12
해태장여관,여관업,전북특별자치도 군산시 소룡1길 59 (소룡동),35.9735469,126.6768861,35.9734409,126.6769180,12
서남파크,여관업,전북특별자치도 남원시 춘향로 518 (광치동),35.4539747,127.3705311,35.4538984,127.3706264,12
지중해무인텔,여관업,전북특별자치도 군산시 경포천서길 25 (경암동),35.9763295,126.7255819,35.9762581,126.7256820,12
구시포풀빌라&글램핑,숙박업(생활),전북특별자치도 고창군 상하면 진암구시포로 547-23,35.4437362,126.4350343,35.4436430,126.4351010,12
쇼펠리스,여관업,전북특별자치도 익산시 인북로1길 2 (인화동1가),35.9304054,126.9492210,35.9303052,126.9491741,12
월드콘도,숙박업(생활),전북특별자치도 무주군 설천면 내배방길 13,35.9115985,127.7568629,35.9115052,127.7567992,12
골든비모텔,여관업,전북특별자치도 군산시 칠성6길 192 (소룡동),35.9723558,126.6794080,35.9722854,126.6793090,12
덕유산의 풍경 펜션,숙박업 기타,전북특별자치도 무주군 설천면 구천동1로 20-6 (외3필지),35.9062091,127.7789349,35.9062272,127.7790646,12
아이리스 펜션,숙박업(생활),전북특별자치도 무주군 설천면 구천동로 930-12,35.9086080,127.7745202,35.9087115,127.7744893,12
소리섬,여관업,전북특별자치도 부안군 변산면 궁항영상길 72-9,35.6089892,126.4669402,35.6090911,126.4669771,12
로얄파크장여관,여관업,"전북특별자치도 고창군 대산면 대산길 24, 로얄모텔",35.3425470,126.6045565,35.3425935,126.6044396,12
신로얄 모텔,여관업,전북특별자치도 군산시 소룡1길 61 (소룡동),35.9736179,126.6769958,35.9735168,126.6770349,12
힐링카운티 16동,숙박업(생활),전북특별자치도 고창군 고창읍 석정2로 233-37,35.4325075,126.7459714,35.4325218,126.7461001,12
신라스테이 전주,일반호텔,"전북특별자치도 전주시 완산구 현무1길 10, 1층~10층 (경원동3가)",35.8196914,127.1485426,35.8197173,127.1486691,12
쿡1포레나,여관업,전북특별자치도 김제시 하정로 31 (흥사동),35.8380222,126.9055118,35.8379725,126.9056264,12
프린스모텔,여관업,전북특별자치도 정읍시 내장산로 915-8 (내장동),35.4951888,126.9273325,35.4951919,126.9274618,12
덕유산펜션,여관업,전북특별자치도 무주군 설천면 구천동1로 144,35.8990163,127.7757486,35.8989114,127.7757586,12
그린나래,여관업,전북특별자치도 순창군 복흥면 추령로 1740-5,35.4739379,126.9271117,35.4739067,126.9272350,12
스테이(B),숙박업 기타,전북특별자치도 남원시 산내면 천왕봉로 528,35.4304255,127.6161500,35.4303505,127.6160603,12
라베호텔,숙박업 기타,전북특별자치도 정읍시 명덕로 57 (연지동),35.5760384,126.8454011,35.5760421,126.8452729,12
글로리즈,숙박업(생활),전북특별자치도 부안군 변산면 변산해변로 796,35.6646911,126.5136404,35.6646514,126.5135220,12
아트무인텔,여관업,전북특별자치도 군산시 백릉안1길 21 (경장동),35.9703499,126.7311063,35.9703958,126.7309912,12
유명여인숙,여인숙업,전북특별자치도 전주시 완산구 풍남문5길 6 (전동3가),35.8131643,127.1431345,35.8132441,127.1432162,12
로얄파크텔,여관업,전북특별자치도 순창군 구림면 회문산로 348,35.4846949,127.1353558,35.4846433,127.1354657,11
람세스모텔,여관업,전북특별자치도 남원시 충정로 233 (도통동),35.4239479,127.3945910,35.4239670,127.3947156,11
안녕노을,숙박업(생활),"전북특별자치도 부안군 변산면 변산해변로 29-7, 2층",35.6294922,126.4710039,35.6295951,126.4710137,11
부안 더힐링휴 펜션,숙박업(생활),전북특별자치도 부안군 변산면 대항길 53,35.6877446,126.5358648,35.6876848,126.5357613,11
베스트하우스,숙박업(생활),전북특별자치도 전주시 덕진구 도당산로 65-6 (우아동3가),35.8474382,127.1568166,35.8474932,127.1569240,11
화이트모텔,여관업,전북특별자치도 진안군 주천면 동상주천로 1648,35.9807022,127.3828306,35.9807762,127.3829188,11
넥스텔 여관,여관업,"전북특별자치도 고창군 고창읍 월암수월길 112, 넥스텔",35.4312769,126.7215032,35.4312675,126.7216287,11
전주아리울사우나모텔,여관업,전북특별자치도 전주시 덕진구 가리내로 29-2 (금암동),35.8338232,127.1327885,35.8338139,127.1326624,11
북부장여관,여관업,전북특별자치도 익산시 인북로11길 4-1 (남중동),35.9529021,126.9584001,35.9528416,126.9585025,11
준 드라이브인 무인텔1,여관업,전북특별자치도 김제시 황산면 풍요로 516-9,35.7884558,126.9556153,35.7885526,126.9555746,11
삼익모텔,여관업,전북특별자치도 남원시 향단로 24-1 (쌍교동),35.4054618,127.3826074,35.4054627,127.3827324,11
캐슬무인호텔,숙박업 기타,전북특별자치도 정읍시 내장산로 104 (금붕동),35.5478433,126.8798806,35.5479345,126.8798248,11
(유)이율에너지 명품무인텔,여관업,전북특별자치도 익산시 인북로6길 19 (인화동1가),35.9308032,126.9518412,35.9308148,126.9519657,11
하운드호텔 B동,일반호텔,전북특별자치도 군산시 평화길 123-3 (장미동),35.9870608,126.7164363,35.9871196,126.7165382,11
에이치에비뉴,일반호텔,"전북특별자치도 전주시 덕진구 산정2길 6-4 (산정동,외 1필지(874-3))",35.8370336,127.1700234,35.8370718,127.1701391,11
유성여인숙,여인숙업,전북특별자치도 정읍시 명덕로 36 (연지동),35.5744503,126.8439429,35.5744083,126.8440561,11
폴라리스,여관업,전북특별자치도 군산시 임피면 임피2길 36,35.9846918,126.8498110,35.9846466,126.8499226,11
미 무인호텔,여관업,전북특별자치도 임실군 관촌면 춘향로 3076-44,35.6435281,127.2847408,35.6434364,127.2846898,11
호텔 비타민,일반호텔,전북특별자치도 군산시 비응남1길 21 (비응도동),35.9383132,126.5270580,35.9382283,126.5271245,11
아라쉼 펜션,숙박업(생활),전북특별자치도 부안군 변산면 변산로 2136-5,35.6752818,126.5298974,35.6753821,126.5298985,11
채석강 비치호텔,일반호텔,전북특별자치도 부안군 변산면 채석강길 19,35.6273908,126.4702886,35.6274445,126.4701845,11
필무인텔,여관업,전북특별자치도 정읍시 북면 정읍북로 426,35.5992156,126.8835225,35.5991589,126.8836239,11
모텔 스테이,여관업,전북특별자치도 순창군 순창읍 장류로 250-16,35.3720234,127.1306670,35.3719580,127.1305746,11
호텔 아이콘,일반호텔,전북특별자치도 군산시 백릉안1길 15 (경장동),35.9698761,126.7317735,35.9698094,126.7316820,11
나이스모텔,여관업,전북특별자치도 부안군 진서면 곰소윗길 77-18,35.5926045,126.6131240,35.5926312,126.6130060,11
무주오리펜션,여관업,전북특별자치도 무주군 설천면 구천동로 1051,35.9068187,127.7609311,35.9067210,127.7609510,11
힐링 스테이,여관업,전북특별자치도 완주군 구이면 덕골길 11,35.6557030,127.1092842,35.6556568,127.1093917,11
맨하탄 모텔,여관업,전북특별자치도 순창군 순창읍 대동로 41,35.3668091,127.1457410,35.3668421,127.1456273,11
박군,숙박업(생활),전북특별자치도 고창군 상하면 장산길 20,35.4427053,126.4718762,35.4426479,126.4717783,11
변산쉴만한물가펜션,숙박업(생활),전북특별자치도 부안군 변산면 지서로 30,35.6675448,126.5302538,35.6675112,126.5303673,11
무주펜션 꿈꾸는 나무별,숙박업(생활),전북특별자치도 무주군 설천면 구천동1로 135-21,35.8991180,127.7745384,35.8991892,127.7744551,11
소풍모텔,여관업,전북특별자치도 김제시 금구면 월전1길 24-7,35.7781880,127.0308901,35.7782608,127.0309707,11
MJ모텔,숙박업 기타,"전북특별자치도 무주군 무주읍 한풍루로 323, 2층, 3층",36.0043453,127.6611295,36.0043378,127.6612500,11
힐링카운티 200동,숙박업(생활),전북특별자치도 고창군 고창읍 석정2로 233-47,35.4329891,126.7460641,35.4330685,126.7461337,11
덕화리버사이드모텔,여관업,전북특별자치도 무주군 무주읍 당산강변로 146,36.0034296,127.6574428,36.0035129,127.6575052,11
다다호스텔,숙박업(생활),"전북특별자치도 전주시 완산구 전주객사2길 37, 3층~4층 (다가동3가)",35.8183611,127.1403901,35.8184094,127.1404944,11
무등파크장,여관업,"전북특별자치도 정읍시 순정로 2214, 무등모텔 (부전동)",35.5283807,126.8966606,35.5284626,126.8965962,11
호텔아리아,여관업,전북특별자치도 전주시 덕진구 산정1길 12-4 (산정동),35.8371030,127.1691807,35.8371829,127.1691127,11
백암레져,숙박업 기타,전북특별자치도 무주군 설천면 만선로 32,35.9104638,127.7560134,35.9103673,127.7560005,11
벽골제모텔,여관업,전북특별자치도 김제시 만경로 23 (서암동),35.8090767,126.8722157,35.8090390,126.8721055,11
째즈 호텔,여관업,전북특별자치도 완주군 봉동읍 둔산2로 33-4,35.9586059,127.1227774,35.9585110,127.1227585,11
청수장모텔,여관업,전북특별자치도 임실군 임실읍 봉황8길 6,35.6149220,127.2811658,35.6149969,127.2812398,11
호텔야자전주터미널점,여관업,전북특별자치도 전주시 덕진구 용산2길 13 (금암동),35.8359560,127.1317484,35.8359159,127.1316415,11
국사봉모텔,여관업,전북특별자치도 임실군 운암면 국사봉로 779,35.6414278,127.1530865,35.6414982,127.1531643,11
BB호텔,여관업,전북특별자치도 군산시 현충로 88 (나운동),35.9630108,126.6896094,35.9629800,126.6894992,10
유어홈스윗홈인전주(Your Home Sweet Home in Jeonju),여관업,전북특별자치도 전주시 완산구 충경로 1 (다가동3가),35.8168025,127.1397401,35.8167112,127.1397680,10
힐모텔,여관업,전북특별자치도 고창군 고창읍 고인돌대로 1953,35.4535177,126.6950767,35.4535383,126.6949643,10
명품 무인 호텔,일반호텔,전북특별자치도 완주군 소양면 상관소양로 1100-11,35.8412223,127.2737849,35.8412466,127.2738966,10
모텔소풍,여관업,전북특별자치도 정읍시 연지시장2길 25 (연지동),35.5740753,126.8459906,35.5740043,126.8459155,10
로얄파크장여관,여관업,전북특별자치도 순창군 복흥면 추령로 1736-7,35.4736646,126.9272097,35.4735943,126.9272849,10
영월여인숙,여인숙업,전북특별자치도 익산시 익산대로 196 (창인동1가),35.9434590,126.9487272,35.9434203,126.9488319,10
서울여인숙,여인숙업,전북특별자치도 익산시 익산대로 196 (창인동1가),35.9434590,126.9487272,35.9434203,126.9488319,10
호텔아이,일반호텔,전북특별자치도 전주시 완산구 홍산북로 84 (효자동3가),35.8172916,127.1106726,35.8172978,127.1107869,10
변산장여관,여관업,전북특별자치도 부안군 행안면 변산로 64-6,35.7296209,126.7146027,35.7295289,126.7145865,10
더 쉼2(관광펜션),여관업,전북특별자치도 정읍시 첨단과학로 768 (쌍암동),35.5105714,126.8916040,35.5105758,126.8914903,10
아우백,여관업,전북특별자치도 김제시 금구면 봉두로 43,35.7740418,127.0068497,35.7740051,127.0069543,10
시고르펜션,숙박업(생활),"전북특별자치도 무주군 설천면 구천동로 844, 2층",35.9055532,127.7815151,35.9054807,127.7815851,10
가온리조트,숙박업(생활),전북특별자치도 부안군 변산면 변산우회길 3-16,35.6781420,126.5313922,35.6780972,126.5314909,10
대산모텔,여관업,"전북특별자치도 고창군 대산면 대산길 6, 대산모텔",35.3420898,126.6064721,35.3421121,126.6063643,10
파라다이스호텔,일반호텔,전북특별자치도 군산시 조촌1길 21 (경장동),35.9691799,126.7338203,35.9691301,126.7337270,10
광은장 여관,여인숙업,전북특별자치도 남원시 광한북로 106-1 (동충동),35.4119163,127.3820767,35.4118676,127.3821702,10
가든장 여관,여관업,"전북특별자치도 고창군 고창읍 중앙로 217-1, 가든모텔",35.4354758,126.6993448,35.4355135,126.6992446,10
문리버,숙박업(생활),전북특별자치도 무주군 무풍면 구천동로 289-4,35.8815887,127.8213791,35.8815131,127.8213192,10
파인트리하우스,숙박업(생활),전북특별자치도 무주군 설천면 구천동로 882,35.9083356,127.7789354,35.9084241,127.7789177,10
레이시모텔,여관업,전북특별자치도 정읍시 신태인읍 평화3길 70,35.6908538,126.8831509,35.6907643,126.8831524,10
타임(Time),일반호텔,전북특별자치도 군산시 소룡2길 41 (소룡동),35.9720654,126.6764784,35.9721531,126.6764943,10
해피트리 고사포 유한회사,숙박업(생활),전북특별자치도 부안군 변산면 노루목길 8-8,35.6638579,126.5104745,35.6638864,126.5103715,10
라이프펜션,숙박업(생활),전북특별자치도 무주군 설천면 내배방길 22-1,35.9125824,127.7570238,35.9126445,127.7569465,10
궁,여관업,전북특별자치도 군산시 서래내길 46 (경암동),35.9784422,126.7256491,35.9783728,126.7255818,10
킹무인호텔.모텔,숙박업 기타,전북특별자치도 남원시 주천면 원천로 345-60,35.4022714,127.4288805,35.4022709,127.4289881,10
목화장여관,여관업,전북특별자치도 김제시 동서3길 32 (요촌동),35.7990826,126.8836127,35.7989962,126.8836300,10
그랜드스키.그랜드모텔,여관업,전북특별자치도 무주군 설천면 만선로 74-1,35.9065960,127.7553035,35.9065870,127.7551962,10
팰리스,여관업,전북특별자치도 익산시 인북로4길 22 (인화동1가),35.9299492,126.9517031,35.9300239,126.9517588,10
설국,숙박업(생활),전북특별자치도 무주군 설천면 원삼공2길 9-7,35.9080272,127.7803199,35.9081034,127.7802673,10
로망,여관업,전북특별자치도 익산시 인북로2길 6 (인화동1가),35.9296386,126.9498005,35.9296163,126.9499047,10
에이치에비뉴 중화산점,여관업,전북특별자치도 전주시 완산구 어은로 12-4 (중화산동2가),35.8162803,127.1241507,35.8163664,127.1241684,10
애플 모텔,여관업,전북특별자치도 정읍시 연지1길 56 (연지동),35.5735711,126.8448503,35.5736565,126.8448708,10
지리산월광모텔,여관업,전북특별자치도 남원시 산내면 천왕봉로 628,35.4244799,127.6235922,35.4244002,127.6235499,10
리베라모텔,여관업,전북특별자치도 임실군 운암면 강운로 1281,35.6086387,127.1062005,35.6086534,127.1060954,10
뉴꿈의궁전모텔,여관업,전북특별자치도 전주시 덕진구 용산3길 12-5 (금암동),35.8361591,127.1321873,35.8362388,127.1321455,10
청암스테이,일반호텔,"전북특별자치도 군산시 옥산면 대려2길 16, 1층",35.9354943,126.7441638,35.9355029,126.7440578,10
드라이브인무인텔풍,여관업,전북특별자치도 군산시 가도안1길 67 (오식도동),35.9467728,126.5640886,35.9466869,126.5640959,10
에이치에비뉴전주터미널점,여관업,"전북특별자치도 전주시 덕진구 용산3길 12 (금암동,외1필지)",35.8366070,127.1321830,35.8365883,127.1320794,10
모텔탑,여관업,전북특별자치도 김제시 콩쥐팥쥐로 95-29 (순동),35.8095195,126.9154527,35.8095097,126.9153476,10
이화 모텔,여관업,전북특별자치도 완주군 삼례읍 동학로 36-9,35.9109026,127.0756172,35.9109535,127.0757023,10
싸이버모텔,여관업,전북특별자치도 군산시 조촌안5길 54-4 (경장동),35.9709847,126.7336034,35.9709874,126.7337090,10
마이 휴 스테이,숙박업(생활),전북특별자치도 진안군 진안읍 대광길 110,35.7849734,127.4161477,35.7850073,127.4160519,9
에꼬빌(꽃도라지동),숙박업(생활),전북특별자치도 무주군 설천면 구천동로 954-17,35.9072620,127.7713625,35.9073452,127.7713437,9
호텔 위더스,일반호텔,전북특별자치도 군산시 비응남1길 13 (비응도동),35.9376908,126.5265543,35.9377635,126.5265011,9
목화장여관,여관업,전북특별자치도 군산시 구영3길 71 (신창동),35.9879049,126.7085616,35.9878311,126.7086114,9
힐링카운티 9동,숙박업(생활),전북특별자치도 고창군 고창읍 석정2로 207-46,35.4315521,126.7447889,35.4316257,126.7447396,9
제이메이트,여관업,"전북특별자치도 전주시 완산구 홍산북로 60-12, 2~5층 (효자동3가)",35.8170692,127.1079872,35.8170370,127.1078923,9
스테이리조트,숙박업(생활),전북특별자치도 부안군 변산면 변산해변로 799-53,35.6682010,126.5165693,35.6681673,126.5166625,9
중앙장여관,여관업,전북특별자치도 군산시 중앙로 29 (대명동),35.9772788,126.7219629,35.9772258,126.7220412,9
바다호텔,일반호텔,전북특별자치도 부안군 변산면 채석강길 38,35.6270518,126.4689624,35.6270821,126.4690568,9
현대모텔,여관업,"전북특별자치도 부안군 부안읍 동중1길 26-8 (,134-9)",35.7277780,126.7358288,35.7278474,126.7357751,9
Hotel 174,여관업,전북특별자치도 익산시 인북로1길 25 (인화동1가),35.9304045,126.9466002,35.9303648,126.9465117,9
마이산 콘도 빌,숙박업(생활),전북특별자치도 진안군 진안읍 마이산로 263,35.7655801,127.4157312,35.7655988,127.4158294,9
한일파크여관,여관업,전북특별자치도 남원시 용성로 112-1 (죽항동),35.4094370,127.3886171,35.4093896,127.3885357,9
W모텔,여관업,전북특별자치도 군산시 서래내길 26 (경암동),35.9766210,126.7255306,35.9766237,126.7256313,9
알바트로스,여관업,전북특별자치도 군산시 경암1길 13 (경장동),35.9734429,126.7274992,35.9733624,126.7274842,9
노리터 콘도,숙박업(생활),전북특별자치도 무주군 설천면 내배방길 9,35.9114330,127.7571042,35.9114286,127.7570040,9
하센호텔,여관업,전북특별자치도 군산시 백릉안5길 59 (경장동),35.9703833,126.7325702,35.9703027,126.7325612,9
카도스테이,숙박업(생활),"전북특별자치도 군산시 구영4길 33, 2층 (영화동)",35.9896312,126.7101417,35.9896936,126.7100785,9
good(굿) 모텔,여관업,전북특별자치도 부안군 진서면 곰소윗길 77-20,35.5927656,126.6132503,35.5927917,126.6131566,9
제이엔케이(JNK),일반호텔,전북특별자치도 군산시 백릉안1길 20 (경장동),35.9703982,126.7316144,35.9704097,126.7315170,9
N파크,여관업,전북특별자치도 익산시 배산로6길 29-1 (모현동1가),35.9423932,126.9412408,35.9424577,126.9411830,9
한마음,숙박업(생활),전북특별자치도 무주군 설천면 외배방길 21,35.9088859,127.7576116,35.9088128,127.7575724,9
투헤븐호텔,여관업,"전북특별자치도 전주시 덕진구 용산2길 7 (금암동,외 1필지)",35.8363178,127.1314035,35.8362692,127.1313256,9
채석강그랜드모텔,여관업,전북특별자치도 부안군 변산면 채석강길 7,35.6269619,126.4719136,35.6270405,126.4719295,9
타임,여관업,전북특별자치도 전주시 완산구 홍산북로 46-5 (효자동3가),35.8170701,127.1071643,35.8170702,127.1070662,9
썬모텔,여관업,전북특별자치도 김제시 진남길 16-9 (연정동),35.7962801,126.8648849,35.7962918,126.8649817,9
스위스모텔,여관업,전북특별자치도 정읍시 명륜길 9-5 (수성동),35.5704540,126.8503339,35.5705073,126.8504059,9
고산스테이,숙박업(생활),"전북특별자치도 완주군 고산면 송학길 10, 2층",35.9774418,127.2237816,35.9774837,127.2238645,9
메이호텔,여관업,전북특별자치도 군산시 부곡4길 18-1 (나운동),35.9623390,126.6905430,35.9622715,126.6904923,9
쏠모텔,일반호텔,전북특별자치도 군산시 상나운3길 11 (나운동),35.9636432,126.6920343,35.9636182,126.6919416,9
산새소리,숙박업(생활),전북특별자치도 무주군 설천면 구천동1로 135-13,35.8986257,127.7745024,35.8985579,127.7744523,9
오아시스호텔,여관업,전북특별자치도 전주시 완산구 천경로 38 (동서학동),35.8097734,127.1534789,35.8098079,127.1535661,9
드라마모텔,여관업,전북특별자치도 익산시 금마면 향산길 7,36.0094721,127.0191918,36.0094959,127.0190994,9
몽블랑여관,여관업,전북특별자치도 무주군 무풍면 구천동로 521,35.9006060,127.8135850,35.9006066,127.8136816,9
알리앙스호텔,여관업,전북특별자치도 익산시 인북로4길 53 (인화동2가),35.9293212,126.9552912,35.9293620,126.9553735,9
지리산 산마루힐링센터,여관업,"전북특별자치도 남원시 주천면 운봉로 119, 주1동 1~3층",35.3946219,127.5048285,35.3946835,127.5048870,9
애드가모텔,여관업,전북특별자치도 임실군 오수면 오수7길 60-4,35.5387570,127.3265822,35.5386816,127.3266058,9
서래원모텔,여관업,전북특별자치도 정읍시 첨단과학로 766 (쌍암동),35.5107138,126.8911303,35.5106569,126.8910655,9
그린파크장여관,여관업,"전북특별자치도 고창군 고창읍 화신1길 23, 그린파크장",35.4363531,126.6950328,35.4363497,126.6949379,9
소울모텔,여관업,"전북특별자치도 전주시 덕진구 아중4길 14-9 (우아동2가,외1필지)",35.8311344,127.1731442,35.8310610,127.1731730,9
금영여인숙,여인숙업,전북특별자치도 남원시 용성로 102-5 (죽항동),35.4091953,127.3879236,35.4092026,127.3878296,9
이레 스테이,숙박업(생활),전북특별자치도 정읍시 용산호반길 26-4 (신정동),35.5057205,126.8538487,35.5057972,126.8538443,9
보엠,숙박업(생활),전북특별자치도 완주군 상관면 춘향로 4355,35.7395288,127.2229110,35.7394603,127.2229537,9
보헤미안,숙박업 기타,"전북특별자치도 완주군 상관면 춘향로 4355, 2층",35.7395288,127.2229110,35.7394603,127.2229537,9
추령스테이,숙박업 기타,"전북특별자치도 순창군 복흥면 추령로 1736-3, 2-3층",35.4736460,126.9268805,35.4735971,126.9269530,9
강선달힐링센터,숙박업(생활),전북특별자치도 고창군 상하면 구시포해변길 160-3,35.4443445,126.4412982,35.4443363,126.4413916,9
위즈,여관업,전북특별자치도 김제시 동서1길 14 (옥산동),35.7973917,126.8813593,35.7973928,126.8814533,8
강천산 붐 모텔,여관업,전북특별자치도 순창군 팔덕면 강천산길 88,35.4089371,127.0687232,35.4089756,127.0686428,8
하늘채,숙박업(생활),전북특별자치도 무주군 설천면 내배방길 8-1,35.9117387,127.7579357,35.9117695,127.7578501,8
알프스산장모텔,여관업,전북특별자치도 정읍시 내장산로 915-16 (내장동),35.4955208,126.9278043,35.4955932,126.9278320,8
클레오파트라모텔,여관업,전북특별자치도 익산시 목천로1길 12-16 (인화동1가),35.9309698,126.9466574,35.9309458,126.9467461,8
샵,여관업,전북특별자치도 익산시 인북로6길 28 (인화동2가),35.9301417,126.9527006,35.9302167,126.9527126,8
무주조은펜션,숙박업(생활),전북특별자치도 무주군 설천면 구천동1로 135-5,35.8980158,127.7749846,35.8979508,127.7750287,8
역전여인숙,여인숙업,전북특별자치도 군산시 대명3길 11 (대명동),35.9805902,126.7203405,35.9806641,126.7203439,8
지리산 뱀사골 리움펜션,숙박업(생활),"전북특별자치도 남원시 산내면 지리산로 829, 1-2동",35.3763973,127.5804613,35.3764554,127.5804055,8
써미트스테이,일반호텔,전북특별자치도 전주시 덕진구 정언신로 186 (우아동2가),35.8317370,127.1735881,35.8317347,127.1736791,8
큐모텔,여관업,전북특별자치도 완주군 봉동읍 봉동로 133-5,35.9368947,127.1675081,35.9368753,127.1674202,8
편지무인모텔,여관업,전북특별자치도 부안군 변산면 격포로 133,35.6288570,126.4753756,35.6288097,126.4754453,8
무주아일랜드,숙박업(생활),전북특별자치도 무주군 설천면 외배방길 16 (외 1필지),35.9088476,127.7580758,35.9087946,127.7581390,8
스노우밸리,숙박업(생활),전북특별자치도 무주군 설천면 만선로 36-37,35.9091425,127.7545748,35.9091793,127.7546535,8
오성모텔,여관업,전북특별자치도 김제시 만경로 45 (서암동),35.8103946,126.8710353,35.8104216,126.8709509,8
카나리아,여관업,전북특별자치도 군산시 조촌안5길 43 (경장동),35.9717168,126.7341159,35.9717673,126.7340498,8
메이드호텔,일반호텔,전북특별자치도 전주시 덕진구 산정2길 12-8 (산정동),35.8372785,127.1698376,35.8373324,127.1697761,8
지평선모텔,여관업,전북특별자치도 김제시 만경로 21 (서암동),35.8089663,126.8725002,35.8089195,126.8725697,8
호텔야자,일반호텔,"전북특별자치도 전주시 완산구 전주객사5길 64-4 (고사동,.13)",35.8208672,127.1453293,35.8209286,127.1452804,8
장미모텔,여인숙업,전북특별자치도 남원시 봉당길 13-9 (동충동),35.4122508,127.3831618,35.4122355,127.3830741,8
호텔서동스테이,여관업,전북특별자치도 익산시 배산로6길 25 (모현동1가),35.9427148,126.9407004,35.9426423,126.9406897,8
변산리조트,숙박업(생활),전북특별자치도 부안군 변산면 격포로 453-10,35.6057988,126.4854409,35.6057311,126.4854741,8
여림재펜션,숙박업(생활),전북특별자치도 완주군 상관면 죽림편백길 96,35.7442572,127.2118035,35.7443173,127.2117530,8
비채호텔,일반호텔,전북특별자치도 전주시 덕진구 아중4길 14 (우아동2가),35.8306417,127.1739369,35.8306197,127.1738523,8
디드라이브인무인텔,여관업,전북특별자치도 전주시 덕진구 아중2길 10-5 (우아동2가),35.8300791,127.1742340,35.8300113,127.1742627,8
큐드라이브인무인텔2,여관업,전북특별자치도 김제시 진남길 21 (연정동),35.7967149,126.8653117,35.7967624,126.8652456,8
동남장,여관업,전북특별자치도 부안군 변산면 격포항길 31,35.6233261,126.4710325,35.6233267,126.4711207,8
씨티보이원,숙박업 기타,전북특별자치도 전주시 덕진구 아중4길 19-3 (우아동2가),35.8300538,127.1734960,35.8299880,127.1735307,8
찜,여관업,전북특별자치도 김제시 콩쥐팥쥐로 95-14 (순동),35.8088447,126.9152175,35.8088910,126.9151502,8
현대파크장,여관업,전북특별자치도 정읍시 중앙로 23-1 (연지동),35.5737682,126.8455348,35.5737756,126.8456222,8
뷰모텔,여관업,전북특별자치도 군산시 소룡1길 52 (소룡동),35.9726951,126.6763620,35.9726383,126.6763089,8
에이스무인텔,여관업,"전북특별자치도 군산시 조촌안5길 59 (경장동, 외 1필지)",35.9706378,126.7342210,35.9705668,126.7342231,8
호텔아지트 신시가지점,여관업,전북특별자치도 전주시 완산구 홍산북로 46-11 (효자동3가),35.8170698,127.1075206,35.8170742,127.1074333,8
위드유호텔(with u hotel),여관업,전북특별자치도 완주군 봉동읍 봉동로 105,35.9344168,127.1682481,35.9344251,127.1681614,8
제이제이리조트,숙박업(생활),전북특별자치도 부안군 변산면 궁항로 87,35.6038478,126.4747584,35.6038945,126.4748235,8
짝모텔,여관업,전북특별자치도 군산시 상나운3길 15 (나운동),35.9637790,126.6917631,35.9637543,126.6916814,8
다온펜션,숙박업(생활),전북특별자치도 무주군 무풍면 구천동로 323,35.8849963,127.8209744,35.8850644,127.8209957,8
보그모텔,여관업,전북특별자치도 고창군 흥덕면 부안로 27,35.5249270,126.7094695,35.5249606,126.7093937,8
스테이노트,숙박업(생활),"전북특별자치도 전주시 완산구 전라감영로 19-8, 1층~3층 (다가동1가)",35.8151689,127.1417011,35.8150994,127.1417129,8
GoGo 가즈아-텔 격포1호점,여관업,전북특별자치도 부안군 변산면 종암길 22,35.6359949,126.4804289,35.6360431,126.4803663,8
맨하탄모텔,여관업,전북특별자치도 익산시 배산로6길 21-1 (모현동1가),35.9428567,126.9405557,35.9429125,126.9406079,8
여지,여관업,전북특별자치도 전주시 완산구 팔달로 202-16 (경원동3가),35.8204486,127.1469689,35.8203788,127.1469639,8
뷰모텔,여관업,전북특별자치도 부안군 부안읍 동중1길 26-14,35.7276024,126.7356697,35.7275341,126.7356530,8
탑 클라우드호텔 군산,일반호텔,전북특별자치도 군산시 번영로 150-13 (경장동),35.9646766,126.7357634,35.9647461,126.7357662,8
금정모텔여관,여관업,"전북특별자치도 부안군 변산면 방파제길 33-1 (,302-42)",35.6247265,126.4705142,35.6246595,126.4705353,8
궁항리조트,숙박업(생활),전북특별자치도 부안군 변산면 궁항로 150-1,35.6041913,126.4701166,35.6042243,126.4701914,8
내변산,여관업,전북특별자치도 부안군 상서면 노적길 10-14,35.6587739,126.6141337,35.6588346,126.6140932,8
힐링카운티 17동,숙박업(생활),전북특별자치도 고창군 고창읍 석정2로 233-45,35.4327787,126.7458139,35.4328458,126.7457944,8
기린원,여관업,"전북특별자치도 전주시 덕진구 팔달로 330-16, 1,2,3층 (진북동)",35.8304400,127.1404887,35.8303765,127.1404567,8
하센히든호텔,여관업,전북특별자치도 전주시 덕진구 덕진연못2길 9-5 (덕진동1가),35.8459424,127.1217742,35.8458793,127.1218070,8
로그하우스펜션,숙박업(생활),"전북특별자치도 무주군 설천면 만선로 84, 2층",35.9060220,127.7551143,35.9059563,127.7551368,8
단체여행 참 편한 집,여관업,전북특별자치도 군산시 미원안길 38-6 (중앙로3가),35.9805088,126.7187168,35.9805391,126.7187923,8
에덴파크,여관업,전북특별자치도 정읍시 신태인읍 정신로 1170,35.6889634,126.8850434,35.6889202,126.8849787,8
샘물모텔,여관업,전북특별자치도 익산시 고봉로 306 (영등동),35.9592722,126.9714423,35.9592608,126.9715252,8
칸모텔,여관업,전북특별자치도 군산시 상나운3길 13 (나운동),35.9637253,126.6918703,35.9636838,126.6918038,8
귀빈펜션,숙박업 기타,전북특별자치도 무주군 설천면 구천동1로 135-7,35.8980111,127.7745040,35.8979439,127.7744925,8
전주마리호텔,여관업,전북특별자치도 전주시 덕진구 아중중앙로 26 (우아동2가),35.8305839,127.1721316,35.8306509,127.1721190,8
파크장선유동여관,여관업,전북특별자치도 순창군 복흥면 추령로 1706,35.4715519,126.9281507,35.4715781,126.9282275,8
마법의 성 펜션,숙박업(생활),전북특별자치도 무주군 설천면 내배방길 27-1,35.9127271,127.7557405,35.9127144,127.7556585,8
돈키호테,여관업,"전북특별자치도 전주시 덕진구 산정3길 17, 1-4층 (산정동)",35.8381309,127.1696746,35.8380829,127.1697328,7
해비치모텔,여관업,전북특별자치도 남원시 인월면 천왕봉로 52,35.4609235,127.6053516,35.4609301,127.6052694,7
로또모텔,숙박업 기타,"전북특별자치도 전주시 완산구 풍남문2길 121-28, 1층~2층 (다가동1가)",35.8140843,127.1425636,35.8141445,127.1425277,7
토토장여관,여관업,전북특별자치도 전주시 덕진구 가리내로 42-27 (금암동),35.8347347,127.1309922,35.8348011,127.1309842,7
아르코스파펜션,숙박업(생활),전북특별자치도 부안군 변산면 변산해변로 799-55,35.6683526,126.5166730,35.6683568,126.5167549,7
지리산 다온,숙박업(생활),"전북특별자치도 남원시 산내면 지리산로 827, 2-4층",35.3762264,127.5804434,35.3762229,127.5803620,7
솔호텔,여관업,전북특별자치도 전주시 덕진구 아중2길 22-4 (우아동2가),35.8295007,127.1733666,35.8294761,127.1732904,7
제이엔케이 호텔,여관업,전북특별자치도 군산시 백릉안1길 17 (경장동),35.9700548,126.7314328,35.9699906,126.7314536,7
아이엠티모텔,여관업,전북특별자치도 군산시 부곡3길 19 (나운동),35.9612670,126.6902763,35.9612333,126.6903470,7
위너스호텔,여관업,전북특별자치도 남원시 요천로 1559-3 (죽항동),35.4086511,127.3891597,35.4086445,127.3892407,7
(주)휴 파라다이스 무주지점,숙박업 기타,전북특별자치도 무주군 설천면 구천동로 924,35.9081018,127.7740907,35.9081588,127.7740493,7
헤라모텔,여관업,전북특별자치도 정읍시 관통로 27-53 (상동),35.5632522,126.8608932,35.5632573,126.8609743,7
전주호텔더빈센트,일반호텔,"전북특별자치도 전주시 완산구 전라감영로 76, 1층일부,2층~3층 (전동)",35.8156928,127.1474598,35.8157563,127.1474393,7
구천동펜션모텔,숙박업(생활),전북특별자치도 무주군 설천면 구천동로 1069,35.9081453,127.7597602,35.9081871,127.7596978,7
브라운도트호텔전주터미널점,여관업,전북특별자치도 전주시 덕진구 용산1길 12-4 (금암동),35.8349450,127.1299174,35.8349901,127.1299762,7
퀸모텔,여관업,전북특별자치도 군산시 상나운3길 17 (나운동),35.9638510,126.6916164,35.9638090,126.6915543,7
호텔춘향,일반호텔,전북특별자치도 남원시 소리길 114 (어현동),35.4057528,127.3889430,35.4057897,127.3888768,7
휠라파크장,여관업,전북특별자치도 김제시 금구면 봉두로 46-4,35.7736607,127.0075789,35.7736042,127.0075384,7
그린파크여관,여관업,전북특별자치도 군산시 부곡3길 19-3 (나운동),35.9613526,126.6904269,35.9613901,126.6903609,7
벨리노호텔,여관업,전북특별자치도 부안군 부안읍 번영로 76,35.7263576,126.7286589,35.7263419,126.7285810,7
스토리호텔,여관업,"전북특별자치도 전주시 덕진구 용산2길 8, 1동 (금암동)",35.8360063,127.1309527,35.8360619,127.1309942,7
임페리얼모텔,여관업,"전북특별자치도 전주시 덕진구 도당산3길 8-1 (우아동3가,,63)",35.8468026,127.1558174,35.8468126,127.1558964,7
강남여인숙,여인숙업,전북특별자치도 정읍시 명덕로 35-1 (연지동),35.5746645,126.8437265,35.5746063,126.8436918,7
쏘울모텔,여관업,전북특별자치도 전주시 덕진구 덕진연못2길 11 (덕진동1가),35.8459843,127.1223645,35.8460308,127.1224199,7
하운드전주아중지구,여관업,전북특별자치도 전주시 덕진구 산정2길 20 (산정동),35.8381380,127.1689088,35.8380832,127.1689507,7
유토피아모텔,여관업,전북특별자치도 김제시 금구면 구성길 738,35.7579239,127.0023433,35.7578600,127.0023331,7
지세븐(G7) 군산점,여관업,전북특별자치도 군산시 부곡3길 5-3 (나운동),35.9620106,126.6890794,35.9620731,126.6890609,7
The 리버사이드 호텔,여관업,전북특별자치도 익산시 평동로 786 (동산동),35.9267284,126.9647051,35.9266997,126.9647760,7
백암산장,여관업,전북특별자치도 무주군 설천면 구천동1로 129-22,35.8975774,127.7743877,35.8975268,127.7743388,7
쑈드라이브인모텔,여관업,전북특별자치도 전주시 덕진구 용산2길 10 (금암동),35.8360132,127.1311714,35.8359683,127.1312279,7
산여울,숙박업(생활),전북특별자치도 무주군 설천면 구천동1로 143,35.8989594,127.7752524,35.8989470,127.7751748,7
주식회사베스트웨스턴플러스전주호텔,숙박업(생활),"전북특별자치도 전주시 완산구 현무1길 41, 베스트웨스턴플러스 전주호텔 주건축물제1동 A동1층일부,2층일부(공동취사구역),3층~14층 (서노송동)",35.8224408,127.1470120,35.8224294,127.1469342,7
투썸스테이 서신점,여관업,전북특별자치도 전주시 완산구 여울로 31 (서신동),35.8359977,127.1200340,35.8359550,127.1200924,7
해금 모텔,여관업,전북특별자치도 익산시 인북로4길 30 (인화동2가),35.9297137,126.9527326,35.9296828,126.9528012,7
금오호텔,일반호텔,전북특별자치도 정읍시 중앙3길 11 (수성동),35.5674713,126.8545424,35.5674618,126.8544656,7
바라한호텔,일반호텔,전북특별자치도 전주시 덕진구 용산2길 17-5 (금암동),35.8360060,127.1320937,35.8359563,127.1321415,7
거기모텔(2),숙박업 기타,전북특별자치도 완주군 이서면 콩쥐팥쥐로 984-33,35.8178949,127.0082118,35.8178331,127.0081968,7
빨간지붕,여관업,전북특별자치도 무주군 설천면 내배방길 15-7,35.9117630,127.7562270,35.9117001,127.7562265,7
스테이 80 A,숙박업 기타,전북특별자치도 부안군 변산면 고사길 80,35.6547984,126.5094737,35.6548071,126.5093975,7
넘버25전주산정점,여관업,전북특별자치도 전주시 덕진구 산정3길 12 (산정동),35.8376915,127.1704684,35.8377468,127.1704327,7
우리장여관,여관업,전북특별자치도 군산시 대명1길 9 (중앙로2가),35.9823754,126.7186574,35.9823386,126.7185956,7
스페셜 호텔 펜션,여관업,전북특별자치도 부안군 진서면 곰소항길 22-23,35.5885882,126.6022885,35.5885270,126.6023008,7
모텔리베라,여관업,전북특별자치도 전주시 덕진구 도당산로 65-8 (우아동3가),35.8473804,127.1566541,35.8474259,127.1567062,7
윈드힐모텔,숙박업 기타,전북특별자치도 무주군 무풍면 오두재로 16,35.8891537,127.8215515,35.8891544,127.8214750,7
힐튼파크모텔,여관업,"전북특별자치도 고창군 흥덕면 잿말길 87-8, 힐튼파크",35.5277006,126.7061464,35.5277577,126.7061165,7
모텔 7,여관업,전북특별자치도 김제시 하정1길 42 (흥사동),35.8368342,126.9057322,35.8367873,126.9057822,7
브라운도트 부안변산점,여관업,전북특별자치도 부안군 부안읍 번영로 74,35.7263534,126.7283131,35.7263587,126.7283886,7
보보스모텔,여관업,전북특별자치도 정읍시 중앙로 14-1 (연지동),35.5742867,126.8444949,35.5742681,126.8444232,7
수채화산장,숙박업(생활),전북특별자치도 무주군 설천면 구천동1로 154,35.8997150,127.7757086,35.8997028,127.7757826,7
금오장여관,여관업,전북특별자치도 고창군 흥덕면 서이길 1-1,35.5191037,126.6989201,35.5191421,126.6989785,7
샾,여관업,전북특별자치도 전주시 덕진구 산정3길 22 (산정동),35.8386208,127.1697706,35.8386005,127.1697000,7
오렌지모텔,여관업,전북특별자치도 익산시 인북로6길 21-2 (인화동1가),35.9306104,126.9521751,35.9306710,126.9521788,7
메이드 호텔,여관업,전북특별자치도 남원시 소리길 110 (어현동),35.4054706,127.3886466,35.4055310,127.3886408,7
터미널여인숙,여인숙업,전북특별자치도 남원시 동부시장길 5-1 (동충동),35.4103479,127.3882883,35.4103027,127.3883377,7
스카이쑈원,여관업,전북특별자치도 전주시 덕진구 용산2길 11 (금암동),35.8360930,127.1314732,35.8361531,127.1314657,7
빛고을낙원산장,숙박업(생활),전북특별자치도 무주군 설천면 구천동1로 129-19,35.8970594,127.7746602,35.8970022,127.7746368,7
반도여인숙,여인숙업,"전북특별자치도 군산시 미원로 126-5, 반도여인숙 (장재동)",35.9795912,126.7187593,35.9795589,126.7188221,7
호텔케이,여관업,전북특별자치도 전주시 덕진구 용산2길 5 (금암동),35.8364303,127.1311017,35.8364904,127.1310980,7
노블,여관업,전북특별자치도 부안군 변산면 궁항로 54 (외4필지),35.6037870,126.4780381,35.6038329,126.4779902,7
명동산장펜션,숙박업(생활),전북특별자치도 정읍시 내장산로 941-14 (내장동),35.4930233,126.9297151,35.4929654,126.9297352,7
잠자리모텔,여관업,전북특별자치도 전주시 덕진구 팽나무3길 11-6 (인후동1가),35.8354443,127.1538033,35.8354293,127.1538751,7
유성여인숙,여인숙업,전북특별자치도 익산시 익산대로16길 5-23 (창인동1가),35.9416810,126.9482871,35.9417099,126.9482221,7
해오름펜션,숙박업 기타,전북특별자치도 무주군 설천면 구천동로 952 ((2층)),35.9068102,127.7715491,35.9068697,127.7715401,7
호텔늘,여관업,전북특별자치도 전주시 덕진구 아중4길 23 (우아동2가),35.8298937,127.1727385,35.8299475,127.1727064,7
해금강여관,여관업,전북특별자치도 군산시 소룡1길 57 (소룡동),35.9734766,126.6767758,35.9735257,126.6767338,7
남원여인숙,여인숙업,전북특별자치도 남원시 도랑길 46-4 (동충동),35.4103596,127.3879246,35.4103986,127.3879799,7
슬로우 남원,여관업,전북특별자치도 남원시 주천면 범실길 7-12,35.3995754,127.4279240,35.3996016,127.4278588,7
숲속의 아침,여관업,전북특별자치도 무주군 설천면 구천동1로 19,35.9053554,127.7789003,35.9052965,127.7788918,7
다정여관,여관업,전북특별자치도 군산시 동팔마길 7-3 (동흥남동),35.9755941,126.7233352,35.9756123,126.7234046,7
아리아모텔,여관업,전북특별자치도 완주군 삼례읍 동학로 36-10,35.9103334,127.0753318,35.9103876,127.0753032,7
에이엠(AM)호텔,여관업,전북특별자치도 군산시 부곡5길 9 (나운동),35.9632124,126.6906885,35.9632682,126.6906659,7
엠에이치호텔 객리단길1호점,여관업,전북특별자치도 전주시 완산구 전주천동로 232 (다가동3가),35.8171614,127.1395519,35.8171095,127.1395857,7
리버호텔,일반호텔,전북특별자치도 남원시 소리길 120 (어현동),35.4060158,127.3892646,35.4060654,127.3892266,6
오케이콘도,여관업,전북특별자치도 무주군 설천면 내배방길 6,35.9115303,127.7580155,35.9115862,127.7580367,6
호텔어드밴스,일반호텔,전북특별자치도 전주시 덕진구 산정2길 23 (산정동),35.8382324,127.1682708,35.8382624,127.1683320,6
EVEN Hotel,여관업,전북특별자치도 익산시 인북로2길 5-8 (인화동1가),35.9302877,126.9502115,35.9302571,126.9501508,6
썸호텔,여관업,전북특별자치도 군산시 조촌안5길 46-3 (경장동),35.9715659,126.7335914,35.9715110,126.7335700,6
제이모텔,숙박업 기타,전북특별자치도 장수군 장수읍 백장로 2165-1,35.6427820,127.5162750,35.6427251,127.5162860,6
발리모텔,여관업,전북특별자치도 군산시 조촌2길 49 (경장동),35.9712106,126.7344814,35.9712588,126.7345199,6
중앙모텔,여관업,전북특별자치도 익산시 익산대로 150-6 (중앙동1가),35.9393402,126.9474335,35.9392862,126.9474577,6
일마레변산리조트(A동),숙박업 기타,전북특별자치도 부안군 변산면 궁항로 91,35.6034259,126.4746303,35.6034045,126.4746954,6
원모텔,여관업,전북특별자치도 김제시 백산면 하정로 26,35.8377220,126.9065981,35.8376669,126.9065799,6
메이플(생활형),숙박업(생활),전북특별자치도 부안군 진서면 입암길 12,35.6106402,126.5895675,35.6106395,126.5896376,6
마이장,여관업,전북특별자치도 진안군 진안읍 시장길 22,35.7925612,127.4283134,35.7925858,127.4282502,6
금성장여관,여관업,전북특별자치도 정읍시 서부로 49 (연지동),35.5724396,126.8466428,35.5723839,126.8466306,6
나무늘보,숙박업(생활),전북특별자치도 익산시 목천로7길 40 (인화동2가),35.9287573,126.9545653,35.9287648,126.9544962,6
내장한옥스테이,숙박업(생활),전북특별자치도 정읍시 용산호반길 41 (신정동),35.5064153,126.8551039,35.5063615,126.8551244,6
하이디,여관업,전북특별자치도 임실군 관촌면 춘향로 3726-8,35.6901495,127.2543177,35.6901743,127.2543796,6
타미호텔,여관업,전북특별자치도 전주시 덕진구 권삼득로 383 (덕진동1가),35.8466499,127.1210631,35.8466310,127.1211283,6
금산여관,여관업,전북특별자치도 김제시 금산면 원평4길 8-2,35.7138282,126.9930849,35.7138640,126.9931378,6
썸 무인텔 B동,숙박업 기타,전북특별자치도 정읍시 내장산로 122-10 (금붕동),35.5462506,126.8814637,35.5463016,126.8814355,6
강산에펜션,숙박업(생활),전북특별자치도 무주군 설천면 구천동로 1080,35.9093639,127.7597860,35.9093209,127.7598296,6
영동여인숙,여인숙업,전북특별자치도 익산시 익산대로 198 (창인동1가),35.9436312,126.9488651,35.9436532,126.9488020,6
태양여인숙,여인숙업,전북특별자치도 익산시 익산대로 198 (창인동1가),35.9436312,126.9488651,35.9436532,126.9488020,6
짝,여관업,전북특별자치도 익산시 익산대로2길 40 (인화동1가),35.9309931,126.9481746,35.9310015,126.9481069,6
와,여관업,전북특별자치도 김제시 하정로 17 (흥사동),35.8368320,126.9060394,35.8368171,126.9061052,6
퀸즈,숙박업(생활),전북특별자치도 남원시 소리길 122-8 (어현동),35.4056665,127.3896050,35.4056763,127.3895385,6
황실펜션,숙박업(생활),"전북특별자치도 무주군 설천면 구천동로 1083-19, 2-3층",35.9097236,127.7585012,35.9096936,127.7584444,6
료칸죽림,여관업,전북특별자치도 완주군 상관면 춘향로 4332,35.7379161,127.2252211,35.7379655,127.2252505,6
전주호텔스테이복이한옥마을점,숙박업(생활),"전북특별자치도 전주시 덕진구 용산1길 5, 4층 (금암동)",35.8357708,127.1302090,35.8358253,127.1302026,6
한옥마을전주호텔스테이복이,여관업,전북특별자치도 전주시 덕진구 용산1길 5 (금암동),35.8357708,127.1302090,35.8358253,127.1302026,6
시티장여관,여관업,전북특별자치도 군산시 거석길 13-7 (명산동),35.9845712,126.7104452,35.9845991,126.7103872,6
호텔어라이브전주시화연풍,일반호텔,전북특별자치도 전주시 완산구 풍남문3길 9-5 (전동),35.8139532,127.1467271,35.8138987,127.1467263,6
등대장여관,여관업,전북특별자치도 부안군 변산면 격포항길 45,35.6222009,126.4716688,35.6221489,126.4716890,6
무주 무인 모텔,숙박업 기타,"전북특별자치도 무주군 적상면 사내로 49, 2층",35.9395998,127.6645696,35.9396535,127.6645806,6
환타지아,여관업,전북특별자치도 익산시 목천로1길 12-6 (인화동1가),35.9305052,126.9455546,35.9304972,126.9454882,6
Jazz 무인텔 C,여관업,전북특별자치도 부안군 변산면 종암길 23,35.6358795,126.4798553,35.6358574,126.4799161,6
Jazz 무인텔 B,여관업,전북특별자치도 부안군 변산면 종암길 23,35.6358795,126.4798553,35.6358574,126.4799161,6
Jazz 무인텔 A,여관업,전북특별자치도 부안군 변산면 종암길 23,35.6358795,126.4798553,35.6358574,126.4799161,6
무주 다다펜션,숙박업(생활),전북특별자치도 무주군 설천면 외배방길 22,35.9091323,127.7578899,35.9091431,127.7578247,6
황토모텔,여관업,전북특별자치도 전주시 덕진구 용산1길 5-4 (금암동),35.8358187,127.1307166,35.8358715,127.1307295,6
씨네마모텔,여관업,"전북특별자치도 전주시 완산구 전주객사3길 27 (고사동,외4필지)",35.8184986,127.1421391,35.8185522,127.1421337,6
홀인원모텔,여관업,전북특별자치도 군산시 소룡1길 63 (소룡동),35.9736891,126.6771056,35.9737335,126.6770686,6
시크릿무인텔,여관업,전북특별자치도 군산시 임피면 호원대1길 8 (외 1필지),35.9588280,126.8707761,35.9587799,126.8707473,6
전주스테이호텔한옥마을점,여관업,"전북특별자치도 전주시 덕진구 산정2길 6-5, 1동 (산정동)",35.8373125,127.1701760,35.8373524,127.1701328,6
서해안모텔,여관업,전북특별자치도 고창군 아산면 선운사로 78,35.5042627,126.5950793,35.5043121,126.5950559,6
프린스,여관업,전북특별자치도 전주시 덕진구 동부대로 441 (우아동2가),35.8315260,127.1743416,35.8314936,127.1743932,6
장미펜션,여관업,전북특별자치도 무주군 설천면 외배방길 9 (번지 (1-3층)),35.9082869,127.7588584,35.9082547,127.7588067,6
마루(B),여관업,전북특별자치도 부안군 변산면 노루목길 8-3,35.6631956,126.5106703,35.6632078,126.5106072,6
왕포리조텔,여관업,전북특별자치도 부안군 진서면 왕포길 30-12,35.5861535,126.5596355,35.5861398,126.5596977,6
이화장,여관업,전북특별자치도 정읍시 중앙2길 11 (수성동),35.5683125,126.8520733,35.5683483,126.8520267,6
호텔세인트,일반호텔,전북특별자치도 군산시 진포로 136-2 (경장동),35.9706579,126.7335062,35.9706833,126.7334500,6
그린장여관,여관업,전북특별자치도 군산시 소룡길 22 (소룡동),35.9729926,126.6787693,35.9729644,126.6788234,6
호텔유,일반호텔,전북특별자치도 전주시 완산구 홍산북로 84-12 (효자동3가),35.8170666,127.1104673,35.8170167,127.1104496,6
헐리우드 펜션,숙박업(생활),"전북특별자치도 부안군 변산면 모항길 23-7, 헐리우드펜션",35.5833942,126.5086202,35.5833989,126.5086835,6
산책펜션,숙박업 기타,전북특별자치도 무주군 설천면 구천동1로 132,35.8980293,127.7757302,35.8979803,127.7757498,6
우리들펜션,숙박업(생활),전북특별자치도 부안군 변산면 궁항로 72-12,35.6054479,126.4762950,35.6054984,126.4763040,6
H모텔,숙박업 기타,"전북특별자치도 무주군 설천면 만선로 40, H모텔 1동 3층",35.9096117,127.7556374,35.9096185,127.7555749,6
블루원모텔,여관업,"전북특별자치도 전주시 덕진구 용산2길 18, 1층 (금암동)",35.8355865,127.1316199,35.8355617,127.1316749,6
블루펜션,숙박업(생활),전북특별자치도 부안군 변산면 고사길 68,35.6557511,126.5104181,35.6557502,126.5103556,6
문산여인숙,여인숙업,전북특별자치도 부안군 부안읍 동중3길 9-1,35.7290875,126.7353860,35.7290395,126.7354055,6
블루모텔,여관업,전북특별자치도 김제시 콩쥐팥쥐로 95-25 (순동),35.8094012,126.9150942,35.8094192,126.9150362,6
전북특별자치도 국제양궁장 전지훈련센터,숙박업 기타,"전북특별자치도 임실군 오수면 의견로 1-1, 국제양궁장 전지훈련센터",35.5403189,127.3380058,35.5402724,127.3380295,6
M모텔,여관업,전북특별자치도 부안군 진서면 곰소윗길 77-22,35.5929329,126.6133617,35.5929625,126.6133118,6
무주펜션 구름채 풀빌라,숙박업 기타,전북특별자치도 무주군 설천면 구천동로 962,35.9065090,127.7705294,35.9065074,127.7704674,6
더 쉼1(관광펜션),여관업,전북특별자치도 정읍시 첨단과학로 768 (쌍암동),35.5106223,126.8914670,35.5105758,126.8914903,6
아침바다펜션,숙박업(생활),전북특별자치도 부안군 변산면 궁항로 72-13,35.6054504,126.4754242,35.6054999,126.4754149,6
다숲펜션,숙박업(생활),전북특별자치도 무주군 설천면 구천동1로 149,35.8993889,127.7752574,35.8994022,127.7751977,6
코리아모텔,여관업,전북특별자치도 정읍시 연지시장3길 50-12 (연지동),35.5736787,126.8459605,35.5737231,126.8459320,6
호텔그린토피아,여관업,전북특별자치도 정읍시 내장산로 933-11 (내장동),35.4930716,126.9287997,35.4931145,126.9287683,6
나오스펜션,여관업,전북특별자치도 무주군 설천면 외배방길 13,35.9080136,127.7584703,35.9079696,127.7584415,6
모로코모텔,여관업,전북특별자치도 전주시 덕진구 도당산로 65-5 (우아동3가),35.8472560,127.1571160,35.8472731,127.1571737,6
호텔 인그리드,숙박업 기타,전북특별자치도 군산시 구영5길 107 (영화동),35.9890184,126.7103835,35.9890119,126.7103226,6
히노키잠(1호점),여관업,전북특별자치도 군산시 구영6길 54-1 (신창동),35.9864426,126.7096491,35.9864670,126.7095962,5
좋은인연펜션,숙박업(생활),전북특별자치도 무주군 설천면 보안길 14,35.9093276,127.7761019,35.9093700,127.7761326,5
모텔일번지,여관업,전북특별자치도 무주군 설천면 만선로 62,35.9076743,127.7551749,35.9076963,127.7551211,5
금마장,여관업,전북특별자치도 익산시 금마면 미륵사지로1길 34-11,35.9892116,127.0535788,35.9892481,127.0535386,5
월드파크장,여관업,전북특별자치도 정읍시 중앙2길 13-2 (수성동),35.5682433,126.8523723,35.5682918,126.8523773,5
호텔루고(RUGO),여관업,"전북특별자치도 전주시 완산구 한두평4길 5-5 (중화산동2가,1층~5층)",35.8159987,127.1235900,35.8159500,127.1235899,5
편백모텔,여관업,전북특별자치도 전주시 덕진구 편운로 7 (동산동),35.8714124,127.0773565,35.8713654,127.0773723,5
오렌지호텔,여관업,전북특별자치도 군산시 소룡2길 49 (소룡동),35.9728190,126.6770023,35.9727819,126.6769640,5
꿈의궁전,여관업,전북특별자치도 김제시 서낭당길 121-9 (요촌동),35.7995901,126.8916943,35.7995478,126.8916656,5
테마모텔,여관업,전북특별자치도 순창군 팔덕면 담순로 888-3,35.3649098,127.0991420,35.3649562,127.0991254,5
동진장,여관업,전북특별자치도 김제시 금구면 봉두로 44,35.7737889,127.0074012,35.7738157,127.0073519,5
자자모텔,여관업,전북특별자치도 군산시 백릉안5길 50 (경장동),35.9710772,126.7320774,35.9710597,126.7321328,5
뚜벅텔 (2호점),여관업,전북특별자치도 익산시 목천로9길 11 (인화동1가),35.9297956,126.9518785,35.9298335,126.9518421,5
다쉼,여관업,"전북특별자치도 군산시 동령길 33-1, 3.4층 (장미동)",35.9876822,126.7135016,35.9876343,126.7135001,5
무주이리스모텔,여관업,전북특별자치도 무주군 무주읍 한풍루로 381-7,36.0054941,127.6672525,36.0055192,127.6672021,5
하얏트모텔,여관업,전북특별자치도 남원시 충정로 237 (월락동),35.4241652,127.3950366,35.4242129,127.3950408,5
Q모텔,여관업,전북특별자치도 순창군 순창읍 순창로 161,35.3704988,127.1401238,35.3704816,127.1400691,5
한옥호텔궁,일반호텔,전북특별자치도 전주시 완산구 풍남문4길 25-19 (중앙동4가),35.8143560,127.1445706,35.8143834,127.1446189,5
오페라모텔,여관업,전북특별자치도 부안군 부안읍 용암로 4,35.7268474,126.7396797,35.7268950,126.7396766,5
호텔 아크로,일반호텔,전북특별자치도 군산시 소룡1길 53 (소룡동),35.9731822,126.6763634,35.9732173,126.6763239,5
소양스테이,숙박업(생활),"전북특별자치도 완주군 소양면 원등산길 46, 주1,2동",35.8777923,127.2619778,35.8777450,127.2619811,5
신성모텔,여관업,전북특별자치도 익산시 익산대로2길 42 (인화동1가),35.9309175,126.9484593,35.9309255,126.9484019,5
안정,여관업,"전북특별자치도 군산시 옥도면 선유북길 81, 안정민박식당",35.8127398,126.4137145,35.8127417,126.4137725,5
신미장여관,여관업,전북특별자치도 남원시 광한북로 106 (동충동),35.4117259,127.3821065,35.4116813,127.3821241,5
첫번째,숙박업 기타,전북특별자치도 전주시 덕진구 산정1길 30 (산정동),35.8386355,127.1675942,35.8385943,127.1676217,5
콩나물주택아늑전주점,여관업,전북특별자치도 전주시 덕진구 산정3길 37 (산정동),35.8389858,127.1684762,35.8389534,127.1684344,5
나들목산장,여관업,전북특별자치도 완주군 운주면 대둔산공원길 22-10,36.1181420,127.3332911,36.1181344,127.3333482,5
지리산뱀사골 맑은물 펜션,숙박업(생활),전북특별자치도 남원시 산내면 지리산로 1256,35.3989530,127.6017397,35.3989320,127.6016885,5
황토방모텔,여관업,전북특별자치도 장수군 장수읍 군청길 12-1,35.6463505,127.5190314,35.6463043,127.5190394,5
대전여관,여관업,전북특별자치도 익산시 익산대로20길 5-1 (창인동1가),35.9428226,126.9488537,35.9428658,126.9488753,5
이브파크장,여관업,전북특별자치도 임실군 임실읍 춘향로 2953-3,35.6332678,127.2874979,35.6332604,127.2874414,5
아담파크장,여관업,전북특별자치도 임실군 임실읍 춘향로 2953-3,35.6332678,127.2874979,35.6332604,127.2874414,5
호텔원 변산,일반호텔,전북특별자치도 부안군 변산면 채석강길 33,35.6272791,126.4699486,35.6272553,126.4698995,5
파레스장,여관업,전북특별자치도 부안군 변산면 채석강길 8,35.6274897,126.4720826,35.6274525,126.4720485,5
꽃길,여관업,"전북특별자치도 군산시 구영6길 75, 2,3층 (중앙로1가)",35.9873322,126.7099374,35.9873011,126.7099798,5
명성모텔,여관업,전북특별자치도 부안군 부안읍 석정로 205-27,35.7275208,126.7381775,35.7275457,126.7382254,5
으뜸장여관,여관업,"전북특별자치도 군산시 약전길 9 (중앙로2가, 외1필지)",35.9840027,126.7174353,35.9839575,126.7174244,5
더샾모텔,여관업,전북특별자치도 군산시 서래내길 39 (경암동),35.9780385,126.7251923,35.9779928,126.7251978,5
청림모텔,여관업,전북특별자치도 부안군 상서면 노적길 10-11,35.6585608,126.6141679,35.6586011,126.6141409,5
무주 마리나 스위트 풀빌라 팬션,숙박업(생활),전북특별자치도 무주군 무풍면 구천동로 507,35.8995541,127.8144888,35.8995519,127.8145452,5
에이치에비뉴호텔덕진점신관,여관업,전북특별자치도 전주시 덕진구 덕진연못3길 9-1 (덕진동2가),35.8469683,127.1203918,35.8469577,127.1204467,5
크라운장,여관업,전북특별자치도 완주군 봉동읍 봉동로 70,35.9312942,127.1689060,35.9312530,127.1688819,5
만숙,여관업,전북특별자치도 군산시 구영6길 138 (영화동),35.9896186,126.7121018,35.9896334,126.7120485,5
전주호텔다빈,일반호텔,"전북특별자치도 전주시 완산구 팔달로 160, 2F,3F,4F 2,3,4층 (경원동1가)",35.8167726,127.1478205,35.8168175,127.1478127,5
호두나무펜션,숙박업(생활),전북특별자치도 무주군 설천면 구천동로 1057-8,35.9070403,127.7598648,35.9070455,127.7599199,5
봉황장여관,여관업,전북특별자치도 전주시 덕진구 용산2길 12 (금암동),35.8357469,127.1314606,35.8357167,127.1314198,5
에이스모텔,여관업,전북특별자치도 완주군 삼례읍 동학로 36-13,35.9106411,127.0757341,35.9106030,127.0757053,5
브라운도트 군산나운점,일반호텔,전북특별자치도 군산시 현충로 78 (나운동),35.9621949,126.6889493,35.9622265,126.6889882,5
더브릿지호텔,일반호텔,전북특별자치도 군산시 부원로 24 (나운동),35.9613429,126.6891767,35.9613845,126.6891965,5
비욘드 호텔,일반호텔,전북특별자치도 군산시 부곡5길 10-4 (나운동),35.9629137,126.6903096,35.9628825,126.6902703,5
만남펜션,숙박업(생활),전북특별자치도 무주군 설천면 만선1로 97 (2~3층),35.9080926,127.7560815,35.9080546,127.7560530,5
화려한외출투,여관업,전북특별자치도 전주시 완산구 한두평2길 8-11 (중화산동2가),35.8126795,127.1236122,35.8126925,127.1236644,5
한솔파크모텔,여관업,전북특별자치도 전주시 덕진구 덕진연못3길 9-7 (덕진동2가),35.8472897,127.1197687,35.8472661,127.1198148,5
오션트리 풀리조트,일반호텔,전북특별자치도 부안군 변산면 변산해변로 292,35.6420020,126.4764506,35.6420453,126.4764604,5
링스모텔,여관업,전북특별자치도 익산시 익산대로2길 25 (인화동1가),35.9316129,126.9467279,35.9316529,126.9467050,5
샵모텔,일반호텔,전북특별자치도 김제시 동서1길 42 (옥산동),35.7985263,126.8813932,35.7985637,126.8813646,5
코지캐빈,숙박업(생활),전북특별자치도 부안군 변산면 변산로 2136-13,35.6753704,126.5289250,35.6753912,126.5289728,5
룸나인,여관업,전북특별자치도 익산시 익산대로2길 24 (인화동1가),35.9314133,126.9464594,35.9313717,126.9464764,5
모항크리스탈펜션,숙박업(생활),전북특별자치도 부안군 변산면 모항길 43,35.5828193,126.5098780,35.5828573,126.5098516,5
스와니,숙박업(생활),전북특별자치도 무주군 무풍면 구천동로 330,35.8855290,127.8214488,35.8855347,127.8213955,5
황금무인텔 A동,숙박업 기타,전북특별자치도 부안군 부안읍 순환남로 581,35.7118656,126.7560256,35.7118848,126.7559773,5
투윈스모텔,여관업,전북특별자치도 군산시 칠성5길 193 (소룡동),35.9728074,126.6786627,35.9727734,126.6786301,5
스페셜,여관업,전북특별자치도 전주시 완산구 한두평2길 8-7 (중화산동2가),35.8129797,127.1238722,35.8129914,127.1238211,5
완주여인숙,여인숙업,전북특별자치도 군산시 미원로 131-5 (중앙로3가),35.9804034,126.7187579,35.9804115,126.7188101,5
허브모텔,여관업,전북특별자치도 남원시 옥정5길 10 (향교동),35.4157999,127.3880454,35.4157985,127.3879927,5
한일장모텔,여관업,전북특별자치도 정읍시 내장산로 941-13 (내장동),35.4933176,126.9296387,35.4932783,126.9296179,5
황금어장,여관업,전북특별자치도 군산시 대학로 199-1 (문화동),35.9740886,126.7018099,35.9740570,126.7018455,5
썸 무인텔 A동,숙박업 기타,전북특별자치도 정읍시 내장산로 122-8 (금붕동),35.5463541,126.8811749,35.5463909,126.8812015,5
제이(J)호텔,여관업,전북특별자치도 군산시 소룡2길 47 (소룡동),35.9725218,126.6766879,35.9725618,126.6766698,5
회문산 오투하우스,여관업,전북특별자치도 순창군 구림면 회문산로 350,35.4848699,127.1353519,35.4848625,127.1354032,5
그랜드호텔,일반호텔,전북특별자치도 완주군 삼례읍 동학로 36-12,35.9101528,127.0756448,35.9101443,127.0756960,5
웨스턴호텔,일반호텔,전북특별자치도 군산시 옥서면 선연길 17,35.9278323,126.6187559,35.9278425,126.6188064,5
무주 해바라기 펜션 호스텔,숙박업(생활),전북특별자치도 무주군 설천면 구천동1로 129-15,35.8972008,127.7749204,35.8971666,127.7748904,5
2나잇호텔,여관업,전북특별자치도 전주시 덕진구 아중4길 16 (우아동2가),35.8306105,127.1734185,35.8305718,127.1734385,5
덕산장 모텔,여관업,전북특별자치도 장수군 장수읍 보훈길 17,35.6463228,127.5172079,35.6462863,127.5171825,5
블루모텔,여관업,전북특별자치도 군산시 백릉안1길 9 (경장동),35.9694358,126.7321619,35.9694668,126.7321273,5
유한회사 수교(B),숙박업(생활),전북특별자치도 부안군 변산면 적벽강길 4,35.6375138,126.4635218,35.6375100,126.4634707,5
라보떼펜션&송정핫도그,숙박업(생활),전북특별자치도 부안군 변산면 적벽강길 4,35.6375138,126.4635218,35.6375100,126.4634707,5
호텔포레,여관업,"전북특별자치도 전주시 완산구 한두평3길 14-6 (중화산동2가,.2번지)",35.8145392,127.1242083,35.8145094,127.1242443,5
설인펜션,숙박업(생활),전북특별자치도 무주군 설천면 삼공2길 4,35.9054517,127.7793671,35.9054175,127.7793380,5
연화문호텔 변산,숙박업(생활),전북특별자치도 부안군 변산면 변산해변로 799-47,35.6678019,126.5161653,35.6677634,126.5161843,5
무인텔 휴,여관업,전북특별자치도 남원시 주천면 장백산로 156-1,35.4033361,127.4528705,35.4033773,127.4528762,5
뉴알프스 호텔,여관업,전북특별자치도 익산시 목천로5길 13 (인화동1가),35.9303802,126.9505429,35.9303393,126.9505509,5
다이아모텔,여관업,전북특별자치도 익산시 왕궁면 송선길 18-6,35.9876731,127.1048664,35.9876331,127.1048531,5
스노우뱅크콘도,여관업,전북특별자치도 무주군 설천면 만선로 34,35.9102491,127.7559252,35.9102348,127.7558775,5
파라다이스모텔,여관업,전북특별자치도 정읍시 내장산로 941-9 (내장동),35.4932062,126.9291628,35.4932388,126.9291326,5
샵모텔,여관업,전북특별자치도 남원시 남문로 431-6 (하정동),35.4066589,127.3788424,35.4066424,127.3787967,5
블루보트게스트하우스 전주점,여관업,"전북특별자치도 전주시 완산구 충경로 75, 2층 (경원동1가)",35.8188640,127.1473025,35.8188636,127.1472524,5
풀홀릭 리조트 펜션,숙박업(생활),전북특별자치도 부안군 변산면 변산해변로 799-65,35.6681495,126.5171715,35.6681893,126.5171812,5
스타호텔,여관업,전북특별자치도 전주시 완산구 한두평2길 9 (중화산동2가),35.8137255,127.1239737,35.8137420,127.1239280,5
정자나무 펜션,숙박업(생활),전북특별자치도 남원시 산내면 지리산로 275,35.3494781,127.5506682,35.3494381,127.5506762,5
동남여인숙,여인숙업,전북특별자치도 정읍시 명덕로 38 (연지동),35.5745210,126.8440402,35.5745504,126.8440060,4
그루브호텔,일반호텔,전북특별자치도 전주시 덕진구 용산3길 33 (금암동),35.8353909,127.1342318,35.8353513,127.1342420,4
아쿠아사우나모텔,여관업,전북특별자치도 정읍시 명덕로 65-11 (연지동),35.5771679,126.8461116,35.5771967,126.8460773,4
신영장 여관,여관업,"전북특별자치도 고창군 고창읍 중앙로 201, 2층",35.4353848,126.6975527,35.4353693,126.6975980,4
등대여인숙,여인숙업,전북특별자치도 남원시 의총로 90-42 (하정동),35.4085024,127.3779500,35.4084851,127.3779939,4
스테이 선유,숙박업(생활),"전북특별자치도 군산시 옥도면 선유북길 67, 2층",35.8133963,126.4145581,35.8133572,126.4145494,4
엘리제궁모텔,여관업,전북특별자치도 정읍시 중앙로 196 (시기동),35.5633182,126.8590576,35.5632788,126.8590524,4
올리브모텔,여관업,전북특별자치도 익산시 익산대로2길 46 (인화동1가),35.9308565,126.9486929,35.9308655,126.9487405,4
킹 모텔,여관업,전북특별자치도 군산시 선창3길 10-1 (금암동),35.9863206,126.7225193,35.9863421,126.7224783,4
나성모텔,여관업,전북특별자치도 부안군 변산면 격상길 25-14,35.6217237,126.4722151,35.6217630,126.4722197,4
MUJU RESORTEL,여관업,전북특별자치도 무주군 설천면 구천동로 878,35.9081025,127.7792610,35.9081329,127.7792917,4
포유콘도,여관업,전북특별자치도 무주군 설천면 만선1로 68,35.9053000,127.7559893,35.9053280,127.7560231,4
아모르모텔,여관업,전북특별자치도 전주시 덕진구 산정3길 20 (산정동),35.8385543,127.1699456,35.8385617,127.1699931,4
새만금여관모텔,여관업,"전북특별자치도 부안군 변산면 변산로 1751 (,186-76.77)",35.6942872,126.5521073,35.6942560,126.5520783,4
세븐모텔,숙박업 기타,전북특별자치도 김제시 콩쥐팥쥐로 95-22 (순동),35.8091122,126.9152064,35.8091379,126.9151701,4
리틀프린스,숙박업 기타,전북특별자치도 무주군 설천면 만선로 34-1,35.9103853,127.7557335,35.9103603,127.7556964,4
무지개펜션,숙박업(생활),전북특별자치도 무주군 설천면 외배방길 5,35.9084061,127.7591355,35.9083844,127.7590956,4
라움무인호텔,숙박업 기타,전북특별자치도 부안군 진서면 곰소윗길 75,35.5915511,126.6119266,35.5915603,126.6118801,4
갤러리 스테이,숙박업 기타,전북특별자치도 전주시 완산구 동문길 54-23 (풍남동1가),35.8191821,127.1507329,35.8192208,127.1507350,4
금호장모텔,여관업,전북특별자치도 익산시 인북로5길 5 (창인동1가),35.9416855,126.9536559,35.9416954,126.9536097,4
스테이(D),숙박업 기타,전북특별자치도 남원시 산내면 천왕봉로 532,35.4302476,127.6167430,35.4302302,127.6167008,4
전주한옥마을너울가지,숙박업 기타,전북특별자치도 전주시 완산구 풍남문4길 16-9 (중앙동4가),35.8140577,127.1457386,35.8140959,127.1457324,4
썬모텔,여관업,전북특별자치도 부안군 변산면 채석강길 9,35.6269836,126.4716643,35.6269464,126.4716523,4
광성펜션 1,숙박업(생활),전북특별자치도 완주군 고산면 가새기길 32,35.9813153,127.2519638,35.9813437,127.2519954,4
광성펜션 2,여관업,전북특별자치도 완주군 고산면 가새기길 32,35.9813153,127.2519638,35.9813437,127.2519954,4
변산비치장,여관업,전북특별자치도 부안군 변산면 대항길 61,35.6875136,126.5354655,35.6875279,126.5354220,4
변산파크장,여관업,"전북특별자치도 부안군 변산면 대항길 61 (,369-16)",35.6875136,126.5354655,35.6875279,126.5354220,4
숲으로2 모텔,여관업,전북특별자치도 김제시 하정1길 16 (흥사동),35.8358794,126.9065576,35.8358686,126.9066027,4
대둔산장,여관업,전북특별자치도 완주군 운주면 대둔산공원길 22-7,36.1181247,127.3327670,36.1181591,127.3327469,4
테라호텔,여관업,전북특별자치도 전주시 덕진구 산정3길 26 (산정동),35.8388361,127.1696203,35.8388202,127.1695777,4
제이브라운,숙박업(생활),전북특별자치도 전주시 덕진구 산정1길 26 (산정동),35.8383514,127.1681067,35.8383134,127.1681055,4
강원여인숙,여인숙업,전북특별자치도 부안군 부안읍 동중1길 5-8,35.7294642,126.7358899,35.7294824,126.7359308,4
꽃담,숙박업(생활),"전북특별자치도 남원시 남문로 404-23, 주1동 (금동)",35.4055211,127.3755072,35.4054938,127.3755391,4
비타민,여관업,전북특별자치도 익산시 인북로4길 48 (인화동2가),35.9292193,126.9545680,35.9292530,126.9545889,4
레드스카이모텔,여관업,전북특별자치도 김제시 하정1길 48 (흥사동),35.8368065,126.9054094,35.8368159,126.9053643,4
핀앤핏하우스,여관업,전북특별자치도 전주시 덕진구 덕진광장로 8-1 (덕진동1가),35.8439954,127.1247135,35.8440323,127.1247235,4
KAN(칸),여관업,전북특별자치도 완주군 이서면 콩쥐팥쥐로 968-17,35.8191407,127.0051315,35.8191419,127.0051779,4
엠에이치호텔 중화산2호점,여관업,전북특별자치도 전주시 완산구 어은로 12-6 (중화산동2가),35.8161303,127.1241557,35.8161232,127.1242012,4
스카이모텔,여관업,전북특별자치도 군산시 부곡4길 21-4 (나운동),35.9621185,126.6897924,35.9621091,126.6897476,4
제이,여관업,전북특별자치도 완주군 이서면 콩쥐팥쥐로 968-11,35.8192227,127.0058151,35.8192599,127.0058101,4
호텔힐링,여관업,전북특별자치도 익산시 배산로6길 27 (모현동1가),35.9426380,126.9408162,35.9426010,126.9408090,4
노암여인숙,여인숙업,전북특별자치도 남원시 검멀2길 34 (금동),35.4044544,127.3775204,35.4044186,127.3775334,4
모텔마루,여관업,전북특별자치도 남원시 인월면 천왕봉로 36,35.4623118,127.6049933,35.4623058,127.6050385,4
Hotel RG(알지),여관업,전북특별자치도 군산시 칠성로 189 (소룡동),35.9720182,126.6793295,35.9720422,126.6792943,4
뉴시애틀모텔,여관업,전북특별자치도 익산시 중앙로 12-26 (중앙동1가),35.9391829,126.9477495,35.9392112,126.9477197,4
신태양장여관,여관업,전북특별자치도 익산시 함열읍 와리1길 3,36.0802289,126.9577232,36.0802165,126.9576802,4
무주화이트펜션,숙박업(생활),전북특별자치도 무주군 설천면 구천동로 1079-9,35.9093240,127.7587389,35.9092872,127.7587376,4
S3무인호텔,숙박업 기타,전북특별자치도 정읍시 첨단과학로 342-3 (신정동),35.5078861,126.8490973,35.5079180,126.8490747,4
무주펜션 그랜드,숙박업 기타,전북특별자치도 무주군 설천면 구천동1로 135-6,35.8983754,127.7749343,35.8983675,127.7748900,4
아람장여관,여관업,전북특별자치도 군산시 팔마로 106 (서흥남동),35.9734771,126.7127641,35.9735090,126.7127423,4
성일장여관,여관업,전북특별자치도 정읍시 우암로 32-14 (수성동),35.5658529,126.8550755,35.5658272,126.8551073,4
세르빌호텔,여관업,전북특별자치도 정읍시 내장산로 937 (내장동),35.4932426,126.9284281,35.4932244,126.9284666,4
Luide Bell(루이드 벨),여관업,전북특별자치도 익산시 인북로2길 10 (인화동1가),35.9295089,126.9502478,35.9294768,126.9502274,4
별빛산장,여관업,전북특별자치도 완주군 운주면 대둔산공원길 22-13,36.1186460,127.3335043,36.1186477,127.3334596,4
테크노 무인텔,숙박업 기타,전북특별자치도 완주군 봉동읍 봉동로 728-10,35.9740691,127.1250926,35.9741040,127.1251042,4
브라운도트호텔 익산점,여관업,전북특별자치도 익산시 배산로6길 32-2 (송학동),35.9421392,126.9409302,35.9421711,126.9409505,4
격포바다노을,여관업,전북특별자치도 부안군 변산면 격포로 150,35.6283107,126.4738112,35.6282749,126.4738121,4
동화장,여관업,전북특별자치도 익산시 익산대로 131-4 (창인동2가),35.9382074,126.9460973,35.9382412,126.9461121,4
유스카이무인호텔,여관업,전북특별자치도 고창군 고창읍 월암수월길 117,35.4306258,126.7212327,35.4306615,126.7212319,4
스테이(A),숙박업 기타,전북특별자치도 남원시 산내면 천왕봉로 526,35.4305357,127.6158493,35.4305000,127.6158461,4
엘도라도,여관업,전북특별자치도 전주시 완산구 한두평4길 11-3 (중화산동2가),35.8159633,127.1241612,35.8159683,127.1242048,4
라벤더,숙박업 기타,전북특별자치도 부안군 변산면 변산해변로 19-3,35.6288874,126.4712383,35.6289091,126.4712035,4
궁 모텔,여관업,전북특별자치도 익산시 금마면 미륵사지로3길 5-4,35.9902091,127.0536813,35.9901735,127.0536831,4
전주한옥마을마리호텔덕진공원점,여관업,"전북특별자치도 전주시 덕진구 덕진연못3길 9-5 (덕진동2가,외 2필지)",35.8472049,127.1199321,35.8471922,127.1199730,4
(유)주이레,일반호텔,"전북특별자치도 완주군 이서면 오공로 21-25, 2,3,4,5,6층",35.8376946,127.0577084,35.8377204,127.0576784,4
워너비호텔,여관업,전북특별자치도 전주시 덕진구 덕진연못3길 8-4 (덕진동2가),35.8463857,127.1209451,35.8463897,127.1209018,4
유토피아모텔,여관업,전북특별자치도 전주시 완산구 한두평4길 8-3 (중화산동2가),35.8153828,127.1239175,35.8154181,127.1239159,4
브라운도트한옥마을아중점,여관업,전북특별자치도 전주시 덕진구 아중중앙로 30 (우아동2가),35.8308783,127.1719788,35.8308905,127.1719380,4
밀라노파크여관,여관업,전북특별자치도 군산시 임피면 임피향교길 6,35.9845283,126.8497184,35.9845054,126.8497513,4
백제모텔,여관업,전북특별자치도 김제시 금구면 봉두2길 7,35.7735497,127.0074075,35.7735846,127.0074108,4
(유)카마호텔,여관업,전북특별자치도 전주시 완산구 한두평2길 8-9 (중화산동2가),35.8128252,127.1237542,35.8128324,127.1237119,4
하이모텔,여관업,전북특별자치도 군산시 경포천서길 53-1 (경암동),35.9786691,126.7257576,35.9786428,126.7257292,4
산수유니빌,여관업,전북특별자치도 익산시 인북로5길 28 (남중동),35.9432779,126.9528153,35.9432716,126.9528577,4
아테네모텔,여관업,전북특별자치도 익산시 목천로5길 9 (인화동1가),35.9300307,126.9503933,35.9300002,126.9503724,4
특등여인숙,여인숙업,전북특별자치도 남원시 남문로 422-5 (금동),35.4062436,127.3776043,35.4062210,127.3776367,4
익산마리호텔,일반호텔,전북특별자치도 익산시 배산로6길 26 (송학동),35.9422809,126.9405900,35.9423123,126.9406084,4
홍콩모텔,여관업,전북특별자치도 남원시 충정로 235 (월락동),35.4240485,127.3948330,35.4240785,127.3948544,4
가인호텔,여관업,"전북특별자치도 전주시 덕진구 우아1길 19, 1-5층 (우아동3가)",35.8479243,127.1548021,35.8478961,127.1548268,4
체리스펜션,숙박업 기타,전북특별자치도 무주군 설천면 보안길 50-32,35.9091268,127.7707427,35.9090924,127.7707380,4
무주 마리나 스위트 펜션,숙박업(생활),전북특별자치도 무주군 무풍면 구천동로 509,35.8997049,127.8144015,35.8996781,127.8144285,4
청운파크장,여관업,전북특별자치도 정읍시 명덕로 37 (연지동),35.5747086,126.8438234,35.5747352,126.8437963,4
플랙스호텔,여관업,전북특별자치도 전주시 덕진구 산정2길 11 (산정동),35.8372629,127.1692311,35.8372389,127.1692616,4
에꼬빌,여관업,전북특별자치도 무주군 설천면 구천동로 954-7,35.9068933,127.7710153,35.9068932,127.7709728,4
익산 호텔 떠블유,여관업,전북특별자치도 익산시 인북로1길 28 (인화동1가),35.9306831,126.9464997,35.9306759,126.9464582,4
산타페,여관업,전북특별자치도 군산시 임피면 임피2길 35,35.9848856,126.8497226,35.9848895,126.8496804,4
뉴하얏트모텔,여관업,전북특별자치도 전주시 덕진구 팽나무4길 17 (인후동1가),35.8350184,127.1547316,35.8350483,127.1547522,4
힐링카운티 13동,숙박업(생활),전북특별자치도 고창군 고창읍 석정2로 207-11,35.4319497,126.7445544,35.4319737,126.7445249,4
비지니스호텔라움스테이,여관업,"전북특별자치도 익산시 익산대로 62, 2호(4층) (평화동)",35.9320569,126.9442960,35.9320303,126.9443220,4
별밤 무인호텔,여관업,"전북특별자치도 익산시 익산대로 62, 1호(2,3층) (평화동)",35.9320569,126.9442960,35.9320303,126.9443220,4
수하우스,숙박업 기타,전북특별자치도 전주시 완산구 풍남문3길 28-5 (전동),35.8152497,127.1474502,35.8152499,127.1474083,4
우와모텔,여관업,전북특별자치도 남원시 옥정5길 12-12 (향교동),35.4155897,127.3877073,35.4155942,127.3876661,4
인센스숙소 전주한옥마을점,일반호텔,"전북특별자치도 전주시 완산구 한지길 9-2, 2층~3층 (남노송동)",35.8197464,127.1532198,35.8197719,127.1531924,4
허니문 모텔,여관업,전북특별자치도 임실군 운암면 종운로 987,35.6087693,127.1057142,35.6088002,127.1056973,4
장미모텔,여관업,전북특별자치도 익산시 동서로18길 7-3 (남중동),35.9530706,126.9585896,35.9530951,126.9585609,4
금강산장,여관업,전북특별자치도 완주군 운주면 대둔산공원길 22-12,36.1182787,127.3334685,36.1183122,127.3334631,4
제이즈호텔,여관업,전북특별자치도 전주시 덕진구 산정3길 11 (산정동),35.8375043,127.1702463,35.8375235,127.1702121,4
S1무인호텔,숙박업 기타,전북특별자치도 정읍시 첨단과학로 342-7 (신정동),35.5084511,126.8487643,35.5084191,126.8487771,4
해인모텔,여관업,전북특별자치도 전주시 덕진구 건산3길 6-5 (진북동),35.8318839,127.1407037,35.8318603,127.1406742,4
비치모텔,여관업,전북특별자치도 김제시 벽지산로 260 (교동),35.7985310,126.8764454,35.7985067,126.8764737,4
(주)옥정호스테이,여관업,전북특별자치도 임실군 운암면 종운로 985,35.6086070,127.1056177,35.6086329,127.1055919,4
기린모텔,여관업,전북특별자치도 무주군 무주읍 단천로 74,36.0076032,127.6591729,36.0075783,127.6592003,4
초원여인숙,여인숙업,전북특별자치도 정읍시 연지8길 8-5 (연지동),35.5720039,126.8447087,35.5720033,126.8446679,4
아리랑호텔,여관업,"전북특별자치도 고창군 고창읍 월곡6길 6, 아리랑모텔",35.4352295,126.7115809,35.4352073,126.7115506,4
대명당 산장,여관업,전북특별자치도 완주군 운주면 대둔산공원길 22-9,36.1183180,127.3329240,36.1183491,127.3329110,4
지오호텔,일반호텔,전북특별자치도 군산시 부곡3길 12 (나운동),35.9614055,126.6895102,35.9614014,126.6894699,4
스키클럽엑스,숙박업(생활),전북특별자치도 무주군 설천면 관동길 8,35.9074189,127.7547831,35.9073881,127.7547688,4
호텔 린,여관업,전북특별자치도 군산시 소룡1길 54 (소룡동),35.9729897,126.6766728,35.9729632,126.6766490,4
벤틀리모텔,여관업,전북특별자치도 군산시 부곡1길 61 (나운동),35.9616107,126.6912126,35.9616042,126.6911731,4
연일모텔,여관업,전북특별자치도 전주시 완산구 공북5길 2 (태평동),35.8264839,127.1414142,35.8264843,127.1414545,4
무주인게스트하우스,여관업,전북특별자치도 무주군 설천면 구천동1로 150,35.8993825,127.7757521,35.8993518,127.7757658,4
임페리얼모텔,여관업,전북특별자치도 익산시 금마면 미륵사지로1길 34-13,35.9892320,127.0538004,35.9892583,127.0537765,4
리베라장,여관업,전북특별자치도 정읍시 중앙2길 16 (수성동),35.5679985,126.8523510,35.5680141,126.8523157,4
유고무인텔,여관업,전북특별자치도 군산시 임피면 호원대1길 7,35.9584528,126.8703498,35.9584265,126.8703738,4
하얏트 모텔,여관업,전북특별자치도 장수군 장계면 장계천변길 41,35.7303876,127.5820294,35.7303793,127.5820682,4
뉴욕모텔,여관업,전북특별자치도 전주시 덕진구 태진로 146 (금암동),35.8339437,127.1354927,35.8339480,127.1355322,4
비지트호텔,여관업,전북특별자치도 전주시 덕진구 아중중앙로 20 (우아동2가),35.8301214,127.1723747,35.8301077,127.1723389,4
원평여관,여관업,전북특별자치도 김제시 금산면 원평로 40-4,35.7124956,126.9922089,35.7124790,126.9922425,4
엘스테이,여관업,전북특별자치도 익산시 중앙로7길 21 (창인동1가),35.9404655,126.9520803,35.9404565,126.9520425,4
여미랑,숙박업(생활),"전북특별자치도 군산시 구영5길 10, 1동/봄,여름동 (월명동)",35.9849529,126.7077456,35.9849672,126.7077105,4
S 모텔,여관업,전북특별자치도 순창군 순창읍 옥천로 33,35.3758521,127.1402563,35.3758380,127.1402216,4
초원여인숙,여인숙업,전북특별자치도 부안군 부안읍 매산길 12,35.7279047,126.7348592,35.7279273,126.7348321,4
레몬트리무인텔모텔,여관업,전북특별자치도 군산시 서래내길 18 (경암동),35.9760021,126.7256431,35.9760109,126.7256805,4
우리여인숙,여인숙업,전북특별자치도 부안군 부안읍 동중1길 5-6,35.7294642,126.7358899,35.7294438,126.7358606,3
호텔 포시즌,여관업,전북특별자치도 익산시 익산대로2길 9-2 (평화동),35.9320936,126.9452745,35.9321199,126.9452535,3
환영장,여관업,"전북특별자치도 전주시 완산구 풍남문4길 16-15, 3층 (중앙동4가)",35.8140485,127.1460117,35.8140186,127.1460233,3
호텔젠,여관업,전북특별자치도 전주시 덕진구 아중4길 14-4 (우아동2가),35.8307897,127.1736569,35.8307612,127.1736727,3
꿈의궁전모텔,여관업,전북특별자치도 정읍시 관통로 27-71 (상동),35.5631519,126.8610190,35.5631280,126.8609941,3
호텔아리울,일반호텔,전북특별자치도 군산시 비응남1길 11 (비응도동),35.9375351,126.5264277,35.9375519,126.5263953,3
국제파크,여관업,전북특별자치도 익산시 인북로4길 35 (인화동2가),35.9298621,126.9533641,35.9298921,126.9533746,3
시마모텔,여관업,전북특별자치도 익산시 왕궁면 송선길 18-7,35.9873509,127.1049032,35.9873562,127.1049411,3
헤이군산호텔,일반호텔,전북특별자치도 군산시 부곡4길 21-5 (나운동),35.9618346,126.6899325,35.9618448,126.6899688,3
카카오 모텔,여관업,전북특별자치도 완주군 삼례읍 삼봉로 53,35.9138790,127.0769950,35.9138660,127.0770298,3
달빛펜션모텔,숙박업(생활),전북특별자치도 정읍시 내장호반로 572 (내장동),35.4918536,126.9277557,35.4918709,126.9277241,3
공주여인숙,여인숙업,전북특별자치도 익산시 익산대로 198-42 (창인동1가),35.9439248,126.9491018,35.9439422,126.9490705,3
그린모텔,여관업,전북특별자치도 정읍시 명덕로 65-5 (연지동),35.5766524,126.8458126,35.5766816,126.8458021,3
한솔모텔,여관업,전북특별자치도 김제시 진남길 16-7 (연정동),35.7965243,126.8648870,35.7965158,126.8649230,3
프로포즈,여관업,전북특별자치도 전주시 완산구 한두평3길 8 (중화산동2가),35.8146437,127.1239436,35.8146380,127.1239804,3
풍남모텔,여관업,전북특별자치도 전주시 덕진구 우아1길 30 (우아동3가),35.8479199,127.1539590,35.8479487,127.1539471,3
앤젤모텔,여관업,전북특별자치도 익산시 무왕로23길 28-27 (부송동),35.9621088,126.9891538,35.9620787,126.9891506,3
세라톤모텔,여관업,전북특별자치도 정읍시 내장산로 933-5 (내장동),35.4936220,126.9287704,35.4935986,126.9287474,3
W모텔,여관업,전북특별자치도 익산시 익산대로52길 45 (남중동),35.9510367,126.9569169,35.9510542,126.9568868,3
라임,여관업,전북특별자치도 전주시 덕진구 팽나무4길 22-4 (인후동1가),35.8347407,127.1541115,35.8347659,127.1541308,3
호텔 프랑소와,여관업,전북특별자치도 정읍시 관통로 41 (상동),35.5630997,126.8597806,35.5631123,126.8598137,3
성덕여인숙,여인숙업,전북특별자치도 고창군 고창읍 남정6길 30-2,35.4316516,126.6984348,35.4316538,126.6983985,3
다올호텔,일반호텔,전북특별자치도 군산시 동팔마길 50 (대명동),35.9784628,126.7206270,35.9784754,126.7205939,3
어제처럼모텔,여관업,전북특별자치도 전주시 덕진구 도당산4길 10 (우아동3가),35.8481360,127.1595694,35.8481646,127.1595598,3
모과의시간,숙박업(생활),"전북특별자치도 군산시 신영2길 8-4, 1층 (신영동)",35.9847936,126.7189382,35.9848072,126.7189061,3
프리마모텔,여관업,전북특별자치도 군산시 칠성5길 191 (소룡동),35.9726452,126.6785245,35.9726398,126.6784890,3
라뉘호텔,여관업,"전북특별자치도 전주시 덕진구 송천중앙로 12-4 (덕진동2가,외1필지)",35.8477620,127.1188377,35.8477486,127.1188698,3
하바나모텔,여관업,전북특별자치도 군산시 가도2길 17 (오식도동),35.9478698,126.5696000,35.9478407,126.5696027,3
태극모텔,여관업,전북특별자치도 전주시 덕진구 산정1길 28 (산정동),35.8385397,127.1678981,35.8385389,127.1678621,3
궁 무인텔1,숙박업 기타,전북특별자치도 김제시 전초암길 15 (서암동),35.8062849,126.8757165,35.8062563,126.8757237,3
엠에이취호텔객리단점,여관업,전북특별자치도 전주시 완산구 전주천동로 230-5 (다가동3가),35.8171835,127.1398135,35.8171763,127.1398478,3
지리산모텔,여관업,전북특별자치도 남원시 인월면 인월로 87-4,35.4620877,127.6048387,35.4620731,127.6048083,3
챔피언펜션,숙박업(생활),"전북특별자치도 무주군 설천면 만선1로 64, 2, 3층",35.9049957,127.7557778,35.9049938,127.7557424,3
정든장여인숙,여인숙업,전북특별자치도 부안군 부안읍 동중3길 7-1,35.7292485,126.7353534,35.7292267,126.7353307,3
저스트슬립호텔군산점,일반호텔,전북특별자치도 군산시 부곡3길 15-5 (나운동),35.9617441,126.6901306,35.9617367,126.6900966,3
하운드호텔덕진점,여관업,전북특별자치도 전주시 덕진구 기린대로 532-6 (덕진동1가),35.8460335,127.1214616,35.8460323,127.1214965,3
에이치호텔,여관업,전북특별자치도 전주시 덕진구 아중4길 23-6 (우아동2가),35.8296755,127.1728542,35.8296871,127.1728224,3
남부장여관,여관업,전북특별자치도 익산시 인북로1길 22 (인화동1가),35.9306606,126.9471731,35.9306864,126.9471873,3
위드힐 펜션,여관업,전북특별자치도 부안군 변산면 궁항영상길 131,35.6084438,126.4693835,35.6084250,126.4693577,3
(유)라베호텔,여관업,전북특별자치도 전주시 완산구 한두평2길 8-5 (중화산동2가),35.8131414,127.1239641,35.8131465,127.1239300,3
대원모텔,여관업,전북특별자치도 익산시 금마면 황금로 780,36.0089614,127.0091086,36.0089625,127.0090739,3
모양성호텔,여관업,전북특별자치도 고창군 고창읍 중앙로 331,35.4350377,126.7119536,35.4350402,126.7119878,3
토마토모텔,여관업,전북특별자치도 전주시 덕진구 용산3길 18 (금암동),35.8360566,127.1328427,35.8360747,127.1328690,3
에코스테이,일반호텔,전북특별자치도 전주시 덕진구 세병서로 8-27 (송천동2가),35.8714723,127.1228095,35.8714848,127.1227788,3
시네마,여관업,전북특별자치도 익산시 익산대로2길 34 (인화동1가),35.9311466,126.9475376,35.9311733,126.9475280,3
봄나루호텔,여관업,전북특별자치도 익산시 춘포면 춘포로 327,35.9020264,127.0027383,35.9020038,127.0027581,3
K(케이)모텔,여관업,전북특별자치도 부안군 부안읍 낭주길 31,35.7275251,126.7394375,35.7275438,126.7394625,3
펜션 1052,숙박업(생활),"전북특별자치도 무주군 설천면 구천동로 1052, 2-3층",35.9071542,127.7611671,35.9071794,127.7611532,3
다이아몬드장,여관업,전북특별자치도 전주시 완산구 한두평4길 7 (중화산동2가),35.8157903,127.1239061,35.8157637,127.1238978,3
스위스모텔,여관업,전북특별자치도 군산시 부곡4길 22-3 (나운동),35.9624828,126.6900420,35.9625100,126.6900468,3
경도장 모텔,여관업,전북특별자치도 익산시 금마면 미륵사지로1길 34-9,35.9891724,127.0533888,35.9891996,127.0533842,3
호텔레이나,여관업,전북특별자치도 전주시 덕진구 산정3길 6 (산정동),35.8373340,127.1707915,35.8373613,127.1707918,3
임페리얼파크,여관업,전북특별자치도 군산시 부곡4길 18-4 (나운동),35.9623231,126.6908744,35.9623017,126.6908953,3
반야모텔,여관업,전북특별자치도 남원시 인월면 인월남길 8,35.4608097,127.6036278,35.4608018,127.6035961,3
무주멘토스키펜션,숙박업(생활),"전북특별자치도 무주군 설천면 만선로 38, 2-3층",35.9097728,127.7557598,35.9097492,127.7557437,3
뉴프린스관광호텔,여관업,전북특별자치도 고창군 고창읍 성산8길 4,35.4372002,126.6959702,35.4371993,126.6959372,3
나비호텔,여관업,전북특별자치도 전주시 덕진구 산정3길 28 (산정동),35.8389441,127.1694233,35.8389310,127.1693943,3
아리아모텔,숙박업 기타,"전북특별자치도 부안군 진서면 곰소윗길 77-7, 아리아모텔",35.5918281,126.6123574,35.5918014,126.6123533,3
광성여관,여관업,전북특별자치도 장수군 장수읍 장천로 165,35.6470224,127.5180307,35.6470489,127.5180343,3
온결호텔,여관업,전북특별자치도 전주시 덕진구 아중4길 19-4 (우아동2가),35.8298970,127.1732659,35.8299218,127.1732541,3
모래시계여관,여관업,전북특별자치도 군산시 임피면 주산2길 6-6,35.9582023,126.8703864,35.9582026,126.8703537,3
오션빌리지 104,숙박업(생활),"전북특별자치도 부안군 변산면 변산해변로 241, A동",35.6417382,126.4714410,35.6417645,126.4714370,3
스카이모텔,여관업,전북특별자치도 군산시 서래내길 48-2 (경암동),35.9786669,126.7255673,35.9786419,126.7255778,3
연화모텔,여관업,전북특별자치도 전주시 덕진구 덕진연못3길 8-2 (덕진동2가),35.8465694,127.1208132,35.8465956,127.1208092,3
유엔아이리조트,숙박업(생활),전북특별자치도 무주군 설천면 비례길 45,36.0187473,127.7545214,36.0187678,127.7545419,3
로베펜션,숙박업(생활),전북특별자치도 무주군 설천면 구천동1로 129,35.8973676,127.7752078,35.8973417,127.7752021,3
슈가101,여관업,전북특별자치도 군산시 조촌안5길 37 (경장동),35.9722645,126.7341101,35.9722399,126.7341210,3
루이호텔,여관업,전북특별자치도 전주시 완산구 한두평2길 10 (중화산동2가),35.8134294,127.1240702,35.8134512,127.1240527,3
와이모텔,여관업,전북특별자치도 전주시 완산구 한두평4길 12 (중화산동2가),35.8155589,127.1241723,35.8155335,127.1241792,3
부안 스카이 펜션,숙박업(생활),전북특별자치도 부안군 변산면 궁항로 72-2,35.6045219,126.4763196,35.6045475,126.4763243,3
시골길펜션 2동,숙박업(생활),전북특별자치도 무주군 무풍면 구천동로 575-32,35.9024113,127.8076235,35.9024057,127.8075923,3
황금무인텔 B동,숙박업 기타,전북특별자치도 부안군 부안읍 순환남로 585,35.7121180,126.7561673,35.7121246,126.7561365,3
H(에이치)모텔,여관업,전북특별자치도 군산시 죽성로 33-5 (장미동),35.9871541,126.7171833,35.9871287,126.7171882,3
리베라모텔,여관업,전북특별자치도 남원시 충정로 230-8 (도통동),35.4226701,127.3944714,35.4226604,127.3944421,3
칠연계곡펜션,숙박업(생활),"전북특별자치도 무주군 안성면 칠연로 467-3, 1-2층",35.8403000,127.6850141,35.8403097,127.6850434,3
릴렉스모텔,여관업,"전북특별자치도 전주시 덕진구 아중4길 6-9, 1-4층 (우아동2가)",35.8313944,127.1740130,35.8314197,127.1740174,3
호텔 윈,여관업,전북특별자치도 군산시 조촌안5길 40 (경장동),35.9720915,126.7337276,35.9720768,126.7337020,3
블랙하우스 모텔,여관업,전북특별자치도 순창군 순창읍 순창로 189-1,35.3721681,127.1418665,35.3721805,127.1418934,3
현대장모텔,숙박업 기타,전북특별자치도 완주군 고산면 읍내2길 5,35.9744176,127.2067381,35.9744248,127.2067082,3
궁 모텔,숙박업 기타,전북특별자치도 완주군 봉동읍 둔산2로 33-8,35.9586043,127.1222720,35.9585793,127.1222750,3
하운드호텔전주중화산,여관업,전북특별자치도 전주시 완산구 한두평1길 14 (중화산동2가),35.8122982,127.1244861,35.8123116,127.1245123,3
시골길펜션,숙박업(생활),전북특별자치도 무주군 무풍면 구천동로 575-34,35.9021694,127.8074747,35.9021584,127.8074470,3
호텔박스,일반호텔,전북특별자치도 군산시 소룡2길 43 (소룡동),35.9723286,126.6765468,35.9723234,126.6765167,3
햇살펜션,여관업,전북특별자치도 정읍시 추령로 2189 (내장동),35.4965622,126.9275634,35.4965387,126.9275738,3
S2무인호텔,숙박업 기타,"전북특별자치도 정읍시 첨단과학로 342-5, S2무인텔 (신정동)",35.5081719,126.8489454,35.5081529,126.8489256,3
나인트리 드라이브 인 호텔,일반호텔,전북특별자치도 군산시 죽성로 54-3 (신영동),35.9870130,126.7197295,35.9870134,126.7196987,3
풀하우스,여관업,전북특별자치도 무주군 설천면 내배방길 18,35.9121226,127.7570097,35.9121441,127.7570249,3
Q(큐)무인텔,여관업,전북특별자치도 김제시 금구면 봉두로 47,35.7742932,127.0070400,35.7742747,127.0070605,3
호텔 알,일반호텔,전북특별자치도 군산시 부곡4길 18-2 (나운동),35.9621351,126.6907458,35.9621288,126.6907754,3
한성여관,여관업,전북특별자치도 익산시 익산대로 150-8 (중앙동1가),35.9394301,126.9477409,35.9394479,126.9477622,3
오렌지펜션,숙박업 기타,전북특별자치도 무주군 설천면 내배방길 9-3,35.9108810,127.7567238,35.9108965,127.7567003,3
해금장,여관업,전북특별자치도 남원시 옥정1길 126 (향교동),35.4157681,127.3890300,35.4157924,127.3890334,3
키치홀리데이,숙박업 기타,전북특별자치도 전주시 완산구 풍남문4길 25-7 (중앙동4가),35.8143992,127.1451501,35.8144108,127.1451765,3
문화여인숙,여인숙업,전북특별자치도 군산시 미원안길 36 (중앙로3가),35.9806653,126.7185917,35.9806431,126.7185797,3
브라운도트 호텔,일반호텔,전북특별자치도 군산시 장미2길 6 (장미동),35.9877694,126.7176571,35.9877920,126.7176681,3
나래펜션,숙박업 기타,전북특별자치도 무주군 설천면 만선1로 56 ((2~3층)),35.9045578,127.7552267,35.9045472,127.7552537,3
초콜릿데이 호텔,여관업,전북특별자치도 남원시 충정로 220-9 (도통동),35.4224466,127.3942778,35.4224575,127.3943043,3
버터스테이,여관업,전북특별자치도 전주시 완산구 팔달로 94-6 (전동),35.8114673,127.1501310,35.8114436,127.1501252,3
백제여관,여관업,전북특별자치도 전주시 덕진구 용산3길 34-1 (금암동),35.8349453,127.1339059,35.8349213,127.1339089,3
큐모텔,여관업,전북특별자치도 정읍시 명덕로 59-2 (연지동),35.5762677,126.8457420,35.5762912,126.8457482,3
전주호텔,여관업,전북특별자치도 전주시 덕진구 산정2길 31 (산정동),35.8387679,127.1679500,35.8387862,127.1679692,3
하운드호텔 익산점,숙박업 기타,전북특별자치도 익산시 인북로1길 19 (인화동1가),35.9303518,126.9473044,35.9303280,126.9473007,3
모텔 하루,여관업,전북특별자치도 군산시 가도안2길 82 (오식도동),35.9469312,126.5656667,35.9469464,126.5656895,3
산수장여관,여관업,전북특별자치도 임실군 관촌면 사선로 45,35.6743566,127.2698099,35.6743743,127.2698290,3
하늘땅펜션,숙박업(생활),전북특별자치도 무주군 설천면 구천동로 966-10,35.9071112,127.7705724,35.9071215,127.7705985,3
에이치씨프라임호텔(HC PRIME HOTEL),일반호텔,전북특별자치도 전주시 완산구 전주천동로 240 (다가동3가),35.8176123,127.1394349,35.8176300,127.1394158,3
"덕유산스키샵, 콘도",여관업,전북특별자치도 무주군 설천면 만선로 10,35.9111198,127.7585214,35.9111280,127.7584942,3
화이트모텔,여관업,전북특별자치도 부안군 부안읍 동중3길 15,35.7284848,126.7354281,35.7284614,126.7354272,3
힐하우스,여관업,전북특별자치도 군산시 풍문1길 5-7 (삼학동),35.9769334,126.7160850,35.9769416,126.7160579,3
THE WAY,여관업,전북특별자치도 익산시 인북로6길 46 (인화동2가),35.9297642,126.9545112,35.9297876,126.9545097,3
하얏트모텔,여관업,전북특별자치도 전주시 덕진구 도당산로 65 (우아동3가),35.8473387,127.1573494,35.8473602,127.1573381,3
청수장여관,여관업,전북특별자치도 정읍시 태평2길 23-4 (시기동),35.5639551,126.8537076,35.5639714,126.8536872,3
동남장여관,여관업,"전북특별자치도 남원시 충정로 123-17, 동남장여관 (향교동)",35.4166528,127.3872341,35.4166445,127.3872075,3
평안여관,여관업,전북특별자치도 군산시 창성2길 18-9 (개복동),35.9842371,126.7124071,35.9842140,126.7124046,3
장춘여인숙,여인숙업,전북특별자치도 익산시 익산대로 190-7 (창인동1가),35.9430789,126.9487367,35.9430859,126.9487636,3
신라장여관,여관업,전북특별자치도 부안군 부안읍 동중3길 14,35.7286514,126.7351127,35.7286737,126.7351063,3
새암장여관,여관업,전북특별자치도 정읍시 태평3길 13-16 (시기동),35.5646127,126.8559614,35.5645942,126.8559448,3
수도여관,여관업,전북특별자치도 군산시 중정길 7-4 (개복동),35.9845060,126.7138079,35.9844920,126.7138302,3
메인호텔,여관업,전북특별자치도 전주시 덕진구 우아1길 5 (우아동3가),35.8484938,127.1564109,35.8484729,127.1564221,3
에이치에비뉴호텔덕진점,여관업,"전북특별자치도 전주시 덕진구 덕진연못3길 9-3 (덕진동2가,외2필지(197-18,189-29))",35.8470710,127.1201966,35.8470760,127.1201693,3
비앤비,여관업,전북특별자치도 군산시 미원1길 7 (미원동),35.9802965,126.7161670,35.9803191,126.7161642,3
더원브릿지,여관업,전북특별자치도 익산시 익산대로2길 41 (인화동1가),35.9312246,126.9483285,35.9312467,126.9483345,3
아미르모텔,여관업,전북특별자치도 전주시 덕진구 아중2길 14-4 (우아동2가),35.8298061,127.1741724,35.8298129,127.1741991,3
가볼가,여관업,전북특별자치도 익산시 인북로6길 48 (인화동2가),35.9297060,126.9547390,35.9297197,126.9547174,2
달밤여인숙,여인숙업,"전북특별자치도 정읍시 연지1길 42-4, 은중여인숙 (연지동)",35.5721313,126.8442865,35.5721535,126.8442850,2
코아모텔,여관업,전북특별자치도 전주시 완산구 팔달로 286-7 (서노송동),35.8278684,127.1432717,35.8278508,127.1432883,2
IC펜션,숙박업(생활),전북특별자치도 무주군 설천면 만선1로 96,35.9079716,127.7563865,35.9079612,127.7564106,2
힐링카운티 14동,숙박업(생활),전북특별자치도 고창군 고창읍 석정2로 207-13,35.4320587,126.7447642,35.4320565,126.7447374,2
곰소모텔,여관업,전북특별자치도 부안군 진서면 곰소항길 71-2,35.5870808,126.6080267,35.5870597,126.6080192,2
오페라모텔,여관업,전북특별자치도 남원시 요천로 1563 (죽항동),35.4090891,127.3899251,35.4090679,127.3899184,2
힐링카운티 10동,숙박업(생활),전북특별자치도 고창군 고창읍 석정2로 207-44,35.4316261,126.7449702,35.4316192,126.7449956,2
힐링카운티 15동,숙박업(생활),전북특별자치도 고창군 고창읍 석정2로 207-15,35.4321503,126.7449692,35.4321373,126.7449477,2
화담여관,여관업,"전북특별자치도 군산시 평화길 99-3, 1,2층 (죽성동)",35.9859433,126.7166197,35.9859510,126.7165945,2
이만오천냥모텔,여관업,전북특별자치도 익산시 목천로7길 29 (인화동2가),35.9293135,126.9535553,35.9293047,126.9535800,2
동백장여관,여관업,전북특별자치도 남원시 옥정1길 130 (향교동),35.4159013,127.3889148,35.4159223,127.3889219,2
카무인텔,여관업,전북특별자치도 군산시 평화길 123-6 (장미동),35.9874146,126.7161872,35.9873938,126.7161953,2
보보스모텔,여관업,전북특별자치도 부안군 진서면 곰소윗길 77-15,35.5924972,126.6124422,35.5924755,126.6124441,2
현대파크여관,여관업,전북특별자치도 익산시 인북로5길 9-3 (창인동1가),35.9417733,126.9532807,35.9417936,126.9532903,2
호텔폭스,여관업,전북특별자치도 전주시 완산구 홍산북로 58 (효자동3가),35.8172942,127.1081652,35.8173155,127.1081597,2
미르텔,여관업,전북특별자치도 전주시 덕진구 건산2길 5 (진북동),35.8314243,127.1408287,35.8314410,127.1408458,2
센스모텔,여관업,전북특별자치도 전주시 덕진구 덕진연못3길 8-6 (덕진동1가),35.8462875,127.1212324,35.8462889,127.1212591,2
디바,여관업,전북특별자치도 익산시 인북로4길 52 (인화동2가),35.9290413,126.9548576,35.9290618,126.9548660,2
샤니모텔,여관업,전북특별자치도 부안군 부안읍 동중3길 18,35.7283590,126.7351070,35.7283720,126.7351282,2
베리,여관업,전북특별자치도 익산시 배산로6길 8-1 (송학동),35.9427383,126.9387338,35.9427236,126.9387143,2
탑모텔,여관업,전북특별자치도 고창군 고창읍 보릿골로 125,35.4365790,126.6952339,35.4366004,126.6952307,2
무궁화모텔,여관업,전북특별자치도 남원시 주천면 원천로 345-39,35.4025974,127.4275009,35.4025812,127.4274835,2
수정여관,여관업,전북특별자치도 군산시 장재길 4 (장재동),35.9794114,126.7198530,35.9793906,126.7198598,2
호텔 스테이,여관업,전북특별자치도 군산시 부곡4길 12-5 (나운동),35.9622267,126.6910780,35.9622311,126.6910521,2
블랙하우스,숙박업 기타,전북특별자치도 부안군 부안읍 동중2길 16,35.7289464,126.7362873,35.7289626,126.7363043,2
모나코,여관업,전북특별자치도 부안군 변산면 변산로 1906,35.6888300,126.5386472,35.6888419,126.5386255,2
삼성장여관,여관업,전북특별자치도 전주시 덕진구 가리내로 29-4 (금암동),35.8338333,127.1325038,35.8338122,127.1324999,2
변산반도펜션,숙박업(생활),전북특별자치도 부안군 변산면 변산해변로 799-45,35.6676814,126.5159398,35.6676952,126.5159597,2
한마음모텔,여관업,전북특별자치도 정읍시 중앙2길 18 (수성동),35.5678976,126.8526149,35.5679118,126.8525956,2
드래곤무인호텔 2,숙박업 기타,"전북특별자치도 완주군 이서면 오공로 21-5, 6층",35.8363085,127.0577148,35.8362903,127.0577013,2
드래곤무인호텔 1,숙박업 기타,"전북특별자치도 완주군 이서면 오공로 21-5, 5층",35.8363085,127.0577148,35.8362903,127.0577013,2
나주여인숙,여인숙업,전북특별자치도 고창군 고창읍 남정7길 3,35.4337210,126.7011772,35.4337161,126.7011519,2
호텔넘버25 익산역점,여관업,전북특별자치도 익산시 인북로4길 34 (인화동2가),35.9296684,126.9529940,35.9296850,126.9530103,2
에프엑스(FX)모텔,여관업,전북특별자치도 전주시 덕진구 아중4길 14-10 (우아동2가),35.8311246,127.1734818,35.8311071,127.1734965,2
호텔도토리,일반호텔,전북특별자치도 군산시 조촌안5길 61 (경장동),35.9705844,126.7344191,35.9706055,126.7344191,2
발리모텔,여관업,전북특별자치도 남원시 옥정4길 5 (향교동),35.4150080,127.3871207,35.4150286,127.3871262,2
소풍,여관업,전북특별자치도 익산시 인북로4길 7 (인화동1가),35.9306617,126.9504930,35.9306822,126.9504986,2
라온호텔,숙박업 기타,전북특별자치도 전주시 완산구 풍남문2길 124-7 (중앙동4가),35.8145717,127.1438068,35.8145585,127.1437867,2
마루호텔,여관업,전북특별자치도 군산시 구시장로 82 (신영동),35.9874736,126.7190296,35.9874941,126.7190247,2
청담모텔,여관업,전북특별자치도 전주시 덕진구 우아3길 13 (우아동3가),35.8487163,127.1555591,35.8487250,127.1555362,2
엠파이어 모텔,여관업,전북특별자치도 전주시 완산구 한두평1길 13-3 (중화산동2가),35.8128161,127.1242358,35.8128154,127.1242105,2
서울여인숙,여인숙업,전북특별자치도 군산시 미원로 122-1 (미원동),35.9796598,126.7177738,35.9796697,126.7177517,2
해성펜션,숙박업(생활),전북특별자치도 고창군 상하면 진암구시포로 525,35.4448425,126.4376617,35.4448286,126.4376433,2
씨크릿모텔,여관업,전북특별자치도 전주시 완산구 한두평2길 13 (중화산동2가),35.8137129,127.1243040,35.8137331,127.1243063,2
전주한옥마을 알지비,여관업,"전북특별자치도 전주시 완산구 전주천동로 86-1 (교동,,5번지)",35.8110621,127.1511703,35.8110418,127.1511715,2
k3무인텔,여관업,전북특별자치도 익산시 익산대로2길 14-3 (평화동),35.9315461,126.9454550,35.9315658,126.9454495,2
리즈모텔,여관업,전북특별자치도 완주군 고산면 읍내7길 42,35.9772063,127.2130215,35.9772096,127.2129969,2
송악모텔,여관업,"전북특별자치도 고창군 아산면 선운사로 100, 송악모텔",35.5044331,126.5923489,35.5044338,126.5923242,2
기린장여관,여관업,전북특별자치도 전주시 완산구 노송광장로 59 (서노송동),35.8259700,127.1450783,35.8259590,127.1450990,2
전주한옥마을소리울,숙박업(생활),전북특별자치도 전주시 완산구 팔달로 144-4 (전동),35.8152468,127.1485370,35.8152620,127.1485209,2
데이나이스 호텔,일반호텔,전북특별자치도 전주시 완산구 홍산북로 46 (효자동3가),35.8172935,127.1069876,35.8172734,127.1069867,2
화산모텔,여관업,전북특별자치도 군산시 칠성5길 192 (소룡동),35.9724819,126.6788070,35.9724682,126.6788249,2
(유)만상모텔,여관업,전북특별자치도 완주군 이서면 오공로 21-11,35.8367411,127.0577151,35.8367215,127.0577193,2
힐링무인텔,여관업,전북특별자치도 군산시 백릉안1길 26 (경장동),35.9706859,126.7312746,35.9706677,126.7312644,2
스테이201호텔,여관업,전북특별자치도 김제시 동헌3길 11 (요촌동),35.7996551,126.8841459,35.7996400,126.8841618,2
수왕장여관,여관업,전북특별자치도 전주시 덕진구 건산1길 7-2 (진북동),35.8310764,127.1416606,35.8310655,127.1416812,2
필모텔,여관업,전북특별자치도 전주시 덕진구 도당산로 65-4 (우아동3가),35.8475336,127.1570844,35.8475516,127.1570742,2
오마이모텔,여관업,전북특별자치도 군산시 조촌안5길 46 (경장동),35.9717241,126.7337404,35.9717110,126.7337587,2
변산반도 사계절펜션,숙박업(생활),"전북특별자치도 부안군 변산면 변산로 3205, 변산반도 사계절 펜션",35.6009985,126.4851020,35.6010050,126.4851250,2
프라하모텔,여관업,전북특별자치도 전주시 덕진구 덕진연못3길 5 (덕진동2가),35.8467658,127.1203352,35.8467771,127.1203154,2
코아장여관,여관업,전북특별자치도 정읍시 명덕로 38-1 (연지동),35.5745963,126.8441107,35.5745884,126.8440885,2
엘까미노(EL CAMINO),숙박업 기타,전북특별자치도 군산시 구영4길 15 (영화동),35.9888841,126.7096443,35.9888864,126.7096203,2
하운드호텔전주터미널,여관업,전북특별자치도 전주시 덕진구 용산1길 6-5 (금암동),35.8351239,127.1298277,35.8351428,127.1298338,2
힐탑모텔,여관업,전북특별자치도 익산시 배산로6길 24 (송학동),35.9423699,126.9403748,35.9423715,126.9403507,2
한성여인숙,여인숙업,"전북특별자치도 부안군 부안읍 동중1길 4-4, 한성여인숙",35.7297185,126.7352947,35.7297038,126.7352789,2
큐모텔,여관업,전북특별자치도 군산시 서래내길 38 (경암동),35.9777247,126.7255368,35.9777081,126.7255242,2
피아노모텔,여관업,전북특별자치도 부안군 부안읍 석정로 202,35.7276124,126.7368849,35.7276073,126.7368618,2
대명여관,여관업,전북특별자치도 군산시 대명2길 12-1 (대명동),35.9812065,126.7194586,35.9812099,126.7194822,2
해태장여관,여관업,전북특별자치도 남원시 옥정1길 134 (향교동),35.4161396,127.3885911,35.4161385,127.3885675,2
더그레이호텔,일반호텔,전북특별자치도 전주시 덕진구 세병서로 18-6 (송천동2가),35.8713330,127.1239769,35.8713441,127.1239964,2
스테이호텔,일반호텔,전북특별자치도 전주시 완산구 홍산북로 60-8 (효자동3가),35.8170698,127.1082544,35.8170888,127.1082556,2
브라운도트호텔 전주신시가지,여관업,전북특별자치도 전주시 완산구 홍산북로 70-7 (효자동3가),35.8170687,127.1097805,35.8170837,127.1097661,2
도보책방,여관업,전북특별자치도 남원시 인월면 인월장터로 6,35.4603406,127.6020118,35.4603251,127.6019984,2
현대여관,여관업,"전북특별자치도 전주시 완산구 아중로 18-2, 현대장여관 (중노송동)",35.8228517,127.1520681,35.8228423,127.1520479,2
피카소장,여관업,전북특별자치도 군산시 장미2길 8 (장미동),35.9877577,126.7174717,35.9877760,126.7174773,2
동해장 모텔,여관업,전북특별자치도 익산시 서동로 88 (동산동),35.9333001,126.9615523,35.9332823,126.9615448,2
태흥여관,여관업,"전북특별자치도 고창군 고창읍 성산2길 3, 태흥장",35.4361899,126.6959428,35.4362036,126.6959583,2
스타장여관,여관업,전북특별자치도 익산시 인북로11길 29 (남중동),35.9511230,126.9566385,35.9511178,126.9566606,2
호텔마루,숙박업 기타,전북특별자치도 완주군 이서면 오공로 21-17,35.8372640,127.0577153,35.8372461,127.0577217,2
자무인텔,숙박업 기타,전북특별자치도 완주군 운주면 대둔산로 2298-60,36.1214394,127.3372779,36.1214565,127.3372867,2
제일여인숙,여인숙업,전북특별자치도 김제시 동헌3길 38 (옥산동),35.7999397,126.8826741,35.7999476,126.8826534,2
모키,여관업,전북특별자치도 전주시 덕진구 가리내로 15-1 (금암동),35.8340720,127.1344854,35.8340900,127.1344803,2
베니스,여관업,전북특별자치도 군산시 경포천서길 37-2 (경암동),35.9774756,126.7257255,35.9774938,126.7257223,2
백합장여관,여관업,전북특별자치도 전주시 덕진구 가리내로 29-3 (금암동),35.8337349,127.1330104,35.8337529,127.1330058,2
엣지호텔,여관업,전북특별자치도 전주시 덕진구 산정2길 28-5 (산정동),35.8389373,127.1687204,35.8389209,127.1687303,2
정상파크장,여관업,전북특별자치도 순창군 복흥면 추령로 1792-23,35.4788069,126.9282436,35.4788063,126.9282660,2
소풍펜션,숙박업(생활),전북특별자치도 무주군 설천면 내배방길 9-1,35.9112579,127.7569880,35.9112654,127.7569677,2
스테이오늘 익산평화점,여관업,전북특별자치도 익산시 익산대로4길 17 (평화동),35.9323080,126.9460840,35.9323235,126.9460954,2
전주한옥마을숙소 호텔 북앤타이프,여관업,전북특별자치도 전주시 완산구 전동성당길 33-13 (경원동2가),35.8177278,127.1495933,35.8177452,127.1495875,2
호텔 엘타워,일반호텔,전북특별자치도 군산시 부곡1길 52 (나운동),35.9607819,126.6912031,35.9607749,126.6911827,2
제니홈,여관업,전북특별자치도 전주시 덕진구 장재안길 6 (우아동3가),35.8517086,127.1598627,35.8517247,127.1598724,2
진안파크,여관업,전북특별자치도 진안군 진안읍 진무로 1100-6,35.7915138,127.4288590,35.7915009,127.4288439,2
해인펜션,숙박업(생활),전북특별자치도 부안군 변산면 궁항로 72-10,35.6050409,126.4759958,35.6050575,126.4760038,2
라온하제호텔,일반호텔,전북특별자치도 군산시 비응안1길 6 (비응도동),35.9417770,126.5312145,35.9417673,126.5312329,2
라벤하임모텔,여관업,전북특별자치도 부안군 부안읍 동중1길 17,35.7286954,126.7361336,35.7286777,126.7361323,2
첼로,여관업,전북특별자치도 정읍시 연지시장2길 26 (연지동),35.5742333,126.8457876,35.5742437,126.8457700,2
동해모텔,여관업,전북특별자치도 익산시 동서로 340 (영등동),35.9501097,126.9710249,35.9501202,126.9710073,2
팔마장여관,여관업,전북특별자치도 군산시 동팔마길 7-5 (동흥남동),35.9755099,126.7232955,35.9755170,126.7233155,2
삼성여인숙,여인숙업,전북특별자치도 익산시 익산대로 190-8 (창인동1가),35.9429869,126.9487612,35.9429894,126.9487398,2
용담장,여관업,전북특별자치도 완주군 고산면 대아저수로 439,35.9910674,127.2620990,35.9910763,127.2620804,2
웰컴호텔,일반호텔,전북특별자치도 군산시 가도2길 57 (오식도동),35.9472891,126.5676495,35.9472975,126.5676685,2
청실장여관,여관업,전북특별자치도 전주시 덕진구 용산3길 36 (금암동),35.8350290,127.1340838,35.8350429,127.1340711,2
모란장여관,여관업,전북특별자치도 전주시 덕진구 기린대로 252-11 (진북동),35.8294396,127.1437993,35.8294230,127.1437939,2
서해모텔,여관업,전북특별자치도 군산시 현충로 86 (나운동),35.9628698,126.6895095,35.9628534,126.6895149,2
캐슬모텔,여관업,전북특별자치도 전주시 덕진구 아중4길 10-4 (우아동2가),35.8308735,127.1741069,35.8308624,127.1741226,2
엘호텔,여관업,전북특별자치도 군산시 부곡4길 19 (나운동),35.9620684,126.6900959,35.9620674,126.6901166,2
스카이모텔,여관업,전북특별자치도 정읍시 명덕로 50 (연지동),35.5751406,126.8450426,35.5751573,126.8450412,2
엘도라도,여관업,전북특별자치도 군산시 임피면 동군산로 681,35.9842475,126.8486506,35.9842482,126.8486713,2
동황파크,여관업,전북특별자치도 익산시 인북로 108-26 (갈산동),35.9384685,126.9545199,35.9384835,126.9545291,2
샤르모텔,여관업,전북특별자치도 부안군 부안읍 석정로 199-4,35.7278225,126.7375832,35.7278145,126.7376012,2
한양여관,여관업,"전북특별자치도 고창군 고창읍 남정10길 17, 한양장",35.4337734,126.6989768,35.4337578,126.6989839,2
보보스,여관업,전북특별자치도 남원시 충정로 230-10 (도통동),35.4225519,127.3945269,35.4225460,127.3945081,2
대성파크장,여관업,전북특별자치도 정읍시 명륜길 9-7 (수성동),35.5702105,126.8505903,35.5702250,126.8505808,2
필 모텔,여관업,전북특별자치도 김제시 벽지산로 258 (교동),35.7983846,126.8765184,35.7983687,126.8765224,2
로즈마리모텔,여관업,전북특별자치도 전주시 덕진구 용산1길 11-1 (금암동),35.8355330,127.1307053,35.8355395,127.1306870,2
바다 풍경이 아름다운 섬호텔(군산비응항점),일반호텔,전북특별자치도 군산시 비응남로 38 (비응도동),35.9384721,126.5267598,35.9384575,126.5267685,2
파인모텔,여관업,전북특별자치도 전주시 완산구 현무3길 54 (중노송동),35.8220985,127.1504583,35.8221019,127.1504389,2
24게스트하우스 전주점,숙박업(생활),"전북특별자치도 전주시 완산구 현무3길 56, 1~3층 (중노송동)",35.8221969,127.1503409,35.8221814,127.1503357,2
라임호텔,일반호텔,전북특별자치도 전주시 덕진구 아중4길 13-3 (우아동2가),35.8301573,127.1739882,35.8301726,127.1739823,2
성수장여관,여관업,전북특별자치도 군산시 소룡1길 45 (소룡동),35.9725107,126.6759437,35.9725002,126.6759287,2
스테이코지,숙박업 기타,"전북특별자치도 전주시 완산구 팔달로 150-3, 2층 (전동)",35.8159092,127.1481934,35.8159249,127.1481896,2
스테이인 1025,일반호텔,전북특별자치도 군산시 정자로 91 (내흥동),36.0005298,126.7537798,36.0005247,126.7537614,2
짬모텔,여관업,전북특별자치도 군산시 미원1길 9 (미원동),35.9804671,126.7161651,35.9804817,126.7161722,2
모텔수,여관업,전북특별자치도 김제시 콩쥐팥쥐로 95-23 (순동),35.8092072,126.9147234,35.8091917,126.9147248,2
V모텔,여관업,전북특별자치도 익산시 인북로2길 17 (인화동1가),35.9295626,126.9510832,35.9295777,126.9510881,2
휴모텔,여관업,전북특별자치도 완주군 봉동읍 둔산2로 34,35.9584647,127.1233955,35.9584768,127.1234077,2
야성여인숙,여인숙업,전북특별자치도 군산시 대명2길 5 (중앙로3가),35.9806969,126.7193135,35.9807123,126.7193124,2
새 상사모텔,여관업,전북특별자치도 임실군 신덕면 신덕평로 742,35.6743990,127.1645557,35.6743836,127.1645546,2
로얄장,여관업,전북특별자치도 정읍시 명륜길 11-15 (수성동),35.5698943,126.8503876,35.5698812,126.8503776,2
안모텔,여관업,전북특별자치도 김제시 동헌3길 9 (요촌동),35.7996641,126.8843655,35.7996563,126.8843817,2
리본호텔,여관업,전북특별자치도 익산시 익산대로4길 22 (인화동1가),35.9318696,126.9464051,35.9318845,126.9464014,2
큐피트,여관업,전북특별자치도 전주시 덕진구 산정3길 19-1 (산정동),35.8380425,127.1695072,35.8380385,127.1695253,2
모텔쿡,여관업,전북특별자치도 전주시 완산구 홍산북로 84-10 (효자동3가),35.8170663,127.1106720,35.8170795,127.1106812,2
영하우스,일반호텔,"전북특별자치도 전주시 완산구 팔달로 292-4, 1층,2층~3층 (서노송동)",35.8279401,127.1428936,35.8279552,127.1428943,2
시드니파크장여관,여관업,전북특별자치도 익산시 배산로6길 29 (모현동1가),35.9425078,126.9410357,35.9424934,126.9410416,2
(유) 드라이브 무인텔 탐스,여관업,전북특별자치도 김제시 벽성로 386 (서암동),35.8067611,126.8755041,35.8067497,126.8754918,2
엔브릿지호텔,숙박업 기타,"전북특별자치도 전주시 완산구 전주천서로 81, 1,2,3,4층 (동서학동)",35.8098987,127.1524164,35.8098844,127.1524110,2
잉꼬장여관,여관업,전북특별자치도 전주시 완산구 풍남문4길 26-28 (중앙동4가),35.8144201,127.1462445,35.8144070,127.1462355,2
몽블랑모텔,여관업,전북특별자치도 전주시 완산구 한두평2길 11 (중화산동2가),35.8137048,127.1241695,35.8137197,127.1241688,2
스테이 혜오(stay HYEO),일반호텔,"전북특별자치도 전주시 완산구 전라감영3길 8, 1, 2층 (중앙동4가)",35.8159786,127.1435102,35.8159722,127.1434938,2
국보장여관,여관업,전북특별자치도 전주시 덕진구 도당산2길 7-2 (우아동3가),35.8466150,127.1552901,35.8466030,127.1553008,2
수모텔,여관업,전북특별자치도 남원시 옥정5길 12-8 (향교동),35.4156938,127.3878773,35.4157075,127.3878709,2
말마니호스텔,숙박업(생활),전북특별자치도 전주시 완산구 현무1길 21-27 (경원동3가),35.8203156,127.1470916,35.8203266,127.1471034,2
바다가 보이는 펜션,여관업,전북특별자치도 부안군 변산면 궁항영상길 34,35.6061053,126.4680475,35.6060998,126.4680641,2
스테이 네슬(STAY NESL),여관업,전북특별자치도 전주시 완산구 풍남문2길 89-3 (전동3가),35.8129786,127.1445191,35.8129745,127.1445362,2
이츠호텔,여관업,전북특별자치도 전주시 덕진구 아중2길 18-6 (우아동2가),35.8297681,127.1736447,35.8297825,127.1736441,2
호텔야자 중화산점,일반호텔,전북특별자치도 전주시 완산구 한두평3길 5 (중화산동2가),35.8148944,127.1234973,35.8149040,127.1235104,2
호텔 삼례미술관,숙박업 기타,전북특별자치도 완주군 삼례읍 동학로 38-6,35.9111167,127.0752433,35.9111126,127.0752603,2
엠플러스모텔,여관업,전북특별자치도 익산시 목천로7길 6 (인화동1가),35.9298069,126.9508974,35.9297933,126.9508919,2
황금호텔,여관업,"전북특별자치도 전주시 덕진구 용산3길 25, 1-6층 (금암동)",35.8357961,127.1335970,35.8358100,127.1336008,2
엠에이치호텔 중화산3호점,여관업,전북특별자치도 전주시 완산구 한두평2길 13-5 (중화산동2가),35.8140044,127.1242261,35.8140183,127.1242218,2
호텔 MH,일반호텔,전북특별자치도 군산시 장미2길 10 (장미동),35.9878873,126.7173228,35.9878746,126.7173150,2
노이호텔,여관업,전북특별자치도 전주시 덕진구 아중4길 21 (우아동2가),35.8300408,127.1729789,35.8300268,127.1729824,2
호텔 1945,일반호텔,전북특별자치도 군산시 부곡4길 22-5 (나운동),35.9627047,126.6901644,35.9627188,126.6901615,2
인모텔,여관업,전북특별자치도 익산시 목천로1길 12-12 (인화동1가),35.9307758,126.9462161,35.9307619,126.9462125,2
레몬무인텔,여관업,전북특별자치도 군산시 서래내길 16 (경암동),35.9757942,126.7256865,35.9758079,126.7256815,2
모먼트,여관업,전북특별자치도 전주시 덕진구 가리내로 126 (덕진동1가),35.8361080,127.1227274,35.8361157,127.1227127,2
마루(A),여관업,전북특별자치도 부안군 변산면 노루목길 8-5,35.6632742,126.5104530,35.6632794,126.5104368,2
어반브라운 호텔,일반호텔,전북특별자치도 군산시 부곡1길 65 (나운동),35.9620130,126.6915380,35.9620107,126.6915208,2
힐링카운티 5동,숙박업(생활),전북특별자치도 고창군 고창읍 석정2로 207-41,35.4314696,126.7453511,35.4314813,126.7453414,2
힐링카운티 2동,숙박업(생활),전북특별자치도 고창군 고창읍 석정2로 207-47,35.4312293,126.7447631,35.4312400,126.7447519,2
힐링카운티 6동,숙박업(생활),전북특별자치도 고창군 고창읍 석정2로 207-39,35.4315505,126.7455487,35.4315589,126.7455348,2
씨에이호텔,일반호텔,"전북특별자치도 군산시 대학로 64, 3~7층 (명산동, 외 2필지)",35.9848297,126.7095908,35.9848322,126.7096077,2
힐링카운티 12동,숙박업(생활),전북특별자치도 고창군 고창읍 석정2로 207-40,35.4317820,126.7453440,35.4317714,126.7453548,2
뉴 쉬리모텔,여관업,전북특별자치도 익산시 익산대로2길 43 (인화동1가),35.9311354,126.9486913,35.9311489,126.9486888,2
힐링카운티 3동,숙박업(생활),전북특별자치도 고창군 고창읍 석정2로 207-45,35.4313094,126.7449591,35.4313209,126.7449503,2
수모텔,여관업,전북특별자치도 익산시 익산대로 57 (평화동),35.9319095,126.9435300,35.9319178,126.9435168,2
오성 여인숙,여인숙업,전북특별자치도 정읍시 연지시장1길 62-29 (연지동),35.5728551,126.8467162,35.5728510,126.8467004,1
뉴프린스관광모텔,여관업,전북특별자치도 정읍시 연지7길 9 (연지동),35.5739225,126.8441512,35.5739254,126.8441350,1
로케이션,숙박업 기타,"전북특별자치도 전주시 완산구 풍남문4길 25-6, 1층 (중앙동4가)",35.8146903,127.1450176,35.8146776,127.1450226,1
청하모텔,여관업,전북특별자치도 전주시 완산구 권삼득로 39 (서노송동),35.8257198,127.1482434,35.8257065,127.1482429,1
월출성여관,여관업,전북특별자치도 군산시 번영로 50-3 (경장동),35.9720626,126.7275917,35.9720578,126.7276070,1
홀인원무인텔,여관업,전북특별자치도 남원시 주천면 장백산로 156,35.4036620,127.4530805,35.4036514,127.4530903,1
힐링카운티 4동,숙박업(생활),전북특별자치도 고창군 고창읍 석정2로 207-43,35.4313895,126.7451551,35.4314005,126.7451459,1
대화탕여관,여관업,전북특별자치도 전주시 덕진구 권삼득로 103 (진북동),35.8298940,127.1435044,35.8299020,127.1435173,1
기린게스트하우스,숙박업(생활),전북특별자치도 전주시 완산구 현무3길 34 (중노송동),35.8215138,127.1512670,35.8215244,127.1512574,1
피아노,여관업,전북특별자치도 익산시 익산대로8길 5 (평화동),35.9363327,126.9463436,35.9363458,126.9463420,1
엑스(X)모텔,여관업,전북특별자치도 전주시 완산구 한두평4길 9 (중화산동2가),35.8157950,127.1241004,35.8158079,127.1241033,1
더 설,여관업,전북특별자치도 정읍시 중앙로 205 (상동),35.5633469,126.8601316,35.5633598,126.8601300,1
한성장여관,여관업,전북특별자치도 남원시 용성로 41-64 (동충동),35.4104686,127.3810762,35.4104793,127.3810674,1
전주인터내셔널하우스앤호스텔,여관업,전북특별자치도 전주시 덕진구 동부대로 694-8 (우아동3가),35.8507869,127.1607450,35.8507917,127.1607597,1
하루모텔,여관업,전북특별자치도 익산시 인북로1길 15 (인화동1가),35.9302485,126.9476667,35.9302610,126.9476705,1
W 모텔,여관업,전북특별자치도 정읍시 연지8길 4 (연지동),35.5724817,126.8448850,35.5724834,126.8448694,1
대명여관,여관업,전북특별자치도 전주시 완산구 풍남문4길 25-10 (중앙동4가),35.8148372,127.1449749,35.8148383,127.1449591,1
월드호텔,여관업,전북특별자치도 무주군 설천면 만선로 80,35.9060856,127.7553503,35.9060729,127.7553496,1
백년여관,여관업,전북특별자치도 전주시 완산구 전주천동로 172-16 (다가동2가),35.8131277,127.1421228,35.8131168,127.1421309,1
이본호텔,여관업,전북특별자치도 남원시 충정로 220-11 (도통동),35.4223262,127.3943737,35.4223382,127.3943788,1
스테이큐브505,여관업,전북특별자치도 전주시 덕진구 동부대로 700-17 (우아동3가),35.8515080,127.1604420,35.8515166,127.1604534,1
호텔 몽,일반호텔,전북특별자치도 군산시 비응안2길 12 (비응도동),35.9415713,126.5323185,35.9415750,126.5323039,1
우아장모텔,여관업,전북특별자치도 전주시 덕진구 도당산4길 8-15 (우아동3가),35.8476682,127.1582246,35.8476579,127.1582330,1
아이파크모텔,여관업,전북특별자치도 익산시 인북로4길 17 (인화동1가),35.9303552,126.9515687,35.9303447,126.9515606,1
B모텔,여관업,전북특별자치도 익산시 목천로1길 12-10 (인화동1가),35.9306331,126.9458626,35.9306224,126.9458550,1
덕유산뜰팬션,숙박업(생활),전북특별자치도 무주군 설천면 구천동1로 7,35.9054687,127.7799843,35.9054723,127.7799988,1
화산장모텔,여관업,전북특별자치도 전주시 완산구 한두평4길 11 (중화산동2가),35.8158002,127.1242370,35.8158125,127.1242368,1
필 무인텔,여관업,전북특별자치도 익산시 익산대로2길 14-4 (평화동),35.9317450,126.9451263,35.9317464,126.9451413,1
해림장여관,여관업,전북특별자치도 익산시 서동로 113-1 (마동),35.9348398,126.9637635,35.9348509,126.9637572,1
경북여인숙,여인숙업,전북특별자치도 부안군 부안읍 동중1길 9-7,35.7294172,126.7360846,35.7294130,126.7360704,1
그랜드파크,여관업,전북특별자치도 전주시 덕진구 도당산3길 7-4 (우아동3가),35.8470467,127.1565216,35.8470359,127.1565286,1
브라운도트덕진점,여관업,전북특별자치도 전주시 덕진구 기린대로 534 (덕진동2가),35.8460912,127.1210442,35.8461024,127.1210382,1
금암장여관,여관업,전북특별자치도 전주시 덕진구 용산3길 38 (금암동),35.8348955,127.1340964,35.8348838,127.1340929,1
동명장여관,여관업,전북특별자치도 무주군 안성면 안성로 300,35.8679155,127.6553121,35.8679192,127.6552979,1
월드모텔,여관업,전북특별자치도 전주시 덕진구 동부대로 700-11 (우아동3가),35.8513189,127.1602838,35.8513292,127.1602767,1
코자자모텔,여관업,전북특별자치도 전주시 덕진구 산정2길 18 (산정동),35.8378149,127.1690866,35.8378071,127.1690757,1
눈꽃여행,숙박업(생활),전북특별자치도 무주군 설천면 내배방길 22,35.9124793,127.7567497,35.9124756,127.7567635,1
그리스모텔,여관업,전북특별자치도 정읍시 수성2로 39-7 (수성동),35.5819568,126.8558739,35.5819628,126.8558615,1
신라,여관업,전북특별자치도 익산시 익산대로2길 17 (평화동),35.9318132,126.9458666,35.9318122,126.9458810,1
연안여인숙,여인숙업,전북특별자치도 익산시 익산대로 190-13 (창인동1가),35.9431278,126.9489732,35.9431381,126.9489796,1
어썸호텔,여관업,전북특별자치도 전주시 덕진구 용산1길 6-1 (금암동),35.8354420,127.1301930,35.8354392,127.1301791,1
피엔케이모텔,여관업,전북특별자치도 전주시 덕진구 도당산로 65-7 (우아동3가),35.8471397,127.1567858,35.8471294,127.1567922,1
호텔에펠탑,여관업,전북특별자치도 익산시 인북로4길 9 (인화동1가),35.9306048,126.9506967,35.9306106,126.9507090,1
호텔아라리,일반호텔,"전북특별자치도 전주시 덕진구 떡전5길 24, 2~10층 (금암동)",35.8377415,127.1306913,35.8377299,127.1306907,1
장미장여관,여관업,전북특별자치도 전주시 덕진구 안덕원로 106-10 (진북동),35.8292061,127.1421032,35.8292173,127.1421062,1
호텔리썸,숙박업 기타,"전북특별자치도 전주시 덕진구 용산1길 17-4, 1,2,3,4,5층 (금암동)",35.8350259,127.1314094,35.8350357,127.1314025,1
포도호텔,일반호텔,전북특별자치도 전주시 완산구 홍산북로 84-6 (효자동3가),35.8170673,127.1108832,35.8170704,127.1108966,1
모텔 별밤,여관업,전북특별자치도 익산시 인북로5길 7 (창인동1가),35.9418563,126.9535328,35.9418501,126.9535212,1
리빙모텔,여관업,전북특별자치도 군산시 경포천서길 53 (경암동),35.9786451,126.7258839,35.9786372,126.7258742,1
호텔 에이플러스,여관업,전북특별자치도 전주시 덕진구 동부대로 527 (산정동),35.8382508,127.1702070,35.8382455,127.1701949,1
골드스테이호텔,숙박업 기타,전북특별자치도 정읍시 서부로 51 (연지동),35.5725933,126.8467684,35.5725967,126.8467554,1
힐링카운티 11동,숙박업(생활),전북특별자치도 고창군 고창읍 석정2로 207-42,35.4317075,126.7451692,35.4316965,126.7451709,1
비하녹,여관업,전북특별자치도 전주시 완산구 풍남문4길 26-34 (중앙동4가),35.8143552,127.1459738,35.8143648,127.1459804,1
투썸,여관업,전북특별자치도 전주시 완산구 한두평2길 13-3 (중화산동2가),35.8138598,127.1242309,35.8138491,127.1242281,1
프린스모텔,여관업,전북특별자치도 전주시 완산구 한두평1길 9 (중화산동2가),35.8126431,127.1242031,35.8126322,127.1242028,1
경동장여관,여관업,전북특별자치도 전주시 덕진구 안덕원로 106-12 (진북동),35.8291632,127.1422390,35.8291740,127.1422390,1
자연장,여관업,"전북특별자치도 정읍시 청수5길 16, 2층 (시기동)",35.5640874,126.8533448,35.5640956,126.8533360,1
스테이태고당,숙박업(생활),"전북특별자치도 전주시 완산구 전라감영로 43, 1-2층 (중앙동4가)",35.8155605,127.1439896,35.8155710,127.1439922,1
동호여관,여관업,전북특별자치도 전주시 덕진구 용산3길 14 (금암동),35.8364273,127.1323982,35.8364194,127.1323892,1
서울모텔,여관업,전북특별자치도 무주군 무주읍 주계로 109-1,36.0067486,127.6621019,36.0067572,127.6620943,1
호텔메세지,일반호텔,전북특별자치도 전주시 완산구 홍산북로 72 (효자동3가),35.8172914,127.1097809,35.8172908,127.1097679,1
SOHO HOTEL,여관업,전북특별자치도 익산시 인북로4길 28 (인화동2가),35.9298498,126.9523661,35.9298395,126.9523688,1
에덴동산,숙박업 기타,전북특별자치도 완주군 경천면 오복대석길 102-13,36.0130166,127.2536788,36.0130201,127.2536910,1
스키광장,여관업,전북특별자치도 무주군 설천면 만선로 60,35.9078859,127.7550992,35.9078957,127.7551037,1
케이비(KB)호텔,여관업,전북특별자치도 전주시 완산구 대동로 65-3 (태평동),35.8228933,127.1428659,35.8228832,127.1428691,1
첼로모텔,여관업,전북특별자치도 익산시 인북로6길 34 (인화동2가),35.9300961,126.9531781,35.9300861,126.9531746,1
브라이튼,여관업,전북특별자치도 전주시 완산구 한두평2길 8-3 (중화산동2가),35.8132930,127.1239950,35.8132957,127.1239826,1
에이치에비뉴호텔전주터미널점별관,일반호텔,"전북특별자치도 전주시 덕진구 용산3길 8 (금암동, 번지외 1필지)",35.8366629,127.1319150,35.8366554,127.1319236,1
남일여관,여관업,전북특별자치도 익산시 익산대로 202-1 (창인동1가),35.9440960,126.9489614,35.9440921,126.9489731,1
캐슬모텔,여관업,전북특별자치도 전주시 완산구 효동2길 17-4 (효자동1가),35.8046622,127.1270053,35.8046706,127.1270124,1
예스모텔,여관업,전북특별자치도 군산시 가도안1길 61 (오식도동),35.9467007,126.5633702,35.9466913,126.5633746,1
미디어,여관업,전북특별자치도 익산시 목천로3길 18 (인화동1가),35.9314138,126.9481732,35.9314193,126.9481836,1
씨에프모텔,여관업,전북특별자치도 전주시 덕진구 아중4길 10-5 (우아동2가),35.8310775,127.1737113,35.8310704,127.1737201,1
뜰안채,여관업,전북특별자치도 전주시 완산구 어진길 90-10 (경원동2가),35.8173861,127.1497983,35.8173961,127.1497966,1
명품호텔,여관업,전북특별자치도 전주시 덕진구 우아1길 6 (우아동3가),35.8487283,127.1562759,35.8487367,127.1562693,1
힐튼모텔,여관업,전북특별자치도 전주시 덕진구 도당산4길 8-12 (우아동3가),35.8480298,127.1584760,35.8480391,127.1584716,1
행복한추억,숙박업(생활),전북특별자치도 전주시 완산구 문화광장로 25 (서노송동),35.8230405,127.1462981,35.8230497,127.1463026,1
호텔아지트,여관업,전북특별자치도 전주시 완산구 여울로 25 (서신동),35.8355990,127.1206832,35.8355894,127.1206800,1
비너스모텔,여관업,전북특별자치도 군산시 거석길 13 (명산동),35.9844742,126.7106154,35.9844736,126.7106032,1
메세지,여관업,전북특별자치도 익산시 목천로1길 24-11 (인화동1가),35.9311519,126.9469200,35.9311542,126.9469316,1
코리아에프앤씨 호스텔,숙박업(생활),"전북특별자치도 남원시 교룡로 58-22, 2층 (신정동)",35.4091738,127.3622772,35.4091707,127.3622884,1
전주테마스테이머묾,일반호텔,"전북특별자치도 전주시 완산구 현무2길 14-15, 1, 2층 (경원동3가)",35.8204375,127.1501247,35.8204471,127.1501253,1
너랑나랑콘도,여관업,전북특별자치도 무주군 설천면 내배방길 9-2,35.9110760,127.7568625,35.9110688,127.7568548,1
헤라드라이빙무인텔,여관업,전북특별자치도 군산시 백릉안5길 45 (경장동),35.9714916,126.7325484,35.9714837,126.7325549,1
나나장여관,여관업,전북특별자치도 전주시 완산구 서학로 11 (서서학동),35.8098732,127.1506456,35.8098637,127.1506452,1
비지스모텔,여관업,전북특별자치도 전주시 덕진구 팽나무4길 18 (인후동1가),35.8349517,127.1543807,35.8349577,127.1543718,1
전주여관,여관업,전북특별자치도 익산시 익산대로 106-4 (평화동),35.9356818,126.9458359,35.9356733,126.9458407,1
G7 익산점,여관업,전북특별자치도 익산시 목천로1길 22 (인화동1가),35.9310371,126.9457275,35.9310305,126.9457356,1
호텔어반스테이,여관업,전북특별자치도 전주시 덕진구 정언신로 170 (우아동2가),35.8312115,127.1720512,35.8312204,127.1720545,1
타임모텔,여관업,전북특별자치도 전주시 덕진구 용산1길 11 (금암동),35.8354385,127.1305732,35.8354477,127.1305718,1
가온텔,여관업,전북특별자치도 전주시 덕진구 용산1길 6 (금암동),35.8356275,127.1300319,35.8356267,127.1300207,1
미류,숙박업(생활),"전북특별자치도 전주시 완산구 전주객사2길 45-6, 2층 (다가동4가)",35.8188285,127.1401245,35.8188198,127.1401212,1
광명여인숙,여인숙업,전북특별자치도 정읍시 연지시장1길 37 (연지동),35.5742878,126.8463842,35.5742944,126.8463765,1
살구스테이,일반호텔,"전북특별자치도 전주시 완산구 한지길 9-4, 2-3층 (남노송동)",35.8196513,127.1534008,35.8196536,127.1534116,1
쉐르빌모텔,여관업,전북특별자치도 전주시 덕진구 아중4길 9 (우아동2가),35.8304946,127.1743066,35.8304983,127.1743168,1
엠에이치호텔금암터미널점4호점,여관업,전북특별자치도 전주시 덕진구 용산1길 6-3 (금암동),35.8352909,127.1300357,35.8352938,127.1300251,1
무인텔 나비,여관업,전북특별자치도 부안군 변산면 격포로 54-30,35.6341098,126.4779436,35.6341096,126.4779326,1
커브호텔B,일반호텔,전북특별자치도 익산시 인북로1길 39 (인화동1가),35.9299781,126.9453683,35.9299781,126.9453573,1
두바이모텔,일반호텔,전북특별자치도 전주시 덕진구 아중4길 19 (우아동2가),35.8300784,127.1731695,35.8300739,127.1731788,1
엘스테이,여관업,전북특별자치도 익산시 목천로1길 24-28 (인화동1가),35.9304079,126.9486985,35.9303996,126.9486946,1
라비치호텔,일반호텔,전북특별자치도 군산시 비응남로 36 (비응도동),35.9383240,126.5266221,35.9383173,126.5266291,1
모란장여관,여관업,전북특별자치도 익산시 중앙로 5-13 (중앙동1가),35.9403401,126.9478381,35.9403314,126.9478372,1
위너호텔,여관업,전북특별자치도 전주시 덕진구 아중4길 20 (우아동2가),35.8303751,127.1730141,35.8303837,127.1730121,1
스타장,여관업,전북특별자치도 군산시 조촌안5길 54 (경장동),35.9709911,126.7338185,35.9709831,126.7338139,1
황금여인숙,숙박업 기타,"전북특별자치도 전주시 완산구 풍남문5길 15, 1-3층 (다가동2가)",35.8135446,127.1422670,35.8135365,127.1422634,1
홍콩모텔,여관업,"전북특별자치도 전주시 덕진구 산정3길 27 (산정동,3,4층)",35.8387944,127.1690940,35.8387878,127.1690872,1
한솔파크모텔별관,여관업,전북특별자치도 전주시 덕진구 덕진연못3길 9-9 (덕진동2가),35.8473900,127.1195740,35.8473940,127.1195646,1
뉴알프스관광모텔,여관업,전북특별자치도 정읍시 수성2로 27-4 (수성동),35.5821786,126.8548600,35.5821701,126.8548600,1
월드컵여관,여관업,전북특별자치도 군산시 서래내길 48 (경암동),35.9786413,126.7254402,35.9786377,126.7254307,1
윈호텔,일반호텔,전북특별자치도 남원시 충정로 220-4 (도통동),35.4226269,127.3936659,35.4226253,127.3936558,1
월궁장여관,여관업,전북특별자치도 전주시 덕진구 도당산2길 5 (우아동3가),35.8468137,127.1550491,35.8468172,127.1550397,1
티에스(TS)모텔,여관업,전북특별자치도 장수군 장계면 장계1길 18-3,35.7288308,127.5819481,35.7288259,127.5819564,1
콩쥐팥쥐 관광한옥리조트,숙박업(생활),전북특별자치도 완주군 이서면 신지앵곡길 237-1,35.8031602,127.0311501,35.8031531,127.0311450,1
그린빌모텔,여관업,전북특별자치도 남원시 광한북로 110 (동충동),35.4120554,127.3823191,35.4120632,127.3823220,1
라스베가스모텔,여관업,전북특별자치도 전주시 덕진구 아중4길 24-7 (우아동2가),35.8307787,127.1722769,35.8307708,127.1722795,1
소호호텔 플러스,숙박업 기타,전북특별자치도 익산시 인북로4길 28-1 (인화동2가),35.9298035,126.9525280,35.9297972,126.9525342,1
힐링카운티 8동,숙박업(생활),전북특별자치도 고창군 고창읍 석정2로 207-48,35.4314961,126.7446462,35.4314918,126.7446545,1
낭만시대,숙박업 기타,"전북특별자치도 전주시 완산구 동문길 102, 2층 (경원동1가)",35.8180931,127.1483951,35.8181011,127.1483952,1
그곳에가면모텔,여관업,전북특별자치도 익산시 익산대로2길 13 (평화동),35.9319933,126.9454837,35.9320011,126.9454826,1
담양여인숙,여인숙업,"전북특별자치도 남원시 광한서로 82-1 (하정동,(1층))",35.4086310,127.3784720,35.4086334,127.3784811,1
원앙파크장,여관업,전북특별자치도 정읍시 서성길 8-8 (수성동),35.5703515,126.8504491,35.5703553,126.8504408,1
해변여관,여관업,전북특별자치도 군산시 군산창2길 1 (금동),35.9920677,126.7076937,35.9920745,126.7076981,1
짬,여관업,전북특별자치도 전주시 덕진구 동부대로 523 (산정동),35.8378412,127.1706244,35.8378477,127.1706294,1
모텔돼지꿈,여관업,전북특별자치도 군산시 부원로 30 (나운동),35.9616373,126.6885562,35.9616414,126.6885641,1
감영루,여관업,전북특별자치도 전주시 완산구 풍남문4길 26-42 (중앙동4가),35.8146916,127.1459021,35.8146888,127.1459108,1
코코빌,숙박업(생활),전북특별자치도 전주시 덕진구 명륜4길 11-12 (덕진동1가),35.8433890,127.1259624,35.8433958,127.1259583,1
웰빙모텔,여관업,전북특별자치도 익산시 중앙로7길 52 (남중동),35.9429666,126.9535394,35.9429738,126.9535423,1
오가호텔(OGA HOTEL) 신관,여관업,전북특별자치도 전주시 완산구 한두평1길 12 (중화산동2가),35.8123147,127.1242602,35.8123215,127.1242561,1
남원여인숙,여인숙업,전북특별자치도 군산시 대명2길 6-1 (대명동),35.9806923,126.7196824,35.9806899,126.7196735,1
나라모텔,여관업,전북특별자치도 전주시 덕진구 가리내로 37 (금암동),35.8338930,127.1321265,35.8338996,127.1321220,1
제일호스텔,여관업,전북특별자치도 전주시 덕진구 용산2길 18-6 (금암동),35.8355118,127.1314437,35.8355159,127.1314515,1
호텔나운,여관업,전북특별자치도 군산시 현충로 84 (나운동),35.9627252,126.6894097,35.9627212,126.6894175,1
동부장여관,여관업,전북특별자치도 전주시 덕진구 건산1길 7-14 (진북동),35.8312231,127.1414012,35.8312178,127.1414076,1
전주단아호텔,일반호텔,전북특별자치도 전주시 덕진구 아중4길 14-11 (우아동2가),35.8313245,127.1729589,35.8313172,127.1729577,1
예그리나,여관업,전북특별자치도 익산시 인북로6길 52 (인화동2가),35.9295813,126.9552142,35.9295879,126.9552181,1
모텔센트,여관업,전북특별자치도 전주시 덕진구 동부대로 673-6 (우아동3가),35.8486207,127.1601615,35.8486144,127.1601661,1
스테이동백,숙박업(생활),"전북특별자치도 전주시 완산구 전주객사2길 28-9, 2-3층 (고사동)",35.8182939,127.1412273,35.8183009,127.1412292,1
샤인모텔,여관업,전북특별자치도 전주시 덕진구 명륜5길 10-1 (덕진동1가),35.8435014,127.1257353,35.8434951,127.1257310,1
경원장여관,여관업,전북특별자치도 전주시 완산구 경기전길 8-5 (경원동2가),35.8190380,127.1495878,35.8190350,127.1495957,1
미도여관,여인숙업,전북특별자치도 익산시 익산대로20길 1-1 (창인동1가),35.9427739,126.9485189,35.9427672,126.9485161,1
이(E) 모텔,여관업,전북특별자치도 김제시 금구면 구성길 736,35.7576585,127.0025709,35.7576525,127.0025754,1
써밋스테이호텔,여관업,전북특별자치도 전주시 덕진구 산정3길 2 (산정동),35.8372363,127.1708796,35.8372338,127.1708877,1
천국모텔,여관업,전북특별자치도 전주시 완산구 한두평3길 9 (중화산동2가),35.8148955,127.1239353,35.8149004,127.1239294,1
노송맨숀,숙박업(생활),"전북특별자치도 전주시 완산구 마당재2길 17-9, 1-2층 (남노송동)",35.8205907,127.1606064,35.8205902,127.1605980,1
까사텔전주한옥마을점,여관업,전북특별자치도 전주시 덕진구 아중4길 6-1 (우아동2가),35.8309591,127.1742423,35.8309547,127.1742359,1
엘유(Lu) 호텔,일반호텔,전북특별자치도 군산시 비응남1길 15 (비응도동),35.9378464,126.5266808,35.9378465,126.5266725,1
박스호텔,여관업,전북특별자치도 전주시 덕진구 아중4길 20-5 (우아동2가),35.8308621,127.1727603,35.8308585,127.1727535,1
월성여인숙,여인숙업,전북특별자치도 군산시 대명2길 7 (중앙로3가),35.9807941,126.7193063,35.9807895,126.7193121,1
스테이온,여관업,전북특별자치도 익산시 익산대로4길 36 (인화동1가),35.9314957,126.9478437,35.9315012,126.9478394,1
유성장 모텔,여관업,전북특별자치도 익산시 서동로 105 (마동),35.9344324,126.9628415,35.9344312,126.9628335,1
에덴파크,여관업,전북특별자치도 전주시 덕진구 도당산4길 26-4 (우아동3가),35.8475932,127.1585136,35.8475976,127.1585193,1
전주한옥태조궁호텔,일반호텔,전북특별자치도 전주시 완산구 전라감영로 40 (중앙동4가),35.8151448,127.1434892,35.8151508,127.1434913,1
삼학호스텔,숙박업(생활),"전북특별자치도 군산시 삼학5길 19, 영화위생사 (삼학동)",35.9774791,126.7139051,35.9774734,126.7139018,1
미원별장,숙박업(생활),전북특별자치도 군산시 미원로 113 (미원동),35.9799864,126.7168441,35.9799921,126.7168409,1
우성여관,여관업,전북특별자치도 전주시 덕진구 기린대로 361-7 (금암동),35.8350496,127.1346486,35.8350452,127.1346542,1
초코모텔,여관업,전북특별자치도 익산시 목천로7길 24-1 (인화동2가),35.9291899,126.9530478,35.9291942,126.9530422,1
올레무인텔,여관업,"전북특별자치도 익산시 인북로4길 41, 2~5층 (인화동2가)",35.9297375,126.9537939,35.9297399,126.9538010,1
월명하다,숙박업(생활),"전북특별자치도 군산시 월명로 352, 2,3층 (서흥남동)",35.9754328,126.7158040,35.9754312,126.7157965,1
카카오 무인텔,여관업,전북특별자치도 익산시 삼기면 산단도마4길 66,36.0389948,126.9854804,36.0389888,126.9854824,1
루(LU),여관업,전북특별자치도 익산시 목천로1길 24-31 (인화동1가),35.9305881,126.9489470,35.9305889,126.9489546,1
전남여관,여관업,전북특별자치도 익산시 익산대로20길 8-1 (창인동1가),35.9424351,126.9489414,35.9424292,126.9489435,1
거북이여인숙,여인숙업,전북특별자치도 정읍시 연지시장1길 27 (연지동),35.5746099,126.8459851,35.5746044,126.8459883,1
에꼬빌(민들레동),숙박업(생활),전북특별자치도 무주군 설천면 구천동로 954-15,35.9072946,127.7711689,35.9072941,127.7711614,1
하얀모텔,여관업,전북특별자치도 전주시 덕진구 안덕원로 106-8 (진북동),35.8292609,127.1419736,35.8292636,127.1419802,1
k1무인텔,여관업,전북특별자치도 익산시 목천로1길 21 (평화동),35.9312118,126.9454439,35.9312085,126.9454501,1
케이모텔,여관업,전북특별자치도 전주시 완산구 한두평1길 10 (중화산동2가),35.8123871,127.1240177,35.8123867,127.1240104,1
인트로모텔 익산점,여관업,"전북특별자치도 익산시 목천로1길 24-14, 인트로모텔 (인화동1가)",35.9308675,126.9470903,35.9308704,126.9470839,1
서재호텔,여관업,전북특별자치도 익산시 인북로2길 49-1 (인화동2가),35.9285805,126.9545156,35.9285860,126.9545129,1
찜 모텔,여관업,전북특별자치도 익산시 인북로4길 49 (인화동2가),35.9294409,126.9548725,35.9294449,126.9548673,1
서향집,숙박업(생활),"전북특별자치도 군산시 대학로 13, 2층 (영화동)",35.9883316,126.7127525,35.9883272,126.7127478,1
알프스모텔,여관업,전북특별자치도 전주시 완산구 한두평1길 13-5 (중화산동2가),35.8129539,127.1242665,35.8129483,127.1242663,1
서림장여관,여관업,전북특별자치도 익산시 인북로6길 16 (인화동1가),35.9305729,126.9513666,35.9305721,126.9513598,1
현대여인숙,여인숙업,전북특별자치도 남원시 향단로 95-15 (동충동),35.4118056,127.3822696,35.4118112,127.3822695,1
차칸호텔,일반호텔,전북특별자치도 군산시 소룡1길 58 (소룡동),35.9731178,126.6770694,35.9731231,126.6770673,1
OK 모텔,여관업,"전북특별자치도 익산시 인북로2길 49, OK 모텔 (인화동2가)",35.9286150,126.9543948,35.9286203,126.9543928,1
자요게스트하우스,숙박업 기타,전북특별자치도 전주시 완산구 현무3길 10-1 (경원동3가),35.8205411,127.1517692,35.8205356,127.1517695,1
레이지빌라,일반호텔,"전북특별자치도 전주시 완산구 전주객사2길 28-7, 2층~3층 (고사동)",35.8182118,127.1412755,35.8182105,127.1412690,1
만월장여인숙,여인숙업,전북특별자치도 군산시 장재길 6 (장재동),35.9793785,126.7197418,35.9793838,126.7197429,1
라온,여관업,전북특별자치도 전주시 덕진구 권삼득로 107 (진북동),35.8301494,127.1431467,35.8301545,127.1431487,1
천일여인숙,여인숙업,전북특별자치도 익산시 익산대로 133 (창인동2가),35.9382868,126.9462891,35.9382909,126.9462848,1
스위스모텔,여관업,전북특별자치도 전주시 덕진구 우아2길 21 (우아동3가),35.8495995,127.1587395,35.8496044,127.1587421,1
윤슬로풀엔스파,숙박업(생활),"전북특별자치도 군산시 옥도면 장자도2길 59, 3,4층",35.8153027,126.3965383,35.8153012,126.3965321,1
파라오모텔,여관업,전북특별자치도 익산시 배산로6길 22 (송학동),35.9425227,126.9400367,35.9425277,126.9400383,1
이사벨모텔,여관업,전북특별자치도 전주시 덕진구 산정3길 23-4 (산정동),35.8386072,127.1690984,35.8386116,127.1691018,1
폭스 모텔,여관업,전북특별자치도 군산시 소룡1길 60 (소룡동),35.9732533,126.6772453,35.9732501,126.6772403,1
인트로모텔,여관업,전북특별자치도 군산시 조촌안5길 50 (경장동),35.9713018,126.7337873,35.9713059,126.7337833,1
황제모텔,여관업,전북특별자치도 전주시 덕진구 우아2길 8 (우아동3가),35.8489725,127.1577631,35.8489765,127.1577671,1
첫마중모텔,여관업,전북특별자치도 전주시 덕진구 도당산로 68 (우아동3가),35.8477185,127.1576049,35.8477236,127.1576050,1
호텔고요,여관업,전북특별자치도 전주시 덕진구 우아2길 2 (우아동3가),35.8487999,127.1572749,35.8487967,127.1572796,1
커브호텔A,일반호텔,전북특별자치도 익산시 인북로1길 41 (인화동1가),35.9298932,126.9451677,35.9298955,126.9451624,1
호텔 투데이,여관업,전북특별자치도 익산시 배산로6길 17 (모현동1가),35.9429207,126.9399122,35.9429253,126.9399103,1
서동모텔,여관업,전북특별자치도 익산시 중앙로1길 46-3 (남중동),35.9438580,126.9496933,35.9438543,126.9496972,1
스크린모텔,여관업,"전북특별자치도 전주시 완산구 전주객사3길 74-44 (고사동,,368-6)",35.8205897,127.1425823,35.8205939,127.1425796,1
만월파크모텔,여관업,전북특별자치도 정읍시 서성길 14-5 (수성동),35.5697976,126.8512747,35.5697994,126.8512800,1
스테이(C),숙박업 기타,전북특별자치도 남원시 산내면 천왕봉로 530,35.4303582,127.6164279,35.4303536,127.6164275,1
칸호텔,여관업,전북특별자치도 전주시 덕진구 산정2길 24-3 (산정동),35.8384798,127.1688164,35.8384755,127.1688188,1
G7 레드,여관업,전북특별자치도 익산시 목천로1길 24 (인화동1가),35.9311974,126.9458585,35.9311969,126.9458641,1
명동장,여관업,전북특별자치도 정읍시 중앙2길 28 (수성동),35.5675379,126.8535750,35.5675361,126.8535802,1
삼성여인숙,여인숙업,전북특별자치도 군산시 대명2길 6 (대명동),35.9804881,126.7195819,35.9804871,126.7195764,1
호텔모아,일반호텔,전북특별자치도 전주시 완산구 홍산북로 80 (효자동3가),35.8172919,127.1104679,35.8172876,127.1104660,1
아모르,여관업,전북특별자치도 전주시 덕진구 팽나무4길 22-2 (인후동1가),35.8348167,127.1542532,35.8348140,127.1542487,1
에비뉴호텔,여관업,전북특별자치도 전주시 덕진구 산정2길 12-16 (산정동),35.8375463,127.1699552,35.8375439,127.1699599,1
수호텔,여관업,전북특별자치도 전주시 덕진구 아중4길 20-4 (우아동2가),35.8306937,127.1731593,35.8306974,127.1731561,1
무인텔허니,여관업,전북특별자치도 전주시 덕진구 용산2길 12-4 (금암동),35.8357210,127.1310551,35.8357192,127.1310601,0
(유)성일기획  메르시호텔,여관업,전북특별자치도 익산시 익산대로4길 32 (인화동1가),35.9315541,126.9476093,35.9315559,126.9476044,0
"전주봄,하루",여관업,전북특별자치도 전주시 완산구 풍남문3길 9-16 (전동),35.8141679,127.1466945,35.8141715,127.1466976,0
호텔 봄,일반호텔,전북특별자치도 군산시 부곡3길 6 (나운동),35.9616255,126.6890272,35.9616292,126.6890301,0
마리호텔,일반호텔,전북특별자치도 군산시 부곡3길 4 (나운동),35.9617697,126.6887486,35.9617654,126.6887482,0
가와모텔,여관업,전북특별자치도 전주시 덕진구 동부대로 694-9 (우아동3가),35.8508868,127.1604280,35.8508897,127.1604318,0
서수여인숙,여인숙업,"전북특별자치도 군산시 대명3길 7-6, 서수여인숙 (대명동)",35.9805450,126.7203712,35.9805491,126.7203723,0
황금모텔,여관업,전북특별자치도 김제시 동서4길 5 (요촌동),35.7974259,126.8838419,35.7974294,126.8838448,0
카누,여관업,전북특별자치도 전주시 덕진구 산정2길 12-7 (산정동),35.8377852,127.1693675,35.8377892,127.1693684,0
메이7 호텔,여관업,전북특별자치도 익산시 인북로4길 50 (인화동2가),35.9290844,126.9547071,35.9290882,126.9547058,0
전주우아동한옥호텔,여관업,전북특별자치도 전주시 덕진구 아중4길 13 (우아동2가),35.8303427,127.1738926,35.8303391,127.1738947,0
전주한옥마을웨이,숙박업 기타,전북특별자치도 전주시 완산구 은행로 16 (풍남동1가),35.8184913,127.1516916,35.8184878,127.1516940,0
수피아텔,여관업,전북특별자치도 전주시 덕진구 도당산3길 11 (우아동3가),35.8467872,127.1564873,35.8467868,127.1564920,0
비바체 모텔,여관업,전북특별자치도 익산시 인북로6길 54 (인화동2가),35.9295023,126.9555156,35.9295008,126.9555198,0
그날을담다,숙박업 기타,전북특별자치도 전주시 완산구 다가동2가 80-4 1층,35.8138960,127.1413357,35.8138984,127.1413392,0
수윤장,여관업,전북특별자치도 부안군 줄포면 줄포길 3,35.5884775,126.6763871,35.5884747,126.6763897,0
동행,여관업,"전북특별자치도 군산시 대학로 11-1, 2, 3층 (영화동)",35.9884241,126.7128242,35.9884260,126.7128205,0
홍시여인숙,여인숙업,전북특별자치도 남원시 향단로 100 (동충동),35.4122164,127.3829082,35.4122189,127.3829052,0
썸모텔,여관업,전북특별자치도 전주시 완산구 전주천동로 172-22 (다가동2가),35.8134493,127.1421470,35.8134460,127.1421459,0
윈모텔,여관업,전북특별자치도 전주시 덕진구 명륜5길 12 (덕진동1가),35.8436793,127.1256666,35.8436825,127.1256650,0
호텔원,일반호텔,"전북특별자치도 완주군 이서면 오공로 21-13, 4,5,6층",35.8369575,127.0577150,35.8369607,127.0577166,0
라온텔,여관업,전북특별자치도 전주시 덕진구 반촌1길 8-12 (진북동),35.8297826,127.1429077,35.8297838,127.1429038,0
전주를그리다,숙박업 기타,"전북특별자치도 전주시 완산구 어진길 122-6, 2층3층 (경원동1가)",35.8168373,127.1480906,35.8168387,127.1480868,0
평화여인숙,여인숙업,전북특별자치도 전주시 완산구 문화광장로 27 (서노송동),35.8231475,127.1465259,35.8231501,127.1465233,0
금화장여관,여관업,전북특별자치도 전주시 덕진구 건산1길 4 (진북동),35.8306337,127.1416456,35.8306370,127.1416448,0
알파모텔,여관업,전북특별자치도 전주시 덕진구 명륜5길 11 (덕진동1가),35.8437993,127.1254454,35.8437978,127.1254489,0
바른숙박,여관업,전북특별자치도 전주시 덕진구 산정1길 32 (산정동),35.8386783,127.1677516,35.8386809,127.1677494,0
달빛소리모텔,숙박업 기타,전북특별자치도 전주시 덕진구 산정2길 12-21 (산정동),35.8378360,127.1696972,35.8378353,127.1697009,0
아늑료칸호텔전주점,여관업,전북특별자치도 전주시 덕진구 용산2길 17 (금암동),35.8355087,127.1320694,35.8355063,127.1320674,0
순천여인숙,여인숙업,전북특별자치도 익산시 익산대로 170 (창인동1가),35.9412220,126.9479075,35.9412239,126.9479048,0
k2무인텔,여관업,전북특별자치도 익산시 목천로1길 23 (평화동),35.9313688,126.9455700,35.9313668,126.9455727,0
레드모텔,여관업,전북특별자치도 전주시 덕진구 아중4길 20-2 (우아동2가),35.8305546,127.1732319,35.8305572,127.1732305,0
발리모텔,여관업,전북특별자치도 전주시 덕진구 권삼득로 381 (덕진동1가),35.8465928,127.1213825,35.8465949,127.1213848,0
메종드온유호텔전주한옥마을점,일반호텔,전북특별자치도 전주시 덕진구 아중4길 9-3 (우아동2가),35.8303356,127.1743878,35.8303358,127.1743913,0
호텔루나,일반호텔,전북특별자치도 전주시 덕진구 아중4길 14-7 (우아동2가),35.8308652,127.1732864,35.8308679,127.1732863,0
블랙스톤,여관업,전북특별자치도 전주시 덕진구 도당산4길 58 (우아동3가),35.8464061,127.1553916,35.8464045,127.1553944,0
아미스(AMIS),여관업,전북특별자치도 익산시 서동로 95 (마동),35.9340308,126.9619340,35.9340316,126.9619372,0
달빛스테이,여관업,전북특별자치도 전주시 덕진구 반촌1길 8-14 (진북동),35.8296961,127.1430198,35.8296945,127.1430173,0
백제모텔,여관업,전북특별자치도 전주시 덕진구 장재안길 10-4 (우아동3가),35.8515450,127.1601645,35.8515452,127.1601615,0
호텔COCO,여관업,전북특별자치도 군산시 조촌2길 59 (경장동),35.9721018,126.7344622,35.9721021,126.7344653,0
그랜드장여관,여관업,전북특별자치도 익산시 인북로5길 9 (창인동1가),35.9419529,126.9534015,35.9419547,126.9534034,0
엘리스 호텔,일반호텔,전북특별자치도 군산시 가도안1길 19 (오식도동),35.9460263,126.5588330,35.9460241,126.5588318,0
채석리조텔오크빌,여관업,전북특별자치도 부안군 변산면 격포로 196,35.6245413,126.4722929,35.6245433,126.4722914,0
플라워,숙박업 기타,"전북특별자치도 전주시 완산구 풍남문5길 16-3, 1층,2층 (다가동1가)",35.8139128,127.1424532,35.8139107,127.1424541,0
명신여인숙,여인숙업,전북특별자치도 부안군 부안읍 동중1길 9,35.7293138,126.7357261,35.7293142,126.7357288,0
애플모텔,숙박업 기타,전북특별자치도 전주시 완산구 홍산북로 50 (효자동3가),35.8172950,127.1073434,35.8172957,127.1073460,0
모텔프로방스,여관업,전북특별자치도 군산시 가도2길 9 (오식도동),35.9472388,126.5696507,35.9472406,126.5696522,0
더클래식바이호텔원,일반호텔,전북특별자치도 완주군 이서면 오공로 21-19,35.8374802,127.0577155,35.8374789,127.0577175,0
삼호모텔,여관업,전북특별자치도 전주시 완산구 전주객사3길 11-5 (중앙동1가),35.8176025,127.1422295,35.8176008,127.1422280,0
엘림호텔,일반호텔,"전북특별자치도 전주시 완산구 한두평3길 7-4, 1-4층 (중화산동2가)",35.8150243,127.1239290,35.8150250,127.1239267,0
모텔팝,여관업,전북특별자치도 전주시 완산구 홍산북로 74 (효자동3가),35.8172923,127.1100943,35.8172907,127.1100957,0
카리브모텔,여관업,전북특별자치도 완주군 봉동읍 과학로 995-4,35.9580875,127.1250539,35.9580867,127.1250560,0
달팽이의하루,숙박업 기타,"전북특별자치도 전주시 완산구 풍남문4길 26-6, 2층~4층 (중앙동4가)",35.8146499,127.1457311,35.8146509,127.1457292,0
리틀프린스 레지던스,숙박업(생활),"전북특별자치도 군산시 새만금북로 201, 3~9층 (오식도동)",35.9456307,126.5584196,35.9456289,126.5584196,0
휴,여관업,전북특별자치도 전주시 덕진구 기린대로 400-15 (금암동),35.8386716,127.1318894,35.8386703,127.1318909,0
아리랑호텔,여관업,전북특별자치도 전주시 덕진구 용산2길 17-6 (금암동),35.8357728,127.1324453,35.8357723,127.1324473,0
KL 호텔,여관업,전북특별자치도 익산시 삼기면 산단도마4길 60,36.0393876,126.9860262,36.0393889,126.9860251,0
인트로호텔,여관업,전북특별자치도 전주시 완산구 한두평1길 11 (중화산동2가),35.8126390,127.1243677,35.8126401,127.1243664,0
심쿵플레이스,일반호텔,"전북특별자치도 전주시 완산구 간납로 25, 2,3층 (남노송동)",35.8171444,127.1574323,35.8171449,127.1574306,0
삼화여인숙,여인숙업,전북특별자치도 남원시 숲정이2길 14 (죽항동),35.4092863,127.3883216,35.4092862,127.3883234,0
맨하탄장여관,여관업,전북특별자치도 전주시 덕진구 도당산3길 8-2 (우아동3가),35.8470995,127.1558572,35.8470997,127.1558588,0
베니스모텔,여관업,전북특별자치도 전주시 덕진구 산정1길 24 (산정동),35.8382556,127.1678981,35.8382545,127.1678975,0
엑스오모텔,여관업,전북특별자치도 전주시 덕진구 용산1길 17-1 (금암동),35.8352119,127.1311048,35.8352118,127.1311060,0
노블펜션,숙박업(생활),전북특별자치도 무주군 설천면 구천동로 1083-15,35.9095908,127.7587135,35.9095907,127.7587123,0
도당하우스,숙박업(생활),전북특별자치도 전주시 덕진구 팔달로 340-17 (진북동),35.8316831,127.1388141,35.8316828,127.1388131,0
인정여인숙,여인숙업,전북특별자치도 부안군 부안읍 동중1길 9-5,35.7293659,126.7359343,35.7293657,126.7359349,0
천금텔,여관업,"전북특별자치도 전주시 덕진구 용산2길 22-8, 천금여관 (금암동)",35.8349279,127.1316130,35.8349276,127.1316126,0
